solicitud_id,laboratorio_id,fecha_reserva,hora_inicio,hora_fin,numero_participantes,estado
0949f2e8-7db9-5b65-9843-c644ee62b576,aad269e7-97f7-5e2d-9c43-cf84b49bd847,2024-08-07,09:00:00,11:00:00,30,APROBADA
76c7140d-1bc5-5be7-bb16-124024d065f3,6903b35b-c2a6-5770-98e5-743c2bc06b45,2024-07-10,10:00:00,11:00:00,26,APROBADA
e4c65c26-d440-5545-8ba0-8e60ac268752,c1489a8f-1dff-511e-b025-5a10261901d7,2024-11-03,08:00:00,10:00:00,27,APROBADA
901f78d0-03b9-5e4e-bfd8-9783a122e01f,1dee66e3-0076-5033-8ba0-70dd67e8aea0,2025-02-03,09:00:00,10:30:00,40,APROBADA
d498508c-6364-5ec4-940b-6c69b2f90ae0,706ea773-fd09-5587-a465-302616f9d571,2025-01-29,15:30:00,17:30:00,26,APROBADA
fba8cadd-521f-5094-880e-22f28379c158,23c254ed-4635-5cec-baa9-656efa7fd130,2024-12-12,10:00:00,11:00:00,31,APROBADA
fdd86e29-0dc7-55e6-8bf6-6002a5f7f902,e5da4cff-29aa-5f05-8532-70f093603e74,2025-04-09,12:30:00,14:30:00,32,APROBADA
4b32e42a-062e-5eaf-9bb2-cbaebf8193df,45b00d8f-2f79-52ba-8b17-e7d6ee0b476f,2024-08-04,13:00:00,15:00:00,26,APROBADA
d68e748b-093c-51d4-91a2-90f10557862c,2574a671-d58d-5db3-8c9f-2518d8a8d790,2024-09-27,09:30:00,12:30:00,28,APROBADA
44114e96-da18-5ddf-8319-a4181fb26f22,7d424b25-0f98-5f10-b2a8-ed9ddcd33e7a,2025-06-11,09:00:00,10:00:00,25,APROBADA
2e8345d7-4486-5694-888d-9b85bfef57ea,7bcb3d0c-2500-5f01-abe8-d24e962af50e,2024-11-12,18:00:00,20:00:00,28,APROBADA
30ad01cd-0ca9-5de7-95bd-f91cfa74cc66,0880d439-8834-59c1-bfce-e7f3da722b3f,2025-06-14,11:30:00,13:30:00,34,APROBADA
9dd24b7a-45a3-5be2-9373-f41f1fd9d0eb,d76d770e-14c2-5fea-bf8b-28f95250e124,2025-05-09,14:30:00,15:30:00,30,APROBADA
37f9ff2b-92ad-5f07-9ca5-52be62a75eb9,ef815f08-b586-5f03-964a-a08004eaebf3,2025-04-13,14:00:00,17:00:00,27,APROBADA
ca92be9c-8c31-535f-8995-5cdcf1bd233d,1a0b71d7-4721-5998-bd82-de26b25b5771,2025-02-27,11:00:00,13:00:00,34,APROBADA
4909043d-cb83-5a07-a982-a26059face9b,23c254ed-4635-5cec-baa9-656efa7fd130,2025-04-18,09:30:00,11:00:00,30,APROBADA
98f46517-7838-52a2-b6c8-39f6179cac3c,6d481120-dab0-50c8-8f1b-33cf911e9573,2025-04-13,12:30:00,15:30:00,29,APROBADA
08c456ea-9cfb-5bab-8a3b-4004b983c172,f5e43a2a-032c-562e-837a-ff3c72abffb4,2024-07-04,11:00:00,12:30:00,28,APROBADA
668823e7-0e9a-5745-ba0b-481b604ec90c,e5da4cff-29aa-5f05-8532-70f093603e74,2025-05-13,14:30:00,16:00:00,25,APROBADA
0c98e2c2-ede1-5a0a-8fb6-a2380e9d77c7,d7ce39c6-be5b-537a-ae81-d449a1710ff2,2024-12-09,15:00:00,16:00:00,31,APROBADA
06c38881-6395-5ffc-bd36-70be5a3f4f69,da1fe6a7-058c-5ad3-a10e-f529804a44b5,2025-01-09,14:30:00,16:30:00,27,APROBADA
8dc9f92f-7702-5cf8-a6e5-ffba7b3e6138,706ea773-fd09-5587-a465-302616f9d571,2025-03-16,11:30:00,13:00:00,31,APROBADA
64c90c1c-9199-5f68-b99d-f12aef8cec10,6d481120-dab0-50c8-8f1b-33cf911e9573,2024-10-06,16:30:00,19:30:00,29,APROBADA
d309cac1-057a-5e79-8b84-3e74ab9b5d0c,b8969593-19a7-5a43-84c0-d52e63ac0cb4,2024-07-13,12:30:00,15:30:00,27,APROBADA
d118b058-7049-587f-b387-bbef3641b3c8,23c254ed-4635-5cec-baa9-656efa7fd130,2024-09-21,16:30:00,19:30:00,31,APROBADA
edd091e3-8f60-5342-99c4-12cc962f4a6b,d7ce39c6-be5b-537a-ae81-d449a1710ff2,2025-03-08,08:00:00,09:00:00,26,APROBADA
661a7501-45bf-5378-86b5-1007f128adb3,2574a671-d58d-5db3-8c9f-2518d8a8d790,2024-11-16,07:00:00,08:00:00,32,APROBADA
ae122306-23c0-56bc-afaf-f250c5225ddb,4b4a10f4-36fa-5109-bc5d-14e24370c164,2024-11-21,12:30:00,14:00:00,25,APROBADA
9704fdef-f386-5429-944d-13d67f5c95d7,706ea773-fd09-5587-a465-302616f9d571,2025-06-09,15:00:00,16:30:00,26,APROBADA
f1fa7a00-46bb-53c1-aa39-ef4e397865c4,d7ce39c6-be5b-537a-ae81-d449a1710ff2,2024-09-28,16:00:00,19:00:00,30,APROBADA
0017a57e-851d-5ecf-a96b-f11bd273a0dc,0880d439-8834-59c1-bfce-e7f3da722b3f,2025-02-24,08:30:00,10:30:00,31,APROBADA
f55aa4f4-3a0e-554a-b3f3-5ea28d686962,da1fe6a7-058c-5ad3-a10e-f529804a44b5,2024-11-21,19:00:00,21:00:00,32,APROBADA
267d219d-feb8-5f96-a71c-feacd7bb95aa,ef815f08-b586-5f03-964a-a08004eaebf3,2025-03-23,10:30:00,13:30:00,28,APROBADA
796dbc89-a348-5684-932a-31db7ca9b676,b46607fb-d28f-5c06-a3a8-091cb9d995ec,2024-09-01,14:00:00,16:00:00,33,APROBADA
7f8dff4a-d4cb-5ca5-8d3c-60833f33e085,6d481120-dab0-50c8-8f1b-33cf911e9573,2024-12-13,09:00:00,11:00:00,35,APROBADA
76a1e893-7ca3-593c-802a-e31913d3d990,6903b35b-c2a6-5770-98e5-743c2bc06b45,2024-08-29,17:00:00,18:00:00,27,APROBADA
2a45f778-fff8-5801-9d75-0f41a6f1404c,d056b3a8-8204-507a-b6c1-1f1203a87651,2025-05-30,12:00:00,13:00:00,32,APROBADA
daf55441-aa80-5ff6-b8cb-2aba26ae9da9,7d424b25-0f98-5f10-b2a8-ed9ddcd33e7a,2024-07-08,08:30:00,10:00:00,26,APROBADA
925a8ffa-fddf-579b-bc60-9b8cb88f2e1c,aad269e7-97f7-5e2d-9c43-cf84b49bd847,2025-06-08,10:30:00,13:30:00,25,APROBADA
d3eaaebd-077b-575c-9d28-f99708480a77,1dee66e3-0076-5033-8ba0-70dd67e8aea0,2025-04-10,17:00:00,18:00:00,45,APROBADA
03f48508-35f6-5f4c-8bf9-b5bf010a853d,e5da4cff-29aa-5f05-8532-70f093603e74,2024-09-04,18:00:00,20:00:00,25,APROBADA
0922542f-f907-5464-9280-70ecc081b0b7,1a0b71d7-4721-5998-bd82-de26b25b5771,2025-01-22,18:00:00,19:30:00,43,APROBADA
2b2f79db-eb58-534d-b68f-97ef5fa834f1,6903b35b-c2a6-5770-98e5-743c2bc06b45,2025-06-17,14:00:00,16:00:00,31,APROBADA
55c5c383-c528-5c2a-bacc-061c02f52f8f,45b00d8f-2f79-52ba-8b17-e7d6ee0b476f,2024-11-03,14:00:00,17:00:00,32,APROBADA
4acaf940-6f18-525e-af52-3f9ee1ecfe60,2574a671-d58d-5db3-8c9f-2518d8a8d790,2024-11-06,09:30:00,12:30:00,25,APROBADA
861d5ad4-72b2-5bbd-a90c-c981f3cbe066,10225e74-7c22-5384-8cdc-396a168ec651,2024-09-28,17:00:00,19:00:00,33,APROBADA
18755f41-65a4-56e7-909b-a06c4446564f,ef815f08-b586-5f03-964a-a08004eaebf3,2025-05-11,07:00:00,10:00:00,34,APROBADA
148542ba-0f22-5aeb-8f53-d27ebdd6e63f,d76d770e-14c2-5fea-bf8b-28f95250e124,2025-01-11,15:00:00,16:30:00,27,APROBADA
c4c2cb8e-4b10-55da-be86-0d80671df49b,8fd4b53b-1d49-5307-8a1a-e184999a4434,2025-03-12,16:00:00,18:00:00,34,APROBADA
d474b522-c013-593b-8dff-a9eb4d65bb76,0880d439-8834-59c1-bfce-e7f3da722b3f,2025-01-28,12:00:00,13:30:00,28,APROBADA
69442530-8905-5f86-8097-e31178a4f38e,e5da4cff-29aa-5f05-8532-70f093603e74,2025-04-17,18:30:00,20:30:00,35,APROBADA
44d09e22-d0a4-5ca3-a914-df430bc921a3,c1489a8f-1dff-511e-b025-5a10261901d7,2025-03-07,18:00:00,21:00:00,31,APROBADA
f2fdb81e-368f-58cc-a9c2-3a3086ad3a77,0880d439-8834-59c1-bfce-e7f3da722b3f,2025-01-14,08:30:00,11:30:00,36,APROBADA
47e13315-6e5f-5f95-9491-9bd6228c8d48,ef815f08-b586-5f03-964a-a08004eaebf3,2024-07-10,10:30:00,12:00:00,34,APROBADA
38063fa2-80ad-5840-bfe3-ce2744d476de,6903b35b-c2a6-5770-98e5-743c2bc06b45,2025-02-18,09:30:00,10:30:00,34,APROBADA
f3f76b0a-62e0-571d-9872-f8d0021de86a,2574a671-d58d-5db3-8c9f-2518d8a8d790,2025-05-07,13:00:00,14:30:00,39,APROBADA
6d0232fa-fcb7-507a-ae52-c91943a624c3,1dee66e3-0076-5033-8ba0-70dd67e8aea0,2024-12-16,13:00:00,14:00:00,34,APROBADA
e1aafd91-6f7b-5917-ab49-683dd84d0e6d,6c814918-8ba0-52cc-9377-6d60b7946f8b,2025-02-25,11:00:00,13:00:00,37,APROBADA
91a509f5-54ee-5ad6-a7a6-b8664f1620af,a22ee2bf-332c-5ac1-ae12-28ce7b0033a1,2024-12-03,16:30:00,19:30:00,29,APROBADA
6adde5e9-7760-5dda-8ebc-a938f9787871,ef815f08-b586-5f03-964a-a08004eaebf3,2025-01-19,10:30:00,12:00:00,30,APROBADA
f6eb0f2b-1095-5d68-befd-a0d203ec42e4,706ea773-fd09-5587-a465-302616f9d571,2025-03-19,18:30:00,21:30:00,31,APROBADA
ebca1870-664d-5ba4-8470-955c8cfbd738,45b00d8f-2f79-52ba-8b17-e7d6ee0b476f,2025-01-10,11:30:00,12:30:00,34,APROBADA
d1191c02-7d57-5f1f-871a-f055459f8b0a,05a1191e-b84b-597d-b970-b04889cc30ee,2024-08-14,17:00:00,18:30:00,33,APROBADA
77f53669-d487-5a7c-9e2f-b6eea47796ac,d76d770e-14c2-5fea-bf8b-28f95250e124,2024-11-25,15:30:00,17:30:00,38,APROBADA
252e8e0a-c298-567a-942c-f020d954c0b7,05a1191e-b84b-597d-b970-b04889cc30ee,2024-07-07,17:30:00,20:30:00,31,APROBADA
00d5c0a4-1547-5cc7-a25c-f4896c65eeac,d7ce39c6-be5b-537a-ae81-d449a1710ff2,2025-04-18,10:00:00,12:00:00,31,APROBADA
cd9606dc-1a62-541a-b6a8-f3524d654c2e,aad269e7-97f7-5e2d-9c43-cf84b49bd847,2025-05-20,11:30:00,13:00:00,28,APROBADA
923104e8-810f-54b8-8333-d4a4b778c53e,ef815f08-b586-5f03-964a-a08004eaebf3,2025-05-03,12:30:00,14:00:00,34,APROBADA
1a209a17-b778-5d79-bec1-0d39428fecc2,8fd4b53b-1d49-5307-8a1a-e184999a4434,2025-02-23,13:00:00,16:00:00,30,APROBADA
983f9be7-81ea-510b-8a0d-e21d0e23f60a,2574a671-d58d-5db3-8c9f-2518d8a8d790,2025-02-11,19:00:00,21:00:00,26,APROBADA
3ee9aeaa-cd98-523d-ae06-a6178b90ccab,6d481120-dab0-50c8-8f1b-33cf911e9573,2025-02-21,12:00:00,14:00:00,27,APROBADA
036cb182-865f-5db6-8437-44cb38bee618,e5da4cff-29aa-5f05-8532-70f093603e74,2025-03-08,19:00:00,20:30:00,33,APROBADA
26d04581-0dfc-54f4-b969-7cc7994b9b9c,d056b3a8-8204-507a-b6c1-1f1203a87651,2025-04-05,07:00:00,08:00:00,28,APROBADA
92d04d13-1a08-5f77-84a3-1253588661b8,8fd4b53b-1d49-5307-8a1a-e184999a4434,2025-04-01,14:30:00,16:00:00,25,APROBADA
99c42816-4424-5c0b-a045-fe03863f7dd7,1dee66e3-0076-5033-8ba0-70dd67e8aea0,2024-08-04,12:30:00,14:00:00,30,APROBADA
905241e8-2e2f-554a-aa87-42d97e3c5e1d,dd609563-702d-543d-a49a-0ce27a83f234,2024-10-24,19:00:00,22:00:00,32,APROBADA
1dc117bf-99c3-5505-a578-f5546b28fa5a,d76d770e-14c2-5fea-bf8b-28f95250e124,2024-08-20,11:30:00,12:30:00,36,APROBADA
9cd804f3-76c3-5373-83fa-4a4005cd3cf4,2574a671-d58d-5db3-8c9f-2518d8a8d790,2024-09-23,14:00:00,15:30:00,35,APROBADA
ccbdda70-7c52-51cf-8eba-1c8cd92dba97,d056b3a8-8204-507a-b6c1-1f1203a87651,2025-04-27,15:00:00,18:00:00,26,APROBADA
6bd0f49a-d94c-5329-8df8-27a67d179aba,1dee66e3-0076-5033-8ba0-70dd67e8aea0,2024-08-18,07:00:00,09:00:00,34,APROBADA
ab170bea-c3be-5fd6-998d-a421c2ee71b0,10225e74-7c22-5384-8cdc-396a168ec651,2024-12-24,09:30:00,10:30:00,29,APROBADA
ea170b3e-bbbf-51a6-9279-da41ecfbb1ef,1dee66e3-0076-5033-8ba0-70dd67e8aea0,2025-05-03,18:00:00,19:30:00,31,APROBADA
c2961ea0-5543-56b6-a5c9-98595bd030bf,b8969593-19a7-5a43-84c0-d52e63ac0cb4,2025-01-15,16:30:00,17:30:00,28,APROBADA
3d515c54-c812-5513-ab9a-a16a07e65e92,dd609563-702d-543d-a49a-0ce27a83f234,2024-08-15,07:30:00,09:30:00,32,APROBADA
f909944f-3d1c-54ac-91bc-23fa52cbefc4,d76d770e-14c2-5fea-bf8b-28f95250e124,2024-07-10,18:30:00,20:00:00,27,APROBADA
b31c757e-56ad-5f11-85e8-c50977a2f7f4,23c254ed-4635-5cec-baa9-656efa7fd130,2025-05-15,07:00:00,08:30:00,31,APROBADA
14fd485c-753a-58ba-82d2-7a97ded21b98,ef815f08-b586-5f03-964a-a08004eaebf3,2025-02-13,15:00:00,16:00:00,32,APROBADA
41661b37-2096-546a-b023-980518cd0e94,706ea773-fd09-5587-a465-302616f9d571,2025-04-14,17:30:00,19:00:00,26,APROBADA
eb9379ca-0023-55e3-8eed-c2019766763c,d7ce39c6-be5b-537a-ae81-d449a1710ff2,2025-03-17,17:30:00,20:30:00,35,APROBADA
2f24639f-b1b4-55fd-b791-7026bd4fb86d,c1489a8f-1dff-511e-b025-5a10261901d7,2025-06-03,07:00:00,10:00:00,31,APROBADA
66a601f3-510c-566a-acd8-ab2e578ded8c,7bcb3d0c-2500-5f01-abe8-d24e962af50e,2025-03-29,10:00:00,11:00:00,28,APROBADA
252bc321-a496-5a07-9cca-6b8163f36364,da1fe6a7-058c-5ad3-a10e-f529804a44b5,2025-01-03,10:30:00,12:00:00,28,APROBADA
da00466d-f8ab-5e29-bb6c-6ff9b08ff737,eb4139b4-3715-5623-a990-d045271440a9,2025-02-17,17:30:00,18:30:00,32,APROBADA
2d966380-f645-5f1b-ae7d-6258e43bf495,6903b35b-c2a6-5770-98e5-743c2bc06b45,2024-08-24,10:00:00,11:30:00,35,APROBADA
1d46bcc8-de84-5218-911f-970d29d7e1a1,45b00d8f-2f79-52ba-8b17-e7d6ee0b476f,2025-02-26,15:00:00,18:00:00,30,APROBADA
74d3841b-f892-52af-ae29-eb7f24b220bc,d7ce39c6-be5b-537a-ae81-d449a1710ff2,2025-03-23,16:30:00,17:30:00,42,APROBADA
8e969850-a875-5cbd-9d23-0c58fb3dff35,8fd4b53b-1d49-5307-8a1a-e184999a4434,2025-01-15,10:00:00,12:00:00,35,APROBADA
27e01ecf-833e-5942-a274-1dedf7fddb31,f5e43a2a-032c-562e-837a-ff3c72abffb4,2024-07-12,12:30:00,15:30:00,25,APROBADA
8ebb8a64-fb65-5782-81b0-f648a9faa610,b46607fb-d28f-5c06-a3a8-091cb9d995ec,2024-08-11,14:30:00,17:30:00,30,APROBADA
6d8bca44-f046-54b0-9d0c-6c39a0820d87,da1fe6a7-058c-5ad3-a10e-f529804a44b5,2024-10-31,17:00:00,20:00:00,35,APROBADA
2cf46d8a-a10d-5f31-8882-6fc4fe07d189,f5e43a2a-032c-562e-837a-ff3c72abffb4,2024-10-30,14:30:00,16:30:00,30,APROBADA
d9c5a2cf-0a1f-5028-9e7e-091f5468e5a1,d7ce39c6-be5b-537a-ae81-d449a1710ff2,2024-12-04,14:00:00,16:00:00,35,APROBADA
aa12e7a5-b1bd-510b-b3a7-7d408a64124b,6c814918-8ba0-52cc-9377-6d60b7946f8b,2025-05-29,13:30:00,15:30:00,36,APROBADA
211d9ee6-af11-5152-8b6c-8bcd7a4a8412,aad269e7-97f7-5e2d-9c43-cf84b49bd847,2025-04-25,13:30:00,15:30:00,29,APROBADA
3d1e7e9e-8650-5860-af79-865a0f10e350,d7ce39c6-be5b-537a-ae81-d449a1710ff2,2024-08-12,09:00:00,10:30:00,29,APROBADA
49034162-f0e3-54c6-97c7-36f693c378f1,7d424b25-0f98-5f10-b2a8-ed9ddcd33e7a,2024-08-09,12:30:00,15:30:00,35,APROBADA
be0c6dd6-766d-52bf-ac75-00e491ea74eb,a40fe9f0-87fa-5853-968f-5cedd5939e8a,2024-12-27,15:30:00,18:30:00,29,APROBADA
d49981fa-3d5f-573a-bdba-0f9bec58ec29,706ea773-fd09-5587-a465-302616f9d571,2024-09-24,12:30:00,15:30:00,30,APROBADA
7ac8c8b3-1c58-53ea-bae6-920cb096878f,7d424b25-0f98-5f10-b2a8-ed9ddcd33e7a,2024-08-15,15:30:00,16:30:00,39,APROBADA
c881db33-566c-5f99-8a4c-ed22a0442150,1dee66e3-0076-5033-8ba0-70dd67e8aea0,2025-01-07,09:00:00,10:00:00,34,APROBADA
6d246860-121e-5b63-a12a-36534573df3e,45b00d8f-2f79-52ba-8b17-e7d6ee0b476f,2025-04-13,18:30:00,19:30:00,26,APROBADA
dbb85268-f5a1-5bd1-931e-49f0106759eb,7d424b25-0f98-5f10-b2a8-ed9ddcd33e7a,2025-04-07,09:00:00,11:00:00,31,APROBADA
b7012be5-43ac-5370-a6bf-fe9b668eacd2,d7ce39c6-be5b-537a-ae81-d449a1710ff2,2025-03-13,16:00:00,17:30:00,37,APROBADA
22151f5b-c99b-52ee-9979-65760925046a,2574a671-d58d-5db3-8c9f-2518d8a8d790,2024-08-12,18:00:00,19:30:00,38,APROBADA
f6abeef1-e224-5e61-80f2-814e21e877f7,10225e74-7c22-5384-8cdc-396a168ec651,2025-03-05,16:00:00,17:30:00,25,APROBADA
749cc275-0b7c-50c8-ae11-4ad5602839b4,f5e43a2a-032c-562e-837a-ff3c72abffb4,2024-08-13,17:30:00,19:30:00,27,APROBADA
cbef6f9b-70ab-5a53-b65b-3f7f388d61cb,f5e43a2a-032c-562e-837a-ff3c72abffb4,2025-04-06,17:30:00,20:30:00,26,APROBADA
b5261581-fc6f-5869-a0c3-3e38512bcbae,7d424b25-0f98-5f10-b2a8-ed9ddcd33e7a,2024-09-08,10:00:00,11:30:00,34,APROBADA
2d62765a-1ae9-528c-a956-3e113de28d96,d7ce39c6-be5b-537a-ae81-d449a1710ff2,2024-10-13,11:00:00,12:00:00,41,APROBADA
fe80bd6b-ff41-50e6-99a6-7088d25951c6,7d424b25-0f98-5f10-b2a8-ed9ddcd33e7a,2024-12-16,09:00:00,10:00:00,34,APROBADA
04ffdabd-a8d7-56d4-9997-f6965cfc741f,e5da4cff-29aa-5f05-8532-70f093603e74,2025-02-15,10:00:00,13:00:00,37,APROBADA
ebb1d58a-643d-5535-9086-85e1a5d51762,6c814918-8ba0-52cc-9377-6d60b7946f8b,2025-05-05,15:00:00,16:00:00,28,APROBADA
ed6611bb-9781-549b-95ee-d451a8dd6900,6c814918-8ba0-52cc-9377-6d60b7946f8b,2025-06-27,08:30:00,11:30:00,31,APROBADA
3202d8bb-2dde-5ed2-a63c-a25c1af69eb6,a22ee2bf-332c-5ac1-ae12-28ce7b0033a1,2024-09-21,19:00:00,20:00:00,25,APROBADA
f0608b86-32cc-5c3a-ae15-17831aa6ba0e,10225e74-7c22-5384-8cdc-396a168ec651,2024-11-19,14:30:00,17:30:00,30,APROBADA
7bcf8841-19ab-5d7f-bdb3-d12052ae9d72,d056b3a8-8204-507a-b6c1-1f1203a87651,2024-12-13,13:00:00,14:30:00,26,APROBADA
a6a62232-e5ec-5680-b6b0-8a3cd5f43d61,1dee66e3-0076-5033-8ba0-70dd67e8aea0,2024-10-03,13:00:00,16:00:00,27,APROBADA
15cd2199-cbae-5e60-bcd3-a983c483f953,7d424b25-0f98-5f10-b2a8-ed9ddcd33e7a,2025-03-21,10:00:00,12:00:00,38,APROBADA
a3726b43-db82-5cac-b429-c9ed8c2e69e1,eb4139b4-3715-5623-a990-d045271440a9,2025-01-09,14:00:00,15:30:00,32,APROBADA
ffe931a1-7e5e-562f-900e-e8448db3f0e1,7d424b25-0f98-5f10-b2a8-ed9ddcd33e7a,2025-01-18,15:00:00,17:00:00,39,APROBADA
8bcbc39c-de8c-5b91-911a-ddce0af89021,d76d770e-14c2-5fea-bf8b-28f95250e124,2024-08-09,12:00:00,13:30:00,33,APROBADA
f693d550-22dc-5d41-86e6-3703a96e7387,ef815f08-b586-5f03-964a-a08004eaebf3,2024-10-03,08:30:00,10:30:00,31,APROBADA
056de79f-45c7-5c65-a901-260a3d247062,a22ee2bf-332c-5ac1-ae12-28ce7b0033a1,2025-05-24,13:30:00,15:00:00,29,APROBADA
8e13317d-2cc5-5a32-89fb-d7cc27f4d4cc,7d424b25-0f98-5f10-b2a8-ed9ddcd33e7a,2024-12-19,16:00:00,18:00:00,39,APROBADA
a9c5101e-5101-5541-9c44-9b242de1cedc,da1fe6a7-058c-5ad3-a10e-f529804a44b5,2025-05-29,15:00:00,17:00:00,35,APROBADA
a2dc22c7-a6a3-5bc1-aaae-9ea726c71529,b46607fb-d28f-5c06-a3a8-091cb9d995ec,2024-12-29,15:30:00,17:00:00,38,APROBADA
d18d0468-4809-50ec-800f-c490b17e884e,8fd4b53b-1d49-5307-8a1a-e184999a4434,2025-03-30,13:00:00,14:30:00,26,APROBADA
f2ebaef8-e658-5f49-b5c2-0cf815349ed8,1dee66e3-0076-5033-8ba0-70dd67e8aea0,2025-02-09,17:30:00,20:30:00,36,APROBADA
7a704f2c-d169-5cd1-8f53-0e6a76321c31,4b4a10f4-36fa-5109-bc5d-14e24370c164,2024-10-19,14:00:00,15:00:00,32,APROBADA
80a16a51-69c6-5fad-a4d5-4c670f0543d8,23c254ed-4635-5cec-baa9-656efa7fd130,2025-05-15,12:00:00,14:00:00,25,APROBADA
a866ea50-759f-5a12-bcab-b2b1d2ce2366,a22ee2bf-332c-5ac1-ae12-28ce7b0033a1,2024-09-28,07:30:00,09:30:00,32,APROBADA
245f4e9f-af9a-5ffa-aaa1-de4d05283734,1a0b71d7-4721-5998-bd82-de26b25b5771,2025-02-08,13:00:00,14:30:00,25,APROBADA
13a6363b-2db6-5ac7-98f8-c77b5968237b,d7ce39c6-be5b-537a-ae81-d449a1710ff2,2025-02-20,10:00:00,12:00:00,27,APROBADA
7ac774cf-6ece-56b2-a769-13b795a3a6cc,2574a671-d58d-5db3-8c9f-2518d8a8d790,2025-02-05,14:00:00,16:00:00,35,APROBADA
e0b5b613-9448-5a0c-a60b-5c6f5a87ae31,e5da4cff-29aa-5f05-8532-70f093603e74,2024-08-16,11:00:00,13:00:00,30,APROBADA
012ab7b7-815b-5da0-ba0e-5b699e522f2e,e5da4cff-29aa-5f05-8532-70f093603e74,2024-07-04,17:30:00,20:30:00,25,APROBADA
e7d37cdb-baf2-50f0-a0b4-6dba13e5525b,c1489a8f-1dff-511e-b025-5a10261901d7,2024-10-11,07:30:00,09:30:00,28,APROBADA
9764ed1c-000b-5b1d-8f78-b189c90d6689,b46607fb-d28f-5c06-a3a8-091cb9d995ec,2025-04-10,07:30:00,09:00:00,38,APROBADA
32df4994-8696-5c7c-be6f-01a3a3458a5a,aad269e7-97f7-5e2d-9c43-cf84b49bd847,2024-12-10,10:00:00,12:00:00,30,APROBADA
d3c206e2-61ea-55c1-bcf7-e3959c7dc207,f5e43a2a-032c-562e-837a-ff3c72abffb4,2025-05-05,14:00:00,17:00:00,30,APROBADA
0ccfcda3-9440-556e-963c-4a6c519d48f8,706ea773-fd09-5587-a465-302616f9d571,2025-02-26,09:00:00,11:00:00,32,APROBADA
50db6c52-64f0-52bf-b114-e675f538ace9,0880d439-8834-59c1-bfce-e7f3da722b3f,2025-01-04,10:30:00,12:30:00,44,APROBADA
354a296c-697c-5c49-9d1a-a246c89b9ba4,da1fe6a7-058c-5ad3-a10e-f529804a44b5,2025-03-25,12:30:00,15:30:00,34,APROBADA
255434bb-f342-5c40-bb0a-fbc675a6714c,dd609563-702d-543d-a49a-0ce27a83f234,2024-07-21,15:00:00,17:00:00,38,APROBADA
7163de97-0a18-5162-8506-55afe2d8b411,d7ce39c6-be5b-537a-ae81-d449a1710ff2,2024-08-15,14:30:00,16:30:00,30,APROBADA
1b581f14-fd32-563a-b1a0-f9a3d0a3af8d,10225e74-7c22-5384-8cdc-396a168ec651,2024-08-24,12:00:00,15:00:00,36,APROBADA
1b88036f-4702-5ccd-b122-fd2155000315,8fd4b53b-1d49-5307-8a1a-e184999a4434,2024-11-30,18:30:00,19:30:00,33,APROBADA
7e754624-aafd-535e-abbf-d5e57291b230,ef815f08-b586-5f03-964a-a08004eaebf3,2024-12-14,10:00:00,11:00:00,30,APROBADA
0c50085f-5c73-50c5-8e92-4ae6bad5c563,ef815f08-b586-5f03-964a-a08004eaebf3,2024-07-26,16:30:00,18:00:00,36,APROBADA
7ce0a27b-ef5e-594e-8696-9415067ef0a0,b46607fb-d28f-5c06-a3a8-091cb9d995ec,2025-02-13,09:00:00,11:00:00,28,APROBADA
b140ccdd-5cf7-53e9-8490-fe593a025c08,05a1191e-b84b-597d-b970-b04889cc30ee,2025-03-29,17:00:00,18:00:00,27,APROBADA
25cff0e4-9e62-5ac0-aab6-3b1338618427,8fd4b53b-1d49-5307-8a1a-e184999a4434,2024-10-10,10:30:00,12:30:00,34,APROBADA
748f0b05-3602-52fc-99e0-6942947d440d,f5e43a2a-032c-562e-837a-ff3c72abffb4,2024-09-10,09:30:00,12:30:00,27,APROBADA
9b793f1d-0e3d-5416-913f-4af404f36697,10225e74-7c22-5384-8cdc-396a168ec651,2025-03-26,14:30:00,16:30:00,36,APROBADA
608cd164-424c-5f45-9092-2b39f9aac087,7bcb3d0c-2500-5f01-abe8-d24e962af50e,2024-08-09,07:00:00,09:00:00,26,APROBADA
8fe7fb8f-7bf7-5b52-9e26-c742a36a391e,d76d770e-14c2-5fea-bf8b-28f95250e124,2025-02-09,14:30:00,16:30:00,39,APROBADA
566bc7ae-9546-5352-bd97-0310575ee98b,b8969593-19a7-5a43-84c0-d52e63ac0cb4,2025-01-19,10:00:00,11:30:00,28,APROBADA
333cef03-0aa1-50ff-94a7-24c65d64c687,eb4139b4-3715-5623-a990-d045271440a9,2025-04-22,09:00:00,11:00:00,31,APROBADA
b47be735-0b92-55cd-990c-6b1a64addc0a,6d481120-dab0-50c8-8f1b-33cf911e9573,2025-03-04,14:30:00,16:00:00,39,APROBADA
ef19660c-51f8-5323-9ed6-12996eaa8e8d,6903b35b-c2a6-5770-98e5-743c2bc06b45,2025-01-15,16:30:00,19:30:00,35,APROBADA
767ba2d7-3770-5517-b339-e717fa8509b1,706ea773-fd09-5587-a465-302616f9d571,2025-04-10,11:30:00,13:30:00,37,APROBADA
7560658c-4aea-5db3-9e61-4bc863d0486e,a40fe9f0-87fa-5853-968f-5cedd5939e8a,2024-09-19,13:00:00,14:00:00,28,APROBADA
3a9b6b48-3570-5f7a-95b7-99594d8bd451,8fd4b53b-1d49-5307-8a1a-e184999a4434,2025-05-14,11:00:00,13:00:00,31,APROBADA
7499f75e-4c5d-5cce-9e2f-89130cf0ef6b,706ea773-fd09-5587-a465-302616f9d571,2025-05-30,08:00:00,09:30:00,39,APROBADA
c0f065c1-1b6e-5dfd-a9e4-e88f3853b9ec,6c814918-8ba0-52cc-9377-6d60b7946f8b,2024-10-19,11:00:00,14:00:00,29,APROBADA
824cd821-84d8-54a8-9ca3-4a83b03f2ebd,4b4a10f4-36fa-5109-bc5d-14e24370c164,2025-03-30,18:30:00,20:00:00,29,APROBADA
e577862b-6857-521f-a72a-5344a718afb1,f5e43a2a-032c-562e-837a-ff3c72abffb4,2024-07-18,12:30:00,15:30:00,25,APROBADA
87e73cf8-c3bb-5afd-8737-a7160f2d8fd9,706ea773-fd09-5587-a465-302616f9d571,2025-05-01,09:30:00,10:30:00,27,APROBADA
347e6129-bd32-534d-a7c3-fe2fe5324cc0,706ea773-fd09-5587-a465-302616f9d571,2025-04-05,11:30:00,14:30:00,38,APROBADA
aeef8287-b822-5bff-be86-d9d91bfc6827,e5da4cff-29aa-5f05-8532-70f093603e74,2024-07-26,07:00:00,08:00:00,38,APROBADA
21ffcf7a-90df-50a0-9804-8f5458c23549,6903b35b-c2a6-5770-98e5-743c2bc06b45,2025-02-26,14:30:00,16:00:00,34,APROBADA
64d84469-b15f-5695-8864-8f95a9669f5d,0880d439-8834-59c1-bfce-e7f3da722b3f,2025-04-15,15:00:00,17:00:00,29,APROBADA
799a3195-abe9-5c7a-8d52-9e0b3d5a10f3,da1fe6a7-058c-5ad3-a10e-f529804a44b5,2025-02-23,19:00:00,20:00:00,26,APROBADA
6e06a90c-61bb-5318-9d72-53fca7d39904,a40fe9f0-87fa-5853-968f-5cedd5939e8a,2025-05-24,12:30:00,13:30:00,25,APROBADA
6be925fa-f4d5-56a2-8001-93151acb2a8c,6c814918-8ba0-52cc-9377-6d60b7946f8b,2025-05-23,16:30:00,18:30:00,33,APROBADA
a147f02a-a702-593e-a9b8-822d7b7b1cbf,2574a671-d58d-5db3-8c9f-2518d8a8d790,2025-04-18,15:00:00,16:30:00,32,APROBADA
b3e3ebb3-8505-5f14-a31a-7ce5201edc12,d76d770e-14c2-5fea-bf8b-28f95250e124,2025-04-21,07:00:00,08:00:00,28,APROBADA
8b76a1f7-6e72-5eb6-8b1a-9801b6aad756,b8969593-19a7-5a43-84c0-d52e63ac0cb4,2024-08-01,09:30:00,10:30:00,26,APROBADA
48ae226a-474a-55f2-a01e-7e13b4b4c17b,1a0b71d7-4721-5998-bd82-de26b25b5771,2025-03-06,16:00:00,17:00:00,33,APROBADA
60d021ae-546a-5115-8b1a-7b4047012daa,d7ce39c6-be5b-537a-ae81-d449a1710ff2,2024-08-20,14:00:00,15:30:00,33,APROBADA
e4ea5dfe-7763-563d-8090-044e7ec57828,da1fe6a7-058c-5ad3-a10e-f529804a44b5,2024-12-01,14:00:00,17:00:00,25,APROBADA
c5e4e967-6dd6-54ec-837e-2eae14480c66,1a0b71d7-4721-5998-bd82-de26b25b5771,2025-05-30,09:00:00,12:00:00,45,APROBADA
cf5efecb-cdf4-5f3b-9fba-8c5b592cfc74,2574a671-d58d-5db3-8c9f-2518d8a8d790,2024-08-23,12:30:00,14:30:00,30,APROBADA
04c69b9f-c503-5939-9f97-f30c32c32c4b,7d424b25-0f98-5f10-b2a8-ed9ddcd33e7a,2024-12-04,15:30:00,16:30:00,27,APROBADA
15e2c4b2-febe-5c67-ad4a-b04e86cc776b,1a0b71d7-4721-5998-bd82-de26b25b5771,2025-02-18,18:30:00,20:30:00,29,APROBADA
51104699-64e5-5264-834b-04227be72c46,d7ce39c6-be5b-537a-ae81-d449a1710ff2,2025-01-03,16:30:00,18:00:00,32,APROBADA
8aee3c85-9a2c-5fbc-9d72-22ad507f7cb0,6d481120-dab0-50c8-8f1b-33cf911e9573,2025-02-15,17:00:00,18:30:00,45,APROBADA
d70a9345-3a34-5c88-b0eb-583ed2651d10,dd609563-702d-543d-a49a-0ce27a83f234,2024-11-09,17:30:00,20:30:00,32,APROBADA
27e2bc46-a31e-531c-81e2-2500fef0b8db,706ea773-fd09-5587-a465-302616f9d571,2024-12-12,10:00:00,11:00:00,33,APROBADA
1593e239-1f18-5c4b-aec8-761789807188,23c254ed-4635-5cec-baa9-656efa7fd130,2024-09-03,12:00:00,13:00:00,31,APROBADA
cc825378-4a16-548f-a908-54ead7e906e8,7bcb3d0c-2500-5f01-abe8-d24e962af50e,2024-10-20,09:00:00,11:00:00,25,APROBADA
1abb5617-4847-5d35-a502-84e9a172af41,1dee66e3-0076-5033-8ba0-70dd67e8aea0,2025-01-14,10:00:00,11:30:00,35,APROBADA
03211900-e256-563c-aded-adf21079e397,10225e74-7c22-5384-8cdc-396a168ec651,2025-05-17,11:00:00,12:00:00,31,APROBADA
08127b52-aa5f-578d-8eca-ffb68f147f6a,ef815f08-b586-5f03-964a-a08004eaebf3,2024-08-31,10:30:00,12:30:00,33,APROBADA
a17f071c-f8e6-5e4e-a7cc-d4ba5b9586a2,f5e43a2a-032c-562e-837a-ff3c72abffb4,2025-01-08,18:00:00,19:30:00,30,APROBADA
bf224738-5f96-5594-8ec4-2a86702ef996,6d481120-dab0-50c8-8f1b-33cf911e9573,2024-11-19,14:30:00,15:30:00,29,APROBADA
c7379fcd-1195-5e64-99dd-04cd5d72849a,b8969593-19a7-5a43-84c0-d52e63ac0cb4,2024-10-15,18:30:00,19:30:00,25,APROBADA
a7a5135e-d940-5da1-9dfd-1e31457fb868,7bcb3d0c-2500-5f01-abe8-d24e962af50e,2025-01-29,16:30:00,19:30:00,29,APROBADA
bddd00e4-76ed-5561-85e9-67adb2e25e2f,4b4a10f4-36fa-5109-bc5d-14e24370c164,2024-10-08,09:00:00,12:00:00,28,APROBADA
f35c9366-9ded-5812-b8a5-ad9afa535734,706ea773-fd09-5587-a465-302616f9d571,2024-09-21,07:00:00,08:30:00,26,APROBADA
fe7b1f1e-ba9d-5f15-9b22-0f1eb20f61c9,dd609563-702d-543d-a49a-0ce27a83f234,2025-06-24,07:00:00,10:00:00,31,APROBADA
437957bd-d657-536b-a254-e02e9ca485f6,1a0b71d7-4721-5998-bd82-de26b25b5771,2025-01-20,14:30:00,15:30:00,29,APROBADA
dc92f032-bc78-5249-8ed7-6b5516632122,706ea773-fd09-5587-a465-302616f9d571,2024-07-17,07:30:00,09:30:00,36,APROBADA
fc06144f-d48d-5e05-b12f-339f9efa7a33,6c814918-8ba0-52cc-9377-6d60b7946f8b,2024-10-27,15:30:00,17:30:00,28,APROBADA
6264c979-d849-5ca4-9a8c-fa20951f9176,eb4139b4-3715-5623-a990-d045271440a9,2025-05-24,11:00:00,12:00:00,29,APROBADA
9aa04541-d35c-5096-9bf0-bec963d4abcb,d76d770e-14c2-5fea-bf8b-28f95250e124,2024-07-24,12:30:00,15:30:00,29,APROBADA
474aaddc-b08d-514f-9ab8-15df5833b337,d7ce39c6-be5b-537a-ae81-d449a1710ff2,2024-10-19,17:30:00,18:30:00,30,APROBADA
13d6ff2b-1e0c-52ba-b446-ff7b34650235,1dee66e3-0076-5033-8ba0-70dd67e8aea0,2025-06-28,12:00:00,13:00:00,42,APROBADA
cac4bce4-3148-5666-b248-5fc0c4d5ebe2,8fd4b53b-1d49-5307-8a1a-e184999a4434,2025-02-24,14:00:00,16:00:00,29,APROBADA
38f80dcb-a231-5415-8b14-1a70e7ffede9,1a0b71d7-4721-5998-bd82-de26b25b5771,2024-10-27,16:30:00,17:30:00,26,APROBADA
4e439436-ce0f-558b-8578-325c40036696,7bcb3d0c-2500-5f01-abe8-d24e962af50e,2024-07-09,15:30:00,17:00:00,28,APROBADA
ed1ba1a6-e022-55a3-b8f3-e97636955f6c,0880d439-8834-59c1-bfce-e7f3da722b3f,2024-10-15,15:00:00,16:00:00,43,APROBADA
fb733312-dcba-567b-974c-f9a9bf531dd7,6c814918-8ba0-52cc-9377-6d60b7946f8b,2025-01-04,07:00:00,08:00:00,26,APROBADA
775ec40c-3969-56e4-99da-874a16cb228d,ef815f08-b586-5f03-964a-a08004eaebf3,2025-02-11,16:00:00,18:00:00,25,APROBADA
d87c4ae8-8f36-5702-b1a0-cc68cb682c33,0880d439-8834-59c1-bfce-e7f3da722b3f,2025-02-26,11:30:00,13:30:00,36,APROBADA
f3bbd3f0-e7a3-59d1-91f5-8f284b3bd7f0,6d481120-dab0-50c8-8f1b-33cf911e9573,2025-01-02,14:30:00,16:00:00,36,APROBADA
1ded467d-db7b-5aca-b80b-0fd366a3b9fd,da1fe6a7-058c-5ad3-a10e-f529804a44b5,2024-07-30,08:00:00,09:00:00,36,APROBADA
7fe60898-5ddc-5fce-a8a1-1bd8bb844be6,e5da4cff-29aa-5f05-8532-70f093603e74,2024-11-15,11:30:00,13:30:00,33,APROBADA
b99fab91-0e4b-5dd1-96bf-c3a81922f1e6,8fd4b53b-1d49-5307-8a1a-e184999a4434,2024-12-22,16:00:00,19:00:00,31,APROBADA
da0fd367-0912-5550-9240-18217f2af235,e5da4cff-29aa-5f05-8532-70f093603e74,2025-04-28,12:00:00,15:00:00,30,APROBADA
68e5dee8-ab5c-504c-8438-4213edc690cf,4b4a10f4-36fa-5109-bc5d-14e24370c164,2025-06-12,11:00:00,14:00:00,32,APROBADA
b14d7737-583e-5965-85a5-4639ccb3b649,e5da4cff-29aa-5f05-8532-70f093603e74,2025-03-09,15:30:00,16:30:00,36,APROBADA
18028acf-d476-5499-a55e-3474701db76e,1dee66e3-0076-5033-8ba0-70dd67e8aea0,2025-01-21,12:30:00,13:30:00,31,APROBADA
3adff210-e01f-53ba-9410-e445a825b675,7bcb3d0c-2500-5f01-abe8-d24e962af50e,2025-06-12,16:00:00,17:30:00,29,APROBADA
2df59f4f-4090-52af-b52c-57ad2277b614,706ea773-fd09-5587-a465-302616f9d571,2024-11-29,14:00:00,16:00:00,34,APROBADA
d71ff0d9-4491-58f2-b54c-9e9fb571f0e3,d7ce39c6-be5b-537a-ae81-d449a1710ff2,2024-08-01,10:30:00,13:30:00,41,APROBADA
f4f10535-2cdd-51ce-bcf9-f04dd1e38740,d76d770e-14c2-5fea-bf8b-28f95250e124,2024-07-16,11:00:00,13:00:00,33,APROBADA
e254c265-1ed5-5956-adda-70888621b1d4,d056b3a8-8204-507a-b6c1-1f1203a87651,2025-06-08,07:30:00,09:00:00,25,APROBADA
81885a39-ac00-553e-b0df-f3a8beb083cd,0880d439-8834-59c1-bfce-e7f3da722b3f,2025-02-11,16:00:00,17:30:00,32,APROBADA
3dc2c009-898b-5a3a-b69c-e61e59e081c7,8fd4b53b-1d49-5307-8a1a-e184999a4434,2025-04-15,13:30:00,14:30:00,27,APROBADA
44aa98fe-69df-5f1b-9c04-5aa9a59162c1,da1fe6a7-058c-5ad3-a10e-f529804a44b5,2024-12-12,12:30:00,13:30:00,25,APROBADA
9dda5eb7-9dd4-5634-a8ec-0b65c4ac53ac,6c814918-8ba0-52cc-9377-6d60b7946f8b,2025-06-04,10:30:00,13:30:00,27,APROBADA
c1798088-6327-556a-bf8e-8f3a6370f8f6,05a1191e-b84b-597d-b970-b04889cc30ee,2025-05-19,13:00:00,15:00:00,35,APROBADA
84e57d65-8cc7-5a66-bb8c-6c8f7fca26d6,1dee66e3-0076-5033-8ba0-70dd67e8aea0,2024-08-08,13:30:00,15:00:00,44,APROBADA
7788c321-1b3a-5d03-b971-b5e12b9f605f,706ea773-fd09-5587-a465-302616f9d571,2025-03-18,17:30:00,20:30:00,27,APROBADA
e26b2919-2ba0-52c6-a7ed-f3c7e34581e8,f5e43a2a-032c-562e-837a-ff3c72abffb4,2025-05-08,19:00:00,20:30:00,27,APROBADA
e361dc2c-bd93-58ef-b06a-65f8f1436939,d76d770e-14c2-5fea-bf8b-28f95250e124,2024-10-18,14:30:00,16:30:00,37,APROBADA
ac66a17f-883b-5615-a532-2dc2fe89e3a8,1dee66e3-0076-5033-8ba0-70dd67e8aea0,2025-04-14,12:30:00,14:00:00,34,APROBADA
98f5069b-1e23-51a5-85fe-09136fc77702,d7ce39c6-be5b-537a-ae81-d449a1710ff2,2025-04-07,12:00:00,14:00:00,30,APROBADA
d5dcdd49-ce45-585d-bda1-40c840ea02bd,d76d770e-14c2-5fea-bf8b-28f95250e124,2024-10-24,14:00:00,15:30:00,27,APROBADA
01b025f2-7b9c-5110-975d-83d23f83ae2b,0880d439-8834-59c1-bfce-e7f3da722b3f,2024-11-21,14:00:00,15:00:00,40,APROBADA
01aa86f7-88ae-5f27-a772-e38a6b4b52b4,ef815f08-b586-5f03-964a-a08004eaebf3,2024-08-16,12:30:00,14:00:00,25,APROBADA
f1d8b468-1143-5ba0-a01c-679b0899a84f,05a1191e-b84b-597d-b970-b04889cc30ee,2025-04-26,15:30:00,17:30:00,28,APROBADA
73701537-f1ab-53b9-b0f1-78a803c77ef8,a40fe9f0-87fa-5853-968f-5cedd5939e8a,2024-09-12,07:30:00,08:30:00,32,APROBADA
2ffcc05d-30e7-5f38-9800-33f9f4df31b6,6d481120-dab0-50c8-8f1b-33cf911e9573,2024-08-17,17:00:00,18:30:00,30,APROBADA
46155b74-3d5d-51b1-bc57-7a683ffc1aa4,1a0b71d7-4721-5998-bd82-de26b25b5771,2024-10-27,12:30:00,14:30:00,43,APROBADA
216ba150-a45f-53d9-af65-38913cbb4ea0,e5da4cff-29aa-5f05-8532-70f093603e74,2025-05-11,11:00:00,13:00:00,35,APROBADA
b470b497-8a49-5f93-929e-aef048770278,a22ee2bf-332c-5ac1-ae12-28ce7b0033a1,2024-07-14,16:00:00,19:00:00,31,APROBADA
714a5615-685e-5e49-b42b-90207217b6e8,10225e74-7c22-5384-8cdc-396a168ec651,2025-03-18,12:00:00,13:30:00,34,APROBADA
c401e59c-7227-5cf5-8326-c0967803441a,05a1191e-b84b-597d-b970-b04889cc30ee,2025-01-14,07:00:00,10:00:00,28,APROBADA
75406bd2-d741-5db4-aa87-891ed8c6c03a,c1489a8f-1dff-511e-b025-5a10261901d7,2025-05-25,16:30:00,17:30:00,25,APROBADA
bbae7000-2a24-56bf-bd4a-0fa15f8f7132,1dee66e3-0076-5033-8ba0-70dd67e8aea0,2025-03-09,13:00:00,14:00:00,41,APROBADA
6c19b9f3-30e3-5e5b-b42d-6548bca8c5b0,0880d439-8834-59c1-bfce-e7f3da722b3f,2024-10-18,15:30:00,17:30:00,30,APROBADA
bb1f483e-e6d0-5142-965c-1f34e3ea25f7,a22ee2bf-332c-5ac1-ae12-28ce7b0033a1,2024-07-28,19:00:00,21:00:00,26,APROBADA
c7576775-748c-5f5d-a6ff-e6c8b8eca2fc,6903b35b-c2a6-5770-98e5-743c2bc06b45,2024-09-09,17:30:00,20:30:00,35,APROBADA
a1b74018-5fb8-5732-bdb8-5a666b39fa50,05a1191e-b84b-597d-b970-b04889cc30ee,2025-05-10,09:00:00,10:30:00,32,APROBADA
a05b5496-a481-57d9-b82f-b9c95b4d32e1,1a0b71d7-4721-5998-bd82-de26b25b5771,2024-08-08,13:00:00,14:00:00,39,APROBADA
f8042bea-39e5-5cbf-bb6d-0212a0cd1b5a,706ea773-fd09-5587-a465-302616f9d571,2024-09-02,12:30:00,15:30:00,30,APROBADA
2d89ab06-9bce-581f-a14b-0cd9ed6e674e,6903b35b-c2a6-5770-98e5-743c2bc06b45,2025-06-25,10:30:00,12:00:00,25,APROBADA
de79e89e-6388-5225-b55b-d800b8bcea84,d7ce39c6-be5b-537a-ae81-d449a1710ff2,2025-01-04,15:00:00,17:00:00,42,APROBADA
75223569-683f-5ad5-8d8d-de411f341484,0880d439-8834-59c1-bfce-e7f3da722b3f,2024-11-15,15:00:00,17:00:00,43,APROBADA
d94cd181-856d-5b90-beb4-d4baefcaa44c,d7ce39c6-be5b-537a-ae81-d449a1710ff2,2024-10-17,07:30:00,09:30:00,43,APROBADA
11d92234-cd76-5dec-b520-cca8b8a2637f,e5da4cff-29aa-5f05-8532-70f093603e74,2025-01-01,17:30:00,18:30:00,32,APROBADA
36c84eed-6437-5b7d-b02b-5f8dd4db4a7d,da1fe6a7-058c-5ad3-a10e-f529804a44b5,2025-04-26,18:00:00,19:00:00,29,APROBADA
5bbba7b6-e911-513c-bfb4-303656d8113c,7d424b25-0f98-5f10-b2a8-ed9ddcd33e7a,2025-01-13,16:00:00,17:00:00,33,APROBADA
9fa1dc50-36e7-5631-ade5-d3988136fef3,6903b35b-c2a6-5770-98e5-743c2bc06b45,2024-09-22,11:00:00,14:00:00,29,APROBADA
c1c6d421-4386-5e65-abd9-57c851e17da3,b46607fb-d28f-5c06-a3a8-091cb9d995ec,2025-05-04,18:00:00,20:00:00,31,APROBADA
2581a1a6-6a44-5d7c-ab8f-b801dc681e65,2574a671-d58d-5db3-8c9f-2518d8a8d790,2025-05-23,07:30:00,09:30:00,30,APROBADA
5f77c6dd-fb35-5d60-9e8e-37cd26a7c29f,05a1191e-b84b-597d-b970-b04889cc30ee,2025-05-13,18:30:00,20:00:00,36,APROBADA
de9584c4-7112-5db2-8043-92c4ea0ba595,05a1191e-b84b-597d-b970-b04889cc30ee,2025-02-26,11:00:00,12:00:00,31,APROBADA
58eaff78-db6e-512b-8d75-d87cf0beac33,b8969593-19a7-5a43-84c0-d52e63ac0cb4,2024-09-01,16:30:00,18:00:00,26,APROBADA
3b7c07a3-24c7-54f7-962d-c6cdc655eca5,8fd4b53b-1d49-5307-8a1a-e184999a4434,2024-07-19,12:00:00,15:00:00,34,APROBADA
3f3015de-bf50-5340-b76d-cf3761db1f98,e5da4cff-29aa-5f05-8532-70f093603e74,2025-01-18,15:00:00,16:00:00,37,APROBADA
4dbfc5fe-70bd-535b-881a-087872c662bd,eb4139b4-3715-5623-a990-d045271440a9,2024-12-04,08:30:00,11:30:00,26,APROBADA
aca48a01-a453-5d87-a9fc-1be20712c9c6,2574a671-d58d-5db3-8c9f-2518d8a8d790,2024-11-25,10:30:00,13:30:00,31,APROBADA
d7541e26-ed7f-5c41-8b7a-52027193c42a,2574a671-d58d-5db3-8c9f-2518d8a8d790,2024-08-26,12:00:00,13:00:00,35,APROBADA
f734f019-61a0-5456-9913-42a417321774,a40fe9f0-87fa-5853-968f-5cedd5939e8a,2025-02-09,07:30:00,09:00:00,30,APROBADA
cb1b5ab4-280b-5e44-aaff-6b2fe5f2851e,b46607fb-d28f-5c06-a3a8-091cb9d995ec,2025-06-04,10:30:00,13:30:00,29,APROBADA
b96533b6-da50-5879-9389-39bb88be4c10,b8969593-19a7-5a43-84c0-d52e63ac0cb4,2025-06-03,11:30:00,13:30:00,26,APROBADA
b50ee152-93b4-5dca-ac3a-2ef4191631f0,2574a671-d58d-5db3-8c9f-2518d8a8d790,2025-05-29,15:30:00,18:30:00,25,APROBADA
e7c4e6f7-c63e-571a-8757-be5009802cf4,05a1191e-b84b-597d-b970-b04889cc30ee,2024-09-23,08:30:00,10:00:00,29,APROBADA
23220be7-961a-5120-a2bd-23cb78a15593,ef815f08-b586-5f03-964a-a08004eaebf3,2024-08-14,14:00:00,17:00:00,35,APROBADA
c99899b5-987c-5da0-9d9a-daf9ddf7a089,ef815f08-b586-5f03-964a-a08004eaebf3,2024-10-08,13:00:00,15:00:00,35,APROBADA
764a90a7-9f80-51c2-ba8e-604ee14a3ccf,da1fe6a7-058c-5ad3-a10e-f529804a44b5,2025-04-28,18:00:00,20:00:00,28,APROBADA
12e80a8f-f9de-5613-accb-c0800252f454,1a0b71d7-4721-5998-bd82-de26b25b5771,2024-08-09,13:30:00,15:00:00,28,APROBADA
63ddae94-2b4b-5988-8f70-12fae769930f,da1fe6a7-058c-5ad3-a10e-f529804a44b5,2024-08-30,14:30:00,16:00:00,28,APROBADA
b90a78aa-95cb-5267-a5be-de91c3276aba,d76d770e-14c2-5fea-bf8b-28f95250e124,2025-02-20,10:00:00,11:00:00,36,APROBADA
c216ed2b-1f19-5e32-8e95-967ff0888f4b,eb4139b4-3715-5623-a990-d045271440a9,2024-07-29,15:30:00,16:30:00,31,APROBADA
13060f5a-c0d2-5eb9-972a-9105f36b243b,23c254ed-4635-5cec-baa9-656efa7fd130,2024-12-14,19:00:00,20:00:00,26,APROBADA
d36b9987-b029-554e-9dcd-0195203bbdd2,6c814918-8ba0-52cc-9377-6d60b7946f8b,2024-07-04,16:30:00,19:30:00,34,APROBADA
6f5e2e88-5ec3-5d8e-84bc-7ddaecc1a991,6d481120-dab0-50c8-8f1b-33cf911e9573,2025-02-17,19:00:00,20:00:00,36,APROBADA
aff001ca-68df-52ea-a10a-9c5f1aab91fb,2574a671-d58d-5db3-8c9f-2518d8a8d790,2024-07-27,14:00:00,17:00:00,37,APROBADA
19dd7c1d-f4ab-53d7-8733-0a46947b13d7,7bcb3d0c-2500-5f01-abe8-d24e962af50e,2025-04-28,15:30:00,18:30:00,32,APROBADA
9410582c-6f1a-580f-a4f3-2963bfca01be,7d424b25-0f98-5f10-b2a8-ed9ddcd33e7a,2024-12-10,16:30:00,19:30:00,33,APROBADA
2c6eded6-e257-528c-a4d5-6eb323f3b88c,1dee66e3-0076-5033-8ba0-70dd67e8aea0,2024-11-12,19:00:00,21:00:00,29,APROBADA
7c24ddeb-49bc-5e03-8424-3afe0cd159bf,4b4a10f4-36fa-5109-bc5d-14e24370c164,2025-02-27,15:30:00,17:00:00,29,APROBADA
8d1ebd17-60bc-5896-ad4d-eae4de8641c7,6903b35b-c2a6-5770-98e5-743c2bc06b45,2024-10-26,13:30:00,14:30:00,31,APROBADA
c9ceab69-8bed-5fda-a441-6b3bc150f7b4,c1489a8f-1dff-511e-b025-5a10261901d7,2024-07-19,18:30:00,20:00:00,28,APROBADA
49b97592-e957-5f26-a295-662768106575,706ea773-fd09-5587-a465-302616f9d571,2025-04-12,13:00:00,16:00:00,36,APROBADA
94f8e836-2810-5aaa-80ce-2562f9913489,dd609563-702d-543d-a49a-0ce27a83f234,2025-01-23,11:30:00,13:30:00,38,APROBADA
5ee60b9d-e4c5-5d88-930f-6c6e9bce70f8,ef815f08-b586-5f03-964a-a08004eaebf3,2025-02-15,17:00:00,20:00:00,33,APROBADA
2614d560-5a02-5b37-ac17-3cca986dfba0,6c814918-8ba0-52cc-9377-6d60b7946f8b,2024-07-19,11:00:00,12:00:00,30,APROBADA
c30b8273-03e1-5bd8-ba79-b4edd7f1c7b7,c1489a8f-1dff-511e-b025-5a10261901d7,2024-11-09,12:00:00,14:00:00,29,APROBADA
376ea031-03ec-5cb5-8db6-621ca0fb5cd4,05a1191e-b84b-597d-b970-b04889cc30ee,2025-02-03,12:30:00,15:30:00,31,APROBADA
1f0290cb-6358-5dc4-980a-5a6f948e8d86,7d424b25-0f98-5f10-b2a8-ed9ddcd33e7a,2025-05-29,19:00:00,22:00:00,37,APROBADA
767546ab-85bf-5744-b3d9-c7cd06ca6078,6c814918-8ba0-52cc-9377-6d60b7946f8b,2024-10-23,11:00:00,12:00:00,31,APROBADA
c8c67ed4-68a4-51fd-b1f2-d21229330b30,d7ce39c6-be5b-537a-ae81-d449a1710ff2,2024-10-06,09:00:00,12:00:00,38,APROBADA
67522dc8-f270-592c-b400-37e6ab4c5898,c1489a8f-1dff-511e-b025-5a10261901d7,2025-04-13,12:00:00,13:30:00,29,APROBADA
38cf05b9-98dc-58a7-a480-48b185ad2b0f,eb4139b4-3715-5623-a990-d045271440a9,2025-02-10,14:30:00,16:00:00,25,APROBADA
67aaf961-7dcc-5c6b-8bfd-3b06c69764ce,6d481120-dab0-50c8-8f1b-33cf911e9573,2025-02-25,19:00:00,21:00:00,45,APROBADA
d97d7983-8e66-5017-9b3b-88e60e4209c9,dd609563-702d-543d-a49a-0ce27a83f234,2025-05-22,10:00:00,12:00:00,37,APROBADA
d94b65ba-beff-5b8a-81bd-7eb6640549cf,7d424b25-0f98-5f10-b2a8-ed9ddcd33e7a,2025-06-22,18:30:00,20:30:00,34,APROBADA
eb0f4fca-492f-56ba-9013-ad1251481a87,706ea773-fd09-5587-a465-302616f9d571,2025-04-22,15:30:00,17:30:00,34,APROBADA
c2910706-d049-5e13-b93c-1c35a7c1b67a,dd609563-702d-543d-a49a-0ce27a83f234,2025-01-20,12:00:00,13:00:00,30,APROBADA
38f26c3d-c08f-534b-85a8-7ef6a13c0638,0880d439-8834-59c1-bfce-e7f3da722b3f,2025-04-07,12:00:00,13:30:00,31,APROBADA
68772de2-e299-5f95-b747-5c29a0033fce,2574a671-d58d-5db3-8c9f-2518d8a8d790,2024-11-23,13:00:00,16:00:00,37,APROBADA
5f8a0c54-cd6f-5a19-ae45-440a9e43cbcd,1dee66e3-0076-5033-8ba0-70dd67e8aea0,2024-09-18,16:00:00,17:00:00,38,APROBADA
f9b636b8-c47d-54c7-a0d1-5fcfca651294,dd609563-702d-543d-a49a-0ce27a83f234,2024-08-05,10:00:00,11:00:00,32,APROBADA
2859a8d1-4065-58e2-927a-d6e0c145575c,6d481120-dab0-50c8-8f1b-33cf911e9573,2025-01-13,14:00:00,15:00:00,25,APROBADA
d0746da8-db26-521a-8f19-0c4b86715a50,05a1191e-b84b-597d-b970-b04889cc30ee,2024-09-04,13:30:00,16:30:00,27,APROBADA
ecec8ace-f08d-5794-ba3e-2acaae1c0199,aad269e7-97f7-5e2d-9c43-cf84b49bd847,2025-06-08,07:30:00,09:00:00,26,APROBADA
f1ce7014-1bb3-541e-8cf6-c760a3e73933,6d481120-dab0-50c8-8f1b-33cf911e9573,2025-03-08,16:00:00,17:30:00,42,APROBADA
c2ee47d9-af37-5f97-916f-28af0dbd274a,aad269e7-97f7-5e2d-9c43-cf84b49bd847,2025-01-08,10:00:00,11:30:00,27,APROBADA
7f71638b-9516-51d8-a21d-a0da16943c26,6c814918-8ba0-52cc-9377-6d60b7946f8b,2024-11-04,16:00:00,17:00:00,36,APROBADA
d4715b58-e182-5a7d-81de-ff72919d83fb,10225e74-7c22-5384-8cdc-396a168ec651,2025-03-09,14:00:00,15:30:00,30,APROBADA
d07e4e70-9162-5a5c-8ca9-4e414dbe7f81,6c814918-8ba0-52cc-9377-6d60b7946f8b,2025-01-27,07:30:00,10:30:00,32,APROBADA
4fea1d38-9296-5aff-b79f-b24e276df5ab,d7ce39c6-be5b-537a-ae81-d449a1710ff2,2025-02-04,12:00:00,13:30:00,34,APROBADA
8b403768-ba13-5748-87b5-e09b1504c438,10225e74-7c22-5384-8cdc-396a168ec651,2025-03-04,18:00:00,19:30:00,28,APROBADA
9cfa6c1e-a127-5243-bc4c-6cb046f23cf7,1a0b71d7-4721-5998-bd82-de26b25b5771,2025-02-01,11:00:00,14:00:00,39,APROBADA
29e356f3-ee58-55ef-b426-6565685bde57,a22ee2bf-332c-5ac1-ae12-28ce7b0033a1,2024-10-11,12:30:00,13:30:00,25,APROBADA
72e45400-d005-57ec-a2ab-9059b209723a,7d424b25-0f98-5f10-b2a8-ed9ddcd33e7a,2025-05-01,08:00:00,11:00:00,34,APROBADA
ef3a83f2-70f5-5ed5-8469-1c3f7177bdb8,e5da4cff-29aa-5f05-8532-70f093603e74,2024-07-30,07:00:00,08:30:00,27,APROBADA
f1ef2107-7613-52c4-a3ad-fe98f26bbd92,d056b3a8-8204-507a-b6c1-1f1203a87651,2025-02-11,11:30:00,12:30:00,28,APROBADA
bebe1e68-e77f-5a8d-9e63-61cd48d75198,2574a671-d58d-5db3-8c9f-2518d8a8d790,2025-04-14,12:00:00,14:00:00,40,APROBADA
3445abdc-20b4-5718-ae50-615c5b4db70e,2574a671-d58d-5db3-8c9f-2518d8a8d790,2025-06-11,13:30:00,15:30:00,33,APROBADA
7aec9e3c-d02f-5dd2-abc4-be944c55de96,6c814918-8ba0-52cc-9377-6d60b7946f8b,2025-04-19,13:30:00,15:00:00,28,APROBADA
eb0c6eb2-12c5-50ee-ad88-7e571eaabf02,e5da4cff-29aa-5f05-8532-70f093603e74,2024-11-08,12:00:00,14:00:00,37,APROBADA
104769b7-80da-55a6-9ee8-4024144267ec,d7ce39c6-be5b-537a-ae81-d449a1710ff2,2025-01-27,15:30:00,18:30:00,38,APROBADA
7cb969f8-ab08-5655-8168-be856488b795,6c814918-8ba0-52cc-9377-6d60b7946f8b,2025-01-21,15:00:00,16:30:00,29,APROBADA
534fdef3-d0df-5946-9e09-2c970b97c3ef,6c814918-8ba0-52cc-9377-6d60b7946f8b,2024-07-05,19:00:00,22:00:00,34,APROBADA
bf77d64d-cfa7-5c42-9d57-7520ab9c0aea,dd609563-702d-543d-a49a-0ce27a83f234,2024-07-24,15:00:00,16:30:00,38,APROBADA
4b371956-f5e7-5cdb-abf4-34bfc03abdd6,2574a671-d58d-5db3-8c9f-2518d8a8d790,2025-05-04,16:00:00,17:30:00,38,APROBADA
f27c7860-5a58-515b-b004-f2054786686a,8fd4b53b-1d49-5307-8a1a-e184999a4434,2025-02-13,17:00:00,20:00:00,35,APROBADA
e4394c61-6014-5c81-8c69-f5a2dcec54e2,b8969593-19a7-5a43-84c0-d52e63ac0cb4,2025-03-28,14:00:00,15:00:00,26,APROBADA
edda8758-e1b9-57a3-9d8a-0c1d98c8a355,1a0b71d7-4721-5998-bd82-de26b25b5771,2025-01-30,08:30:00,09:30:00,29,APROBADA
419b06a2-c120-507e-bc91-845a8f7b23b7,7d424b25-0f98-5f10-b2a8-ed9ddcd33e7a,2024-07-25,14:00:00,16:00:00,26,APROBADA
6513ebe9-c49c-5bc6-8184-cf0b636d8a12,e5da4cff-29aa-5f05-8532-70f093603e74,2024-09-09,16:00:00,18:00:00,34,APROBADA
ba2321ae-965a-543e-bd5f-40945d76b324,8fd4b53b-1d49-5307-8a1a-e184999a4434,2024-08-07,09:30:00,12:30:00,33,APROBADA
fc8e5e03-2f64-532f-8a38-9b8d33431e1c,dd609563-702d-543d-a49a-0ce27a83f234,2025-05-10,15:30:00,16:30:00,32,APROBADA
f28f2b37-283e-5ae8-8d95-9333e6c07458,0880d439-8834-59c1-bfce-e7f3da722b3f,2024-12-25,08:00:00,09:00:00,28,APROBADA
dd495e86-0ab7-5f9c-8fc0-e085fcf99e8a,aad269e7-97f7-5e2d-9c43-cf84b49bd847,2024-12-26,14:30:00,17:30:00,26,APROBADA
97b9a4db-6198-59c8-b6c9-0b216a35794d,45b00d8f-2f79-52ba-8b17-e7d6ee0b476f,2025-03-03,14:00:00,17:00:00,34,APROBADA
4e098e9c-d6a4-5090-98f2-95a675d43101,706ea773-fd09-5587-a465-302616f9d571,2024-12-16,18:00:00,19:00:00,33,APROBADA
433b6979-5e23-52e9-9d95-f5ead942d195,0880d439-8834-59c1-bfce-e7f3da722b3f,2024-08-05,08:00:00,09:30:00,40,APROBADA
7644984e-d957-543a-928d-eef028e41c93,10225e74-7c22-5384-8cdc-396a168ec651,2025-04-15,16:30:00,18:00:00,34,APROBADA
b7807709-9374-56af-8aec-fd02c1039ff1,d056b3a8-8204-507a-b6c1-1f1203a87651,2024-08-04,14:30:00,17:30:00,29,APROBADA
18d79c87-9295-5eca-a991-7fd99f5d7ba4,1a0b71d7-4721-5998-bd82-de26b25b5771,2024-08-02,09:30:00,12:30:00,32,APROBADA
4a985e04-37ec-5973-9380-679d3cf70059,eb4139b4-3715-5623-a990-d045271440a9,2025-04-19,12:30:00,13:30:00,31,APROBADA
04170153-3140-5f63-bde9-d88b9abe88dc,7bcb3d0c-2500-5f01-abe8-d24e962af50e,2024-08-02,18:30:00,20:30:00,25,APROBADA
0ed52fb1-8986-5130-ab0b-5b23deff6329,7bcb3d0c-2500-5f01-abe8-d24e962af50e,2024-09-27,07:00:00,09:00:00,31,APROBADA
e1f98509-29a8-5ffc-967d-6334321aaf09,6d481120-dab0-50c8-8f1b-33cf911e9573,2024-12-20,10:30:00,13:30:00,28,APROBADA
2c457201-b41e-5813-8d41-249f3d11eb14,eb4139b4-3715-5623-a990-d045271440a9,2025-06-13,15:00:00,17:00:00,25,APROBADA
92b23d1e-2c07-59ba-b667-457be4429170,c1489a8f-1dff-511e-b025-5a10261901d7,2024-10-18,17:30:00,18:30:00,31,APROBADA
0ec92553-7059-5dcb-93d4-b4087c699fd2,7d424b25-0f98-5f10-b2a8-ed9ddcd33e7a,2024-11-06,13:00:00,16:00:00,25,APROBADA
01ea7ec6-98aa-55a8-baea-02c95fe8efb8,7bcb3d0c-2500-5f01-abe8-d24e962af50e,2024-07-11,12:30:00,15:30:00,32,APROBADA
4c83137a-3223-576c-baf3-9ab6a053cf57,706ea773-fd09-5587-a465-302616f9d571,2025-06-04,13:00:00,14:00:00,34,APROBADA
86153f48-f801-5e53-8281-c4f9c429054e,1a0b71d7-4721-5998-bd82-de26b25b5771,2024-11-14,16:00:00,19:00:00,42,APROBADA
760d0f11-decb-54cf-82e2-03b68c0f00e3,23c254ed-4635-5cec-baa9-656efa7fd130,2024-11-30,13:00:00,14:00:00,29,APROBADA
aef000da-de58-55a2-a8dd-2d6d7aee0dba,05a1191e-b84b-597d-b970-b04889cc30ee,2025-04-14,15:00:00,17:00:00,27,APROBADA
ddc25009-4f0d-55ec-83d0-068e98db297e,7bcb3d0c-2500-5f01-abe8-d24e962af50e,2025-03-04,09:00:00,12:00:00,28,APROBADA
9d1eb976-fdc6-50ea-b264-594098674640,d056b3a8-8204-507a-b6c1-1f1203a87651,2024-12-05,17:30:00,19:00:00,29,APROBADA
a1325d00-61af-50ff-b340-aed3351cf871,d7ce39c6-be5b-537a-ae81-d449a1710ff2,2024-08-27,14:30:00,15:30:00,27,APROBADA
40461ed7-e009-534d-a904-2a5d20f93371,6903b35b-c2a6-5770-98e5-743c2bc06b45,2024-07-30,16:30:00,18:30:00,33,APROBADA
1eb08b7c-319a-5c62-a921-0f6d1fb3fe4d,a22ee2bf-332c-5ac1-ae12-28ce7b0033a1,2024-08-23,13:30:00,15:30:00,36,APROBADA
7fbc132b-c68b-593a-83a0-ebe11fce7233,1a0b71d7-4721-5998-bd82-de26b25b5771,2024-10-02,11:00:00,12:00:00,34,APROBADA
b5e99694-9b6b-5b28-ab4b-be2bd8904cce,b46607fb-d28f-5c06-a3a8-091cb9d995ec,2025-05-22,16:00:00,17:00:00,34,APROBADA
d73276d8-b1fb-5202-aa8a-23d1c8b742ff,dd609563-702d-543d-a49a-0ce27a83f234,2024-11-18,16:00:00,17:30:00,28,APROBADA
5cb17602-c5bc-5a4d-90e7-417506ea05ae,d056b3a8-8204-507a-b6c1-1f1203a87651,2025-03-03,17:00:00,20:00:00,25,APROBADA
97340e81-5b3e-5dff-bbf1-65208782f972,6d481120-dab0-50c8-8f1b-33cf911e9573,2025-05-02,17:30:00,18:30:00,28,APROBADA
5c370036-95fb-58da-8dc7-3e3b73102089,1a0b71d7-4721-5998-bd82-de26b25b5771,2025-05-01,11:00:00,13:00:00,28,APROBADA
ec15d014-06bb-5734-84d9-7cce14096ad4,c1489a8f-1dff-511e-b025-5a10261901d7,2024-07-16,19:00:00,22:00:00,30,APROBADA
7d29eb47-47e1-5d69-8593-d80fc31b2e69,05a1191e-b84b-597d-b970-b04889cc30ee,2024-09-14,08:30:00,09:30:00,30,APROBADA
64ca818c-0723-53e2-9dc6-97a073680605,0880d439-8834-59c1-bfce-e7f3da722b3f,2024-09-24,16:00:00,17:00:00,30,APROBADA
d65de1f5-2d69-58b3-849a-fabd4eb6d705,4b4a10f4-36fa-5109-bc5d-14e24370c164,2025-06-25,10:00:00,12:00:00,29,APROBADA
837fb15c-82f3-5f5b-8621-103f91141575,dd609563-702d-543d-a49a-0ce27a83f234,2024-12-06,07:00:00,09:00:00,31,APROBADA
ee4c1d5d-0824-51ec-b18d-baab13c25074,ef815f08-b586-5f03-964a-a08004eaebf3,2025-06-25,11:30:00,13:00:00,29,APROBADA
0273e2cd-5dee-5050-8ef8-f418964e5857,dd609563-702d-543d-a49a-0ce27a83f234,2025-04-28,16:00:00,17:00:00,25,APROBADA
566dd250-8af3-57a0-a869-60d140c9f79c,dd609563-702d-543d-a49a-0ce27a83f234,2024-08-09,19:00:00,20:00:00,25,APROBADA
66f94c25-8923-53c1-abdb-7b6bdd9fa2d6,e5da4cff-29aa-5f05-8532-70f093603e74,2025-06-18,12:00:00,13:30:00,28,APROBADA
663f1b01-825f-5c83-be4b-6ed2c6017af0,6d481120-dab0-50c8-8f1b-33cf911e9573,2025-04-23,09:00:00,10:00:00,39,APROBADA
1793dfc6-0deb-52c1-87c0-639fc8951c9f,1a0b71d7-4721-5998-bd82-de26b25b5771,2024-07-17,11:00:00,13:00:00,27,APROBADA
bf74dae2-92ec-5dc8-b612-860cc2c855e9,aad269e7-97f7-5e2d-9c43-cf84b49bd847,2024-12-17,11:30:00,13:00:00,29,APROBADA
0b974aee-1af0-552a-a64d-f7ba4603a7ad,d76d770e-14c2-5fea-bf8b-28f95250e124,2024-09-03,12:00:00,13:00:00,34,APROBADA
f2e56338-2339-53c4-8d83-50395f41cedc,ef815f08-b586-5f03-964a-a08004eaebf3,2024-08-20,16:00:00,19:00:00,26,APROBADA
444f0df5-6dbf-5674-9d38-4bd2a9ee1c59,da1fe6a7-058c-5ad3-a10e-f529804a44b5,2024-11-02,14:00:00,17:00:00,36,APROBADA
b6d78509-e614-5e6e-8cc5-b52954c1b369,ef815f08-b586-5f03-964a-a08004eaebf3,2024-07-23,18:00:00,19:30:00,36,APROBADA
60790e9f-ae62-53dd-941f-921187c6a065,dd609563-702d-543d-a49a-0ce27a83f234,2024-08-18,14:00:00,17:00:00,36,APROBADA
dd026ce9-98d7-54aa-8f1f-e04b927a0309,6d481120-dab0-50c8-8f1b-33cf911e9573,2025-04-27,18:30:00,19:30:00,26,APROBADA
91f5de08-2bbe-5a7c-aef2-915402c742f3,4b4a10f4-36fa-5109-bc5d-14e24370c164,2025-01-01,15:00:00,18:00:00,32,APROBADA
4af69a60-3b61-5d6f-ba42-b15e2b0e1eaf,aad269e7-97f7-5e2d-9c43-cf84b49bd847,2025-06-08,14:00:00,15:30:00,30,APROBADA
b41c0842-5786-5c20-bc45-aa3248370d27,1dee66e3-0076-5033-8ba0-70dd67e8aea0,2025-03-06,11:30:00,14:30:00,32,APROBADA
18ccdc56-aa4d-5db8-84e5-a7294ca6bab1,7bcb3d0c-2500-5f01-abe8-d24e962af50e,2025-06-24,10:30:00,11:30:00,31,APROBADA
47b6369c-e6db-5409-bf9c-d27f8ada6e21,05a1191e-b84b-597d-b970-b04889cc30ee,2025-01-03,11:00:00,12:30:00,32,APROBADA
ef8972bc-fbff-510d-a654-8a585a50bee2,7bcb3d0c-2500-5f01-abe8-d24e962af50e,2024-12-01,16:00:00,17:30:00,32,APROBADA
de3a7439-b7dc-56df-b131-6a608e3e3eff,706ea773-fd09-5587-a465-302616f9d571,2024-07-09,16:30:00,17:30:00,29,APROBADA
83614b3d-18c2-5db8-b3a8-40e5034b3b5c,c1489a8f-1dff-511e-b025-5a10261901d7,2024-12-20,09:00:00,11:00:00,26,APROBADA
34f0b5e6-295b-5116-b7a7-d9f50180e0a0,0880d439-8834-59c1-bfce-e7f3da722b3f,2024-09-10,18:30:00,20:00:00,40,APROBADA
42d1442c-0173-552f-857b-b9550a6947b6,1a0b71d7-4721-5998-bd82-de26b25b5771,2024-10-16,16:30:00,18:30:00,44,APROBADA
43918e9a-1ecf-5432-b83e-8b7b52de8534,ef815f08-b586-5f03-964a-a08004eaebf3,2024-10-12,16:30:00,18:30:00,30,APROBADA
6abedfa1-a78d-5ebb-b84b-ada0621a7905,7d424b25-0f98-5f10-b2a8-ed9ddcd33e7a,2025-02-08,09:30:00,12:30:00,36,APROBADA
25992128-eba4-5c65-918f-7339642d1dfd,e5da4cff-29aa-5f05-8532-70f093603e74,2025-05-15,16:30:00,17:30:00,32,APROBADA
263deddf-e992-556e-96f5-92196dee22c4,b46607fb-d28f-5c06-a3a8-091cb9d995ec,2025-02-27,19:00:00,21:00:00,34,APROBADA
86328fba-5202-5a76-8f87-0e324bae065f,23c254ed-4635-5cec-baa9-656efa7fd130,2025-05-05,09:00:00,10:30:00,27,APROBADA
ff37e0af-fe76-5e56-8eb7-fb41898f605c,f5e43a2a-032c-562e-837a-ff3c72abffb4,2025-05-10,16:30:00,18:00:00,29,APROBADA
f0ee870f-444c-5ed6-bb21-dcbd8964c2b7,8fd4b53b-1d49-5307-8a1a-e184999a4434,2024-10-25,16:30:00,19:30:00,38,APROBADA
711e5b1f-ae87-52fb-b9c0-0d2522128592,706ea773-fd09-5587-a465-302616f9d571,2024-09-13,14:30:00,16:30:00,37,APROBADA
0c28485c-1e3d-53e0-aff4-b555f4de224f,e5da4cff-29aa-5f05-8532-70f093603e74,2025-02-27,08:00:00,09:30:00,26,APROBADA
199d607d-ab45-57db-a910-dca746fd88dd,b8969593-19a7-5a43-84c0-d52e63ac0cb4,2025-03-15,10:30:00,12:30:00,28,APROBADA
608e6f20-4c74-5b4d-8e80-8830bd0f7ea3,b46607fb-d28f-5c06-a3a8-091cb9d995ec,2025-01-12,08:30:00,11:30:00,39,APROBADA
f3432020-8921-5ab4-8cbc-9a6e26152d8a,7d424b25-0f98-5f10-b2a8-ed9ddcd33e7a,2024-10-12,12:00:00,14:00:00,37,APROBADA
e9341c2d-4314-5bc0-b59e-0e96ffc76083,4b4a10f4-36fa-5109-bc5d-14e24370c164,2024-11-11,09:30:00,10:30:00,31,APROBADA
b9b39724-7307-5cea-b66c-1265ed467467,1a0b71d7-4721-5998-bd82-de26b25b5771,2025-02-27,11:00:00,14:00:00,31,APROBADA
0758d728-cc2c-5595-8639-e3c2f65a2a62,7d424b25-0f98-5f10-b2a8-ed9ddcd33e7a,2024-09-08,14:30:00,16:30:00,31,APROBADA
a191af05-9d5f-5f01-977c-5911f177e791,d7ce39c6-be5b-537a-ae81-d449a1710ff2,2024-12-21,18:30:00,19:30:00,38,APROBADA
add4efbe-0fd3-52b9-8629-1aab4d5c5ec4,d7ce39c6-be5b-537a-ae81-d449a1710ff2,2025-01-09,13:00:00,14:30:00,30,APROBADA
c4f7ef50-49dc-588d-aa42-db026c9374ab,d76d770e-14c2-5fea-bf8b-28f95250e124,2024-10-28,15:30:00,17:30:00,26,APROBADA
11ae7065-ce49-5127-b077-4a1d1ab55f24,e5da4cff-29aa-5f05-8532-70f093603e74,2025-06-27,18:30:00,21:30:00,36,APROBADA
8e9c6eda-7b15-5059-86ca-62ccdd97f6c2,b8969593-19a7-5a43-84c0-d52e63ac0cb4,2024-09-28,16:30:00,19:30:00,28,APROBADA
b4d66c19-579b-53ea-b8f1-b7b7d62e180f,d7ce39c6-be5b-537a-ae81-d449a1710ff2,2024-08-14,08:30:00,10:00:00,26,APROBADA
c8b38458-d61a-590b-937b-9cf67725e6f1,e5da4cff-29aa-5f05-8532-70f093603e74,2024-10-15,11:30:00,12:30:00,37,APROBADA
c914b684-35ef-5fc4-b745-f01cce48acc0,706ea773-fd09-5587-a465-302616f9d571,2024-07-09,15:30:00,17:30:00,33,APROBADA
eda8495e-5d31-5d50-a061-967823712419,c1489a8f-1dff-511e-b025-5a10261901d7,2025-02-22,17:00:00,19:00:00,31,APROBADA
8cc827b5-4743-5fe5-a2d3-93503dbca133,eb4139b4-3715-5623-a990-d045271440a9,2025-05-24,15:30:00,17:30:00,27,APROBADA
41cf9244-cd9b-5deb-987a-53bcf57c33aa,6903b35b-c2a6-5770-98e5-743c2bc06b45,2024-11-26,10:30:00,11:30:00,27,APROBADA
2130032b-e6ea-59b7-b814-3902c044ce5d,6d481120-dab0-50c8-8f1b-33cf911e9573,2024-10-13,10:00:00,12:00:00,28,APROBADA
8f0eb5d1-273e-54a7-8ffc-2a38c77a1317,6d481120-dab0-50c8-8f1b-33cf911e9573,2024-09-30,08:00:00,11:00:00,34,APROBADA
4d340e21-29ee-58b2-ab5c-93cbdd2b1f70,eb4139b4-3715-5623-a990-d045271440a9,2024-08-25,07:00:00,09:00:00,27,APROBADA
a2d2a56f-df9b-5207-aab5-ba66bedeb15b,0880d439-8834-59c1-bfce-e7f3da722b3f,2024-08-20,07:30:00,09:30:00,36,APROBADA
fd1c5db8-b73c-55c6-b5bd-d05952f77bec,a40fe9f0-87fa-5853-968f-5cedd5939e8a,2025-05-16,11:00:00,13:00:00,28,APROBADA
a2082065-c8b0-5221-994b-a67f3dfc7f24,23c254ed-4635-5cec-baa9-656efa7fd130,2025-06-21,08:30:00,10:00:00,29,APROBADA
025205c7-315c-5aac-b85e-c32de9610ad6,6903b35b-c2a6-5770-98e5-743c2bc06b45,2025-01-17,17:30:00,19:00:00,33,APROBADA
28e8031b-0a74-587e-a690-3ecbc25bc565,45b00d8f-2f79-52ba-8b17-e7d6ee0b476f,2024-10-08,13:00:00,16:00:00,32,APROBADA
a9701f03-13f0-53f9-92ec-06b4cfd17794,45b00d8f-2f79-52ba-8b17-e7d6ee0b476f,2024-10-22,17:00:00,18:30:00,25,APROBADA
bf10af45-f4a9-5edd-99d7-6461fb60826c,4b4a10f4-36fa-5109-bc5d-14e24370c164,2024-11-09,09:30:00,12:30:00,27,APROBADA
439738ca-cfe1-5d67-a289-a1b5d12f17e8,d76d770e-14c2-5fea-bf8b-28f95250e124,2025-05-04,12:30:00,13:30:00,39,APROBADA
13b1cc48-3280-56ed-9c89-c33cd9b59662,dd609563-702d-543d-a49a-0ce27a83f234,2024-07-26,18:00:00,19:00:00,25,APROBADA
b574a28c-33cd-5427-acdb-167b520c546b,23c254ed-4635-5cec-baa9-656efa7fd130,2024-10-11,07:00:00,09:00:00,27,APROBADA
e50b1d8d-0d9c-5c0e-ad29-e984640ccfda,45b00d8f-2f79-52ba-8b17-e7d6ee0b476f,2025-06-24,11:30:00,12:30:00,33,APROBADA
63eebd32-eaa0-5e08-8ae5-db31062fcfb6,8fd4b53b-1d49-5307-8a1a-e184999a4434,2024-12-10,14:00:00,15:00:00,31,APROBADA
51e08431-7b0a-5773-b8db-ec51b1aa0265,23c254ed-4635-5cec-baa9-656efa7fd130,2025-03-17,13:00:00,16:00:00,26,APROBADA
41097622-b9ae-5cbd-8151-02aeeab67437,b46607fb-d28f-5c06-a3a8-091cb9d995ec,2025-03-20,12:00:00,14:00:00,25,APROBADA
cd345ef3-eeba-56c0-9d69-7d34551e4afa,e5da4cff-29aa-5f05-8532-70f093603e74,2024-10-01,17:30:00,20:30:00,30,APROBADA
da293b3a-0818-5995-8aed-c4b62925579b,6903b35b-c2a6-5770-98e5-743c2bc06b45,2025-04-02,14:00:00,16:00:00,28,APROBADA
7d1894ba-479a-52f6-acf6-7729c6741997,1dee66e3-0076-5033-8ba0-70dd67e8aea0,2025-04-05,08:00:00,11:00:00,35,APROBADA
0a53ac3d-8c15-55fe-9391-9ec83d9d56ca,7d424b25-0f98-5f10-b2a8-ed9ddcd33e7a,2025-04-01,07:30:00,08:30:00,36,APROBADA
dccdcfae-6a74-57e0-a7a5-ca793a81160e,a22ee2bf-332c-5ac1-ae12-28ce7b0033a1,2025-06-20,15:30:00,16:30:00,26,APROBADA
d0c33c77-41cf-5b52-bf82-5a93115905d7,dd609563-702d-543d-a49a-0ce27a83f234,2024-10-24,07:00:00,10:00:00,35,APROBADA
fd55f86a-84dd-5665-90a4-500ddd1a3ee8,dd609563-702d-543d-a49a-0ce27a83f234,2024-10-06,19:00:00,22:00:00,37,APROBADA
aa6f2335-9682-546a-b98a-5f857140be34,e5da4cff-29aa-5f05-8532-70f093603e74,2024-09-07,08:30:00,10:30:00,38,APROBADA
0b721c72-1044-52d0-9142-0242b22022de,da1fe6a7-058c-5ad3-a10e-f529804a44b5,2025-03-25,18:30:00,20:00:00,30,APROBADA
9b7eae61-0d94-569f-9fc2-95bb5429867c,b46607fb-d28f-5c06-a3a8-091cb9d995ec,2024-11-02,08:30:00,11:30:00,27,APROBADA
588b5196-50a4-55fd-a327-d975b4a8d061,dd609563-702d-543d-a49a-0ce27a83f234,2024-09-25,09:30:00,12:30:00,28,APROBADA
758ecc27-c612-5962-a4bb-98c24a11f97e,f5e43a2a-032c-562e-837a-ff3c72abffb4,2025-01-30,10:00:00,11:00:00,30,APROBADA
fc1b5677-eedb-5105-b4dc-e143e7730af2,f5e43a2a-032c-562e-837a-ff3c72abffb4,2024-09-18,11:30:00,13:00:00,27,APROBADA
8d941658-c573-59a2-a312-f881f7738edd,706ea773-fd09-5587-a465-302616f9d571,2025-01-28,10:30:00,12:30:00,29,APROBADA
57c55253-c538-5ac8-af0c-70cca239ea6e,7d424b25-0f98-5f10-b2a8-ed9ddcd33e7a,2025-01-30,12:30:00,14:00:00,25,APROBADA
9daf2d53-db9e-578f-a5ed-f092e9a71a53,0880d439-8834-59c1-bfce-e7f3da722b3f,2025-06-21,16:00:00,17:00:00,44,APROBADA
7618263c-60e5-5b9c-876f-0c100c2f770a,6c814918-8ba0-52cc-9377-6d60b7946f8b,2024-08-31,10:00:00,12:00:00,27,APROBADA
371d48be-afd4-531e-84c8-8f11e32ca907,8fd4b53b-1d49-5307-8a1a-e184999a4434,2025-02-22,10:30:00,13:30:00,29,APROBADA
9bafcef1-d541-5431-b33c-fc7bff69ea5e,4b4a10f4-36fa-5109-bc5d-14e24370c164,2025-06-25,10:00:00,13:00:00,25,APROBADA
6bd2e313-422a-5352-baba-40df6f90fa58,c1489a8f-1dff-511e-b025-5a10261901d7,2025-04-25,13:30:00,16:30:00,30,APROBADA
3ee6f956-3d64-5e9d-accd-176cb454b38a,10225e74-7c22-5384-8cdc-396a168ec651,2024-08-07,13:00:00,14:30:00,34,APROBADA
7abb7776-cc65-5a07-a390-26a73a92246a,23c254ed-4635-5cec-baa9-656efa7fd130,2025-04-19,17:30:00,20:30:00,31,APROBADA
13b71e42-2ead-5cba-a196-56b7f7c3100e,6c814918-8ba0-52cc-9377-6d60b7946f8b,2024-07-07,10:00:00,12:00:00,39,APROBADA
40d82327-55bb-5dff-884c-1b64a3eb99b8,d76d770e-14c2-5fea-bf8b-28f95250e124,2025-02-17,09:30:00,11:30:00,25,APROBADA
99e5220c-9f3d-5b9e-b9e5-9249e3d95138,d7ce39c6-be5b-537a-ae81-d449a1710ff2,2025-02-11,18:30:00,20:00:00,37,APROBADA
284bf9a2-7fb5-5955-adf0-e68d595ef1da,0880d439-8834-59c1-bfce-e7f3da722b3f,2024-08-16,15:00:00,18:00:00,44,APROBADA
108c57e2-46b4-578d-b681-a97635c5bcdc,eb4139b4-3715-5623-a990-d045271440a9,2024-10-27,14:30:00,16:00:00,26,APROBADA
292a99b6-47eb-558f-9b2b-da91207f8397,b46607fb-d28f-5c06-a3a8-091cb9d995ec,2025-02-02,13:00:00,14:30:00,38,APROBADA
f0dcd29b-334b-586e-9ea3-41b1cb88ef8e,05a1191e-b84b-597d-b970-b04889cc30ee,2025-02-11,18:00:00,19:30:00,30,APROBADA
f026834b-eb91-527c-86c9-6bcff1dd07aa,8fd4b53b-1d49-5307-8a1a-e184999a4434,2025-02-02,11:00:00,14:00:00,30,APROBADA
e265a175-74b8-5323-9f1b-22bf58572c5c,6d481120-dab0-50c8-8f1b-33cf911e9573,2025-04-26,13:30:00,15:00:00,35,APROBADA
f8a579fd-28be-50bc-81eb-9699b9a18443,05a1191e-b84b-597d-b970-b04889cc30ee,2024-11-01,09:00:00,12:00:00,33,APROBADA
ac3b131a-022d-58ef-8935-8969b6013a51,d056b3a8-8204-507a-b6c1-1f1203a87651,2024-07-10,18:00:00,19:00:00,25,APROBADA
479c3e0a-cc36-54f3-94a8-7492f9049a18,f5e43a2a-032c-562e-837a-ff3c72abffb4,2024-07-21,15:30:00,17:30:00,25,APROBADA
e63827d0-26ab-5c31-b3f3-3871c4628066,f5e43a2a-032c-562e-837a-ff3c72abffb4,2025-06-16,18:00:00,19:00:00,26,APROBADA
1e450fe7-a5d5-58f8-8954-ab5819672dfd,6903b35b-c2a6-5770-98e5-743c2bc06b45,2024-07-06,11:00:00,14:00:00,33,APROBADA
d2bc0754-85fd-58a5-8809-7a4779a3de16,d76d770e-14c2-5fea-bf8b-28f95250e124,2025-04-05,18:00:00,20:00:00,40,APROBADA
47605380-7c1c-526c-91cb-54f36321256d,dd609563-702d-543d-a49a-0ce27a83f234,2025-04-14,18:00:00,20:00:00,33,APROBADA
8e10dd40-8c0c-5f35-a97e-0e13b94daf6c,6c814918-8ba0-52cc-9377-6d60b7946f8b,2025-06-22,12:00:00,13:30:00,29,APROBADA
416e9e43-dda4-5dc5-815e-d4faa7e78a70,b46607fb-d28f-5c06-a3a8-091cb9d995ec,2025-02-14,14:30:00,16:30:00,27,APROBADA
34437761-4a35-5ebc-9b63-075b200d4ac5,d7ce39c6-be5b-537a-ae81-d449a1710ff2,2025-06-21,18:30:00,19:30:00,42,APROBADA
2e348cf7-5a9f-521b-be87-8af927efa683,6903b35b-c2a6-5770-98e5-743c2bc06b45,2025-01-02,18:30:00,20:30:00,29,APROBADA
2fa16b1c-9550-550c-81fb-782cfd110630,d76d770e-14c2-5fea-bf8b-28f95250e124,2025-01-21,09:30:00,12:30:00,27,APROBADA
199f5609-8855-5072-9e48-84238b317c54,0880d439-8834-59c1-bfce-e7f3da722b3f,2024-08-30,18:30:00,19:30:00,26,APROBADA
daf79fb0-d011-5379-8873-7157535c6e55,c1489a8f-1dff-511e-b025-5a10261901d7,2025-01-22,16:30:00,18:30:00,29,APROBADA
59e09732-6b34-5a09-879a-e5a1c85ae95e,f5e43a2a-032c-562e-837a-ff3c72abffb4,2024-07-11,09:00:00,11:00:00,25,APROBADA
38edf46e-57a0-54a1-838e-3cf7e8600c55,1dee66e3-0076-5033-8ba0-70dd67e8aea0,2025-06-10,18:00:00,19:30:00,38,APROBADA
aad8eea4-fe5e-541d-b1fe-c0020f7051df,05a1191e-b84b-597d-b970-b04889cc30ee,2025-05-19,07:00:00,08:00:00,30,APROBADA
198e7c50-12ac-558c-901f-79bb25d07873,706ea773-fd09-5587-a465-302616f9d571,2025-02-25,18:00:00,19:30:00,33,APROBADA
6d88402a-8105-5277-996c-84ebafe8c8ea,dd609563-702d-543d-a49a-0ce27a83f234,2025-06-01,17:00:00,18:30:00,37,APROBADA
0307a1ee-bcab-5854-8365-ce5a573f4a7e,e5da4cff-29aa-5f05-8532-70f093603e74,2025-06-27,11:00:00,13:00:00,30,APROBADA
25406df2-a040-527e-9e45-b364793bd9cf,da1fe6a7-058c-5ad3-a10e-f529804a44b5,2025-02-18,16:00:00,17:30:00,35,APROBADA
6944dbdd-4373-54e6-b4f4-466860507719,a40fe9f0-87fa-5853-968f-5cedd5939e8a,2024-09-16,07:00:00,08:30:00,26,APROBADA
1ace9094-8c90-573f-a531-aac5e4241be8,23c254ed-4635-5cec-baa9-656efa7fd130,2024-10-28,14:30:00,16:30:00,29,APROBADA
fb5a90ab-45f8-57a4-8801-7f41e35cbe5e,d7ce39c6-be5b-537a-ae81-d449a1710ff2,2025-04-19,11:30:00,13:30:00,31,APROBADA
b8c3c512-b2f9-50a2-aaf4-f12f30497997,a22ee2bf-332c-5ac1-ae12-28ce7b0033a1,2025-04-23,14:00:00,16:00:00,34,APROBADA
5d8d65cd-3a55-5891-840c-58f5c4f0cff8,05a1191e-b84b-597d-b970-b04889cc30ee,2024-11-22,17:30:00,19:30:00,36,APROBADA
884e0154-6f77-56e8-94fb-a9e58aa0e22d,706ea773-fd09-5587-a465-302616f9d571,2025-05-25,16:30:00,18:00:00,25,APROBADA
093c4f81-4e65-5fa2-8233-01dba84b39f3,a22ee2bf-332c-5ac1-ae12-28ce7b0033a1,2024-12-30,16:30:00,18:30:00,26,APROBADA
ac229d81-2eb8-565a-92fa-520b97584a5e,7d424b25-0f98-5f10-b2a8-ed9ddcd33e7a,2025-04-15,13:00:00,15:00:00,35,APROBADA
e39fbd4c-4228-53c3-8c11-51ba8f64bed3,6c814918-8ba0-52cc-9377-6d60b7946f8b,2025-04-15,15:30:00,17:30:00,32,APROBADA
7933d7bd-d75a-586a-bde1-2e2288377687,6903b35b-c2a6-5770-98e5-743c2bc06b45,2024-11-23,07:00:00,08:30:00,32,APROBADA
d360fb6b-1d07-58d2-9623-cb2be60f6830,6d481120-dab0-50c8-8f1b-33cf911e9573,2025-06-20,07:00:00,08:00:00,40,APROBADA
7766c39f-2bc3-5eb5-bd2f-827d68691b8c,d7ce39c6-be5b-537a-ae81-d449a1710ff2,2025-06-26,17:00:00,18:00:00,28,APROBADA
ce84a929-c207-5ce6-88b6-08cc5ca0178d,b8969593-19a7-5a43-84c0-d52e63ac0cb4,2024-07-27,11:30:00,14:30:00,27,APROBADA
3b574bee-6447-5745-a55c-fa0902523952,6c814918-8ba0-52cc-9377-6d60b7946f8b,2025-06-21,18:00:00,21:00:00,29,APROBADA
17978a34-4630-5f9e-8bae-cf33da000e9b,0880d439-8834-59c1-bfce-e7f3da722b3f,2025-04-26,19:00:00,20:30:00,36,APROBADA
8937f291-20e5-534d-bc0b-788f46889a84,a22ee2bf-332c-5ac1-ae12-28ce7b0033a1,2025-02-03,12:30:00,15:30:00,35,APROBADA
0a395ba3-bb99-528d-94ed-2594f3e0ddf7,0880d439-8834-59c1-bfce-e7f3da722b3f,2024-09-09,09:00:00,12:00:00,39,APROBADA
898bb81d-4cdb-5ce8-a531-9461771570bc,23c254ed-4635-5cec-baa9-656efa7fd130,2024-07-01,11:30:00,14:30:00,26,APROBADA
df615c2a-43ed-5646-8e7d-b4a1a617defa,b8969593-19a7-5a43-84c0-d52e63ac0cb4,2025-01-27,12:00:00,15:00:00,27,APROBADA
4a3603c4-dd9a-5cbc-bc32-ddf4ee8f1482,6d481120-dab0-50c8-8f1b-33cf911e9573,2025-04-05,17:30:00,19:30:00,29,APROBADA
4923d5f7-d7d9-5d11-a324-4dbf6abccbc0,0880d439-8834-59c1-bfce-e7f3da722b3f,2024-10-23,17:00:00,19:00:00,30,APROBADA
e4f7090c-9785-5515-8be1-36395700114c,6d481120-dab0-50c8-8f1b-33cf911e9573,2025-05-07,16:30:00,18:30:00,31,APROBADA
4bfd2b1e-63b4-5be4-8355-ed5607d4424a,e5da4cff-29aa-5f05-8532-70f093603e74,2025-02-10,08:00:00,09:30:00,31,APROBADA
23d9fdc5-827a-596c-8e94-0250ea39bbbd,aad269e7-97f7-5e2d-9c43-cf84b49bd847,2025-02-20,12:30:00,13:30:00,26,APROBADA
81029618-c389-5d06-8832-b435bcac7344,8fd4b53b-1d49-5307-8a1a-e184999a4434,2025-03-17,11:30:00,12:30:00,39,APROBADA
4cf117e4-3dd8-5ee9-9eef-e89278b8922b,c1489a8f-1dff-511e-b025-5a10261901d7,2025-06-21,13:00:00,14:30:00,30,APROBADA
d230733e-753d-5168-a51a-7e4f93c28acd,23c254ed-4635-5cec-baa9-656efa7fd130,2025-01-21,16:30:00,18:30:00,25,APROBADA
77485581-31cb-5b3f-aaeb-8c81bd4079f4,dd609563-702d-543d-a49a-0ce27a83f234,2024-07-05,11:00:00,14:00:00,31,APROBADA
4bfe4b69-fb96-5fe9-97ab-f9671344533f,da1fe6a7-058c-5ad3-a10e-f529804a44b5,2025-06-14,07:30:00,10:30:00,29,APROBADA
f3c6c562-174c-5369-829d-9c00e2cf5093,eb4139b4-3715-5623-a990-d045271440a9,2025-06-30,16:00:00,19:00:00,28,APROBADA
dfc51986-d5eb-5280-a4a3-81524d3ee39f,da1fe6a7-058c-5ad3-a10e-f529804a44b5,2025-05-14,08:30:00,11:30:00,25,APROBADA
76351622-0748-559a-a00e-5a64f2c616c6,1dee66e3-0076-5033-8ba0-70dd67e8aea0,2024-07-25,10:00:00,11:00:00,26,APROBADA
084a3cc7-cec7-55d5-894e-c979ed586304,dd609563-702d-543d-a49a-0ce27a83f234,2025-02-28,15:00:00,18:00:00,32,APROBADA
5953a08d-6456-5fad-9521-f272ee4381d3,d76d770e-14c2-5fea-bf8b-28f95250e124,2024-11-22,07:00:00,10:00:00,36,APROBADA
a97f61d5-3765-504e-b6c7-45a50e2e6ac1,05a1191e-b84b-597d-b970-b04889cc30ee,2024-12-20,09:00:00,10:00:00,29,APROBADA
80f6d9c0-32e9-5a14-873c-e5deae7e7e73,0880d439-8834-59c1-bfce-e7f3da722b3f,2024-07-04,14:30:00,17:30:00,29,APROBADA
08647126-f28c-56e5-8538-334dd706d841,1dee66e3-0076-5033-8ba0-70dd67e8aea0,2025-05-14,16:00:00,19:00:00,28,APROBADA
01aa921b-f076-5244-bf1e-b6884dd186a8,c1489a8f-1dff-511e-b025-5a10261901d7,2025-03-05,16:00:00,17:00:00,32,APROBADA
34b8781d-0d5f-5830-9eb8-c1ec31f8508f,1dee66e3-0076-5033-8ba0-70dd67e8aea0,2025-03-05,15:00:00,18:00:00,36,APROBADA
c74ff396-fc0a-5d4b-913e-7d472accbeea,8fd4b53b-1d49-5307-8a1a-e184999a4434,2025-02-20,13:30:00,15:30:00,37,APROBADA
91b944a7-25d4-51c7-95d2-b1b3c04c074f,6c814918-8ba0-52cc-9377-6d60b7946f8b,2024-08-06,13:00:00,15:00:00,31,APROBADA
21c3a057-4038-54ef-af7a-f27e20612397,2574a671-d58d-5db3-8c9f-2518d8a8d790,2024-12-08,17:30:00,19:00:00,35,APROBADA
a9538425-0a7c-59d6-a61f-a2a7246e696e,da1fe6a7-058c-5ad3-a10e-f529804a44b5,2024-07-30,13:30:00,15:00:00,36,APROBADA
23537628-be9c-5028-85bb-09d85ed48576,1a0b71d7-4721-5998-bd82-de26b25b5771,2025-06-23,10:00:00,11:30:00,33,APROBADA
b473ce1a-9f1d-5b28-8721-940b979c478a,7bcb3d0c-2500-5f01-abe8-d24e962af50e,2024-09-09,08:00:00,09:00:00,30,APROBADA
6f546a2f-dbc3-5962-90a2-3d46dd893923,7bcb3d0c-2500-5f01-abe8-d24e962af50e,2025-03-16,16:00:00,17:30:00,30,APROBADA
e3abb099-afdd-588f-87b1-7581de3a8775,7d424b25-0f98-5f10-b2a8-ed9ddcd33e7a,2024-08-26,16:00:00,17:00:00,38,APROBADA
9c85bb70-24f4-51a2-95ef-6873fa509747,7bcb3d0c-2500-5f01-abe8-d24e962af50e,2025-03-17,18:30:00,20:00:00,32,APROBADA
ea4a51d1-76ba-5e81-9858-4b2d35fbbf4f,d76d770e-14c2-5fea-bf8b-28f95250e124,2024-08-07,14:30:00,15:30:00,36,APROBADA
bafb6cd9-5599-5770-82eb-417a19a2b36f,e5da4cff-29aa-5f05-8532-70f093603e74,2024-09-30,11:00:00,14:00:00,32,APROBADA
7acd2a89-f711-5a63-bf32-9d64396026de,b46607fb-d28f-5c06-a3a8-091cb9d995ec,2025-02-01,10:00:00,11:00:00,29,APROBADA
6e25664f-7cfc-57b9-9213-c2b852b032ed,e5da4cff-29aa-5f05-8532-70f093603e74,2024-09-27,07:00:00,08:30:00,36,APROBADA
195e17ae-60bd-5497-aec5-3fa23c59e34d,10225e74-7c22-5384-8cdc-396a168ec651,2024-11-27,08:30:00,09:30:00,33,APROBADA
b04e6c00-7c1f-55e8-901d-94d78971c1d9,7d424b25-0f98-5f10-b2a8-ed9ddcd33e7a,2025-02-09,08:30:00,10:30:00,37,APROBADA
20aa5f73-f5c3-59c9-bc4b-bdd415779544,d7ce39c6-be5b-537a-ae81-d449a1710ff2,2024-07-23,13:30:00,15:00:00,25,APROBADA
3dcd89cf-26cd-56ac-a50d-4bc6e441964f,6c814918-8ba0-52cc-9377-6d60b7946f8b,2024-12-18,08:00:00,09:00:00,38,APROBADA
82c70fd7-413d-5869-8b7a-918fb9c4005f,eb4139b4-3715-5623-a990-d045271440a9,2024-11-24,17:30:00,19:00:00,28,APROBADA
5c466647-56da-5f95-a444-4e15f2143919,d76d770e-14c2-5fea-bf8b-28f95250e124,2024-07-14,12:30:00,14:30:00,28,APROBADA
414834a2-66d1-50c2-8c25-0d10230db5de,6d481120-dab0-50c8-8f1b-33cf911e9573,2025-01-20,09:30:00,10:30:00,30,APROBADA
e41a9207-4989-5371-89d2-2862f51a234b,1a0b71d7-4721-5998-bd82-de26b25b5771,2024-12-31,19:00:00,21:00:00,33,APROBADA
5bfc35c4-f306-566f-9215-44b67e5a5f3b,6d481120-dab0-50c8-8f1b-33cf911e9573,2024-11-11,13:00:00,15:00:00,33,APROBADA
b9f8c843-2bbb-554a-a468-253a56521a49,706ea773-fd09-5587-a465-302616f9d571,2025-01-19,10:30:00,12:30:00,38,APROBADA
45adaf4d-4f75-5215-bf0b-1032946a427d,7d424b25-0f98-5f10-b2a8-ed9ddcd33e7a,2025-04-11,11:00:00,12:30:00,30,APROBADA
eb232a4c-495a-5931-82a6-ae63d0d550c1,eb4139b4-3715-5623-a990-d045271440a9,2024-11-16,19:00:00,20:00:00,28,APROBADA
132ab2e3-418e-52b3-8f7d-6e2ae047ea29,6d481120-dab0-50c8-8f1b-33cf911e9573,2025-01-22,19:00:00,22:00:00,45,APROBADA
1806f10d-95ab-563a-8681-70982e300e44,c1489a8f-1dff-511e-b025-5a10261901d7,2025-04-15,17:00:00,18:30:00,29,APROBADA
c97b4a1a-5ce8-5ed7-819a-ca8dfd883428,aad269e7-97f7-5e2d-9c43-cf84b49bd847,2024-07-22,08:30:00,10:30:00,25,APROBADA
606ebb83-fb24-555a-b08f-21673aaab3c8,d76d770e-14c2-5fea-bf8b-28f95250e124,2025-06-05,09:30:00,11:00:00,34,APROBADA
79f11d3a-03b9-5c12-9a85-8b0a18c7fc9e,b46607fb-d28f-5c06-a3a8-091cb9d995ec,2025-02-05,13:30:00,16:30:00,36,APROBADA
a2f87649-0c68-57da-b9cc-45438e834a25,da1fe6a7-058c-5ad3-a10e-f529804a44b5,2025-06-30,13:30:00,14:30:00,27,APROBADA
c43fd19c-ee21-5a82-b3f1-078f4f88847e,0880d439-8834-59c1-bfce-e7f3da722b3f,2025-01-19,18:00:00,19:30:00,31,APROBADA
9edf14d9-0eb2-55b8-b126-9b5bc11c9a30,ef815f08-b586-5f03-964a-a08004eaebf3,2025-04-15,10:30:00,12:30:00,31,APROBADA
ef90a132-1140-56f5-be1d-43e9a12222c3,ef815f08-b586-5f03-964a-a08004eaebf3,2024-11-20,15:30:00,17:30:00,30,APROBADA
5a5abb1e-aec2-5592-986e-1e1e2a16d405,7bcb3d0c-2500-5f01-abe8-d24e962af50e,2025-02-25,19:00:00,20:00:00,32,APROBADA
a4b1bdc6-1005-5a86-93f2-ece6a3133e8f,7bcb3d0c-2500-5f01-abe8-d24e962af50e,2024-07-08,13:30:00,14:30:00,30,APROBADA
c8607cf9-b3cb-5439-81c5-39a11374bbe3,d76d770e-14c2-5fea-bf8b-28f95250e124,2024-08-29,08:00:00,09:30:00,25,APROBADA
daf2af54-026c-5217-a056-7a3b93e0f6db,1dee66e3-0076-5033-8ba0-70dd67e8aea0,2025-05-31,07:00:00,08:00:00,36,APROBADA
90cbff49-78cd-52d8-91f0-10588a912002,a22ee2bf-332c-5ac1-ae12-28ce7b0033a1,2024-09-24,16:00:00,17:30:00,27,APROBADA
899719bb-7669-5ed6-8c0a-ae5acd1ae188,1a0b71d7-4721-5998-bd82-de26b25b5771,2025-04-29,18:00:00,21:00:00,29,APROBADA
dea2151e-dcb9-5fc8-a450-9be85bcd4d15,10225e74-7c22-5384-8cdc-396a168ec651,2024-10-07,15:30:00,18:30:00,36,APROBADA
341e6e47-e082-5405-8973-d2fed5b9d8a5,2574a671-d58d-5db3-8c9f-2518d8a8d790,2025-01-22,14:00:00,16:00:00,26,APROBADA
7a97c652-7b42-5a88-98af-72e207bf3fa9,c1489a8f-1dff-511e-b025-5a10261901d7,2024-12-09,19:00:00,20:00:00,26,APROBADA
0e869e3c-1fb3-5470-a4d1-4fbec185e570,a22ee2bf-332c-5ac1-ae12-28ce7b0033a1,2024-09-22,15:30:00,17:00:00,25,APROBADA
69f710ac-6e38-5a51-b8df-edeb286f8579,1a0b71d7-4721-5998-bd82-de26b25b5771,2024-12-07,10:00:00,11:30:00,31,APROBADA
4b436b53-fac9-54f1-b11e-247c09aa2b2e,eb4139b4-3715-5623-a990-d045271440a9,2025-03-30,19:00:00,20:00:00,27,APROBADA
35930d30-a3a4-5fb7-9885-bd928ee6edd9,6903b35b-c2a6-5770-98e5-743c2bc06b45,2024-08-06,08:00:00,09:00:00,36,APROBADA
f0ede3c9-902a-5420-ac2a-1bdf1cb3bb1e,7bcb3d0c-2500-5f01-abe8-d24e962af50e,2025-05-21,12:00:00,14:00:00,30,APROBADA
b265cb44-3be5-5720-b28f-77611091261d,6903b35b-c2a6-5770-98e5-743c2bc06b45,2025-01-08,16:00:00,19:00:00,34,APROBADA
0a577c12-7dbf-57fe-9810-453af1754304,45b00d8f-2f79-52ba-8b17-e7d6ee0b476f,2025-06-11,15:00:00,16:30:00,35,APROBADA
c9934fa3-9dfa-5255-9700-81ba588738f1,c1489a8f-1dff-511e-b025-5a10261901d7,2025-05-17,16:30:00,18:30:00,28,APROBADA
f5cb3129-d17c-548a-978e-221f06fc6089,ef815f08-b586-5f03-964a-a08004eaebf3,2024-07-27,14:30:00,16:30:00,34,APROBADA
056127f2-da35-52a5-8d5c-c8b9c8743516,d76d770e-14c2-5fea-bf8b-28f95250e124,2024-08-13,08:00:00,09:30:00,35,APROBADA
ce0eff4e-6f48-50e0-babd-755eb5cf8ea7,d76d770e-14c2-5fea-bf8b-28f95250e124,2024-07-17,17:30:00,20:30:00,37,APROBADA
2a37165a-665d-5466-a50b-c7f6aa520acc,7d424b25-0f98-5f10-b2a8-ed9ddcd33e7a,2024-11-03,17:00:00,20:00:00,36,APROBADA
a45c5acd-d595-5d7a-bcfc-c12eb1e6dfd1,0880d439-8834-59c1-bfce-e7f3da722b3f,2025-05-18,17:00:00,18:30:00,26,APROBADA
2de057c8-4b52-5c8f-8339-c935869e61f6,45b00d8f-2f79-52ba-8b17-e7d6ee0b476f,2025-01-03,07:30:00,09:30:00,31,APROBADA
1f9dba82-0a5c-55d5-b61a-2030eb387aaf,6c814918-8ba0-52cc-9377-6d60b7946f8b,2024-07-06,13:30:00,16:30:00,32,APROBADA
f71d866a-4018-5b73-8c3d-61e086a436bb,d7ce39c6-be5b-537a-ae81-d449a1710ff2,2025-04-02,14:30:00,16:00:00,37,APROBADA
54b440ce-1335-564b-baa6-8fb004c7b8a8,05a1191e-b84b-597d-b970-b04889cc30ee,2025-02-03,15:30:00,16:30:00,33,APROBADA
8630fb9b-2c8e-5eb4-a7fd-8d2f33a00cdc,6c814918-8ba0-52cc-9377-6d60b7946f8b,2024-10-25,07:30:00,08:30:00,31,APROBADA
ba0354dd-c71d-55a0-af7c-0847a7614f8f,0880d439-8834-59c1-bfce-e7f3da722b3f,2025-05-25,10:30:00,12:30:00,37,APROBADA
d43ff7c5-e99e-5bad-b833-ec0c7f157f69,b46607fb-d28f-5c06-a3a8-091cb9d995ec,2024-11-20,10:00:00,11:00:00,37,APROBADA
fc0e1694-e5d4-5044-9bf6-c6526d888347,6903b35b-c2a6-5770-98e5-743c2bc06b45,2024-10-13,14:30:00,17:30:00,29,APROBADA
72a124ee-173e-5f75-9207-4043ed9e37c6,6d481120-dab0-50c8-8f1b-33cf911e9573,2024-10-23,16:00:00,17:30:00,43,APROBADA
8a4223ef-9201-5adf-b255-6fa5dd75952f,d7ce39c6-be5b-537a-ae81-d449a1710ff2,2025-06-30,14:00:00,15:00:00,44,APROBADA
b80d01e9-6c84-5fbf-a06c-e3ab8d0779df,1dee66e3-0076-5033-8ba0-70dd67e8aea0,2024-10-25,18:30:00,20:00:00,43,APROBADA
7bb99989-f906-51b8-8829-f8cec5709652,b8969593-19a7-5a43-84c0-d52e63ac0cb4,2024-07-05,13:00:00,14:00:00,28,APROBADA
ddef35d9-3547-5947-8b61-10f299b6a383,6c814918-8ba0-52cc-9377-6d60b7946f8b,2025-04-06,16:00:00,17:30:00,40,APROBADA
7dbcb872-3a70-5f5b-92ae-42c6bc4ab3df,6c814918-8ba0-52cc-9377-6d60b7946f8b,2024-12-21,15:30:00,16:30:00,29,APROBADA
a4b985a6-1935-5412-9233-e15febb300fb,da1fe6a7-058c-5ad3-a10e-f529804a44b5,2024-11-02,09:30:00,11:30:00,34,APROBADA
906f662d-3615-57c1-ae92-451d9daddee1,ef815f08-b586-5f03-964a-a08004eaebf3,2025-01-06,10:30:00,12:00:00,26,APROBADA
e05dc2e6-7646-522f-ba05-d4749e79031c,23c254ed-4635-5cec-baa9-656efa7fd130,2024-09-12,14:00:00,15:30:00,31,APROBADA
152cd2fb-0917-5180-8755-293d9133b8d5,d7ce39c6-be5b-537a-ae81-d449a1710ff2,2025-05-04,16:00:00,17:00:00,42,APROBADA
b8a4d6fa-4f35-5996-89eb-458507663587,8fd4b53b-1d49-5307-8a1a-e184999a4434,2024-11-05,08:30:00,09:30:00,27,APROBADA
4fecb36c-0e10-5bcf-beb3-348b0ec16800,1dee66e3-0076-5033-8ba0-70dd67e8aea0,2024-11-15,13:30:00,16:30:00,30,APROBADA
9d546dfe-8778-5c31-ad71-6de91d2345dc,8fd4b53b-1d49-5307-8a1a-e184999a4434,2025-01-18,18:30:00,19:30:00,37,APROBADA
98073881-10f9-5d3d-8d63-10f8414af3a2,4b4a10f4-36fa-5109-bc5d-14e24370c164,2024-12-07,11:00:00,12:30:00,32,APROBADA
cfadc3a1-ac96-50fb-99d8-fc5270008f7f,1dee66e3-0076-5033-8ba0-70dd67e8aea0,2025-01-15,09:30:00,11:00:00,25,APROBADA
5b5f97fa-be5f-555d-ab17-a568b26978d6,1dee66e3-0076-5033-8ba0-70dd67e8aea0,2025-05-30,08:30:00,10:00:00,34,APROBADA
5a8a7e3e-4ccf-5d49-b964-81b3fadb707b,da1fe6a7-058c-5ad3-a10e-f529804a44b5,2024-09-25,18:00:00,19:30:00,27,APROBADA
10634348-e022-5d9e-82be-8a3906714daa,d7ce39c6-be5b-537a-ae81-d449a1710ff2,2024-11-14,16:00:00,17:30:00,31,APROBADA
89dc5bfa-44ca-56c1-825b-6eff3a92f8e7,6c814918-8ba0-52cc-9377-6d60b7946f8b,2024-08-28,08:30:00,10:00:00,33,APROBADA
5c0aaec6-6aa5-5287-83b5-bc2cfdfba700,ef815f08-b586-5f03-964a-a08004eaebf3,2024-08-15,19:00:00,21:00:00,33,APROBADA
2f167354-8e11-572b-9bf8-947c4487cd3c,1dee66e3-0076-5033-8ba0-70dd67e8aea0,2025-05-21,19:00:00,20:00:00,31,APROBADA
215601aa-fa92-5fa6-b62b-7a3b985daf5b,1dee66e3-0076-5033-8ba0-70dd67e8aea0,2025-01-04,15:00:00,16:00:00,25,APROBADA
7aab92b6-3303-5434-9720-6ee153a3ba8c,4b4a10f4-36fa-5109-bc5d-14e24370c164,2024-07-19,11:00:00,14:00:00,29,APROBADA
3968046b-0e6c-53df-ab5b-09bb66fed2d5,1dee66e3-0076-5033-8ba0-70dd67e8aea0,2024-08-15,09:30:00,11:00:00,42,APROBADA
d236ce26-7e04-5f5b-861c-68203c0e0ec5,eb4139b4-3715-5623-a990-d045271440a9,2024-11-13,14:30:00,16:30:00,25,APROBADA
f61607aa-35e4-5579-a24f-470fb943c98f,1dee66e3-0076-5033-8ba0-70dd67e8aea0,2025-04-13,13:00:00,16:00:00,42,APROBADA
89dc5792-0f95-5e3c-9f4f-70a2dafacf30,b46607fb-d28f-5c06-a3a8-091cb9d995ec,2024-09-21,09:30:00,12:30:00,29,APROBADA
bc4867ab-b7f2-5c2f-a6b0-bfeb57938bd1,1dee66e3-0076-5033-8ba0-70dd67e8aea0,2025-04-07,11:00:00,12:30:00,38,APROBADA
672bab5a-66d0-53ac-a034-213bc7ea2eac,a40fe9f0-87fa-5853-968f-5cedd5939e8a,2024-12-07,19:00:00,20:00:00,31,APROBADA
8d64e359-a379-5844-975b-babe5be3a223,706ea773-fd09-5587-a465-302616f9d571,2024-07-14,09:30:00,10:30:00,32,APROBADA
f9117691-1a3a-52d6-9119-0639a3de74c5,23c254ed-4635-5cec-baa9-656efa7fd130,2025-01-23,18:30:00,20:00:00,31,APROBADA
16c577de-2b85-5521-a0d7-e8101498b30f,7d424b25-0f98-5f10-b2a8-ed9ddcd33e7a,2024-08-14,18:00:00,19:00:00,30,APROBADA
9f25a1bd-eb57-5706-892c-047743de836a,6d481120-dab0-50c8-8f1b-33cf911e9573,2024-12-12,13:00:00,16:00:00,29,APROBADA
e20e2c88-9000-53b9-9e35-79b45a455fed,dd609563-702d-543d-a49a-0ce27a83f234,2024-10-21,14:00:00,16:00:00,28,APROBADA
0609b9e6-2e41-5a33-b2d2-9533e6bc5a63,a22ee2bf-332c-5ac1-ae12-28ce7b0033a1,2024-09-11,09:00:00,11:00:00,30,APROBADA
90f04405-2eca-56dc-81d6-c401d6b383ed,d7ce39c6-be5b-537a-ae81-d449a1710ff2,2025-01-30,07:30:00,08:30:00,34,APROBADA
3a71e81f-f2f9-54b3-a33d-81dfa0b0f8e4,b46607fb-d28f-5c06-a3a8-091cb9d995ec,2025-03-06,09:30:00,11:00:00,35,APROBADA
56104fe5-f6cf-544a-8ae5-cdba750c7b2b,6903b35b-c2a6-5770-98e5-743c2bc06b45,2025-05-08,13:00:00,14:30:00,35,APROBADA
9901b66b-30b6-5ef2-be02-27bb373c2109,6903b35b-c2a6-5770-98e5-743c2bc06b45,2024-12-27,14:00:00,17:00:00,35,APROBADA
893c2f5e-ae10-5dd7-a4db-e75b5e035b0b,45b00d8f-2f79-52ba-8b17-e7d6ee0b476f,2025-02-19,16:30:00,18:00:00,31,APROBADA
a268ed4b-c932-5452-9948-2e81294d1f75,b46607fb-d28f-5c06-a3a8-091cb9d995ec,2025-03-06,16:00:00,18:00:00,31,APROBADA
0c155f21-ce33-55f7-955b-ee5c0e0052e7,7d424b25-0f98-5f10-b2a8-ed9ddcd33e7a,2025-03-10,18:30:00,20:30:00,40,APROBADA
98922a09-e668-57c4-8e55-fe40b9a86e13,eb4139b4-3715-5623-a990-d045271440a9,2024-12-27,10:00:00,11:00:00,27,APROBADA
7b997c53-199a-51d1-86cb-4b6aa39d9f9a,aad269e7-97f7-5e2d-9c43-cf84b49bd847,2025-06-26,14:00:00,17:00:00,27,APROBADA
9177c63f-2d68-5ad9-bb47-e8ef3845529a,6903b35b-c2a6-5770-98e5-743c2bc06b45,2024-07-07,17:00:00,19:00:00,31,APROBADA
64d91335-e2eb-5ca0-a25a-a1b565c8cbb3,a40fe9f0-87fa-5853-968f-5cedd5939e8a,2025-04-27,07:30:00,10:30:00,27,APROBADA
7862d7f4-d9e8-5360-a646-fade8eb71c93,7bcb3d0c-2500-5f01-abe8-d24e962af50e,2025-06-30,13:00:00,15:00:00,28,APROBADA
583bf69f-5753-52e8-9eec-26c1b630d693,6903b35b-c2a6-5770-98e5-743c2bc06b45,2025-02-06,13:00:00,16:00:00,33,APROBADA
c29db6f6-d583-5212-b6e4-734ac53576d9,6c814918-8ba0-52cc-9377-6d60b7946f8b,2025-04-13,15:30:00,16:30:00,29,APROBADA
92241ece-bd46-59fc-9156-42eab4099362,6d481120-dab0-50c8-8f1b-33cf911e9573,2024-08-26,14:00:00,15:30:00,39,APROBADA
e2496a12-d191-5346-a141-ca2eb4e9cd27,a40fe9f0-87fa-5853-968f-5cedd5939e8a,2024-12-21,18:00:00,21:00:00,32,APROBADA
c7b82b7b-673b-59d1-a123-e57730828ff4,6d481120-dab0-50c8-8f1b-33cf911e9573,2025-03-14,18:30:00,20:00:00,38,APROBADA
e8645469-1a90-593b-90dd-7c63cabf3990,10225e74-7c22-5384-8cdc-396a168ec651,2024-09-28,12:30:00,13:30:00,31,APROBADA
81b6f995-af14-5a9e-90c9-eb2310b91a4c,d056b3a8-8204-507a-b6c1-1f1203a87651,2025-04-18,17:30:00,19:00:00,32,APROBADA
92edad44-5347-59d7-b12e-7fb0527a50a4,2574a671-d58d-5db3-8c9f-2518d8a8d790,2024-10-27,08:00:00,09:00:00,26,APROBADA
fb32d363-8e1d-59d6-8813-b03d89125cee,10225e74-7c22-5384-8cdc-396a168ec651,2024-10-23,18:00:00,21:00:00,28,APROBADA
46bbb78a-8e38-5ee5-9e6a-2e090770e717,ef815f08-b586-5f03-964a-a08004eaebf3,2024-12-14,12:30:00,13:30:00,33,APROBADA
1cc2534f-256b-5c93-b1ea-1208ea945272,dd609563-702d-543d-a49a-0ce27a83f234,2024-08-04,18:30:00,21:30:00,28,APROBADA
2e62688a-d8ed-5cc9-83fa-59a07cb6d3d6,706ea773-fd09-5587-a465-302616f9d571,2025-04-05,11:00:00,12:00:00,28,APROBADA
0c9bb4cc-6d5d-51d5-a21f-70bcc624fb83,706ea773-fd09-5587-a465-302616f9d571,2025-05-18,08:30:00,11:30:00,29,APROBADA
b023d7ab-231a-5d31-b4fd-18f370ed26ae,da1fe6a7-058c-5ad3-a10e-f529804a44b5,2025-04-04,18:00:00,21:00:00,30,APROBADA
b5d264c2-695e-52fc-b797-86a3faab33c0,b46607fb-d28f-5c06-a3a8-091cb9d995ec,2024-11-05,07:00:00,09:00:00,39,APROBADA
54b91771-1b9e-52bb-b6a1-89365a016df8,10225e74-7c22-5384-8cdc-396a168ec651,2025-05-20,12:00:00,14:00:00,29,APROBADA
91e1852a-e916-5db6-937c-dfc739a5363d,ef815f08-b586-5f03-964a-a08004eaebf3,2024-07-17,14:00:00,16:00:00,36,APROBADA
ace25f00-d65c-5c5d-ab27-10b94c54d436,dd609563-702d-543d-a49a-0ce27a83f234,2024-09-26,15:30:00,17:30:00,26,APROBADA
710abd52-98d5-5b34-a69b-2ce0dfe53c40,d7ce39c6-be5b-537a-ae81-d449a1710ff2,2024-07-19,08:00:00,10:00:00,43,APROBADA
5d004c72-cad2-55ec-b6b9-167d7c55d2b0,05a1191e-b84b-597d-b970-b04889cc30ee,2024-09-01,13:00:00,16:00:00,33,APROBADA
0fe2e001-06b9-58ed-9261-6cdf84b178db,d056b3a8-8204-507a-b6c1-1f1203a87651,2024-08-07,17:30:00,20:30:00,30,APROBADA
7be1d750-0d49-5546-ad5e-6d674e08044a,d76d770e-14c2-5fea-bf8b-28f95250e124,2025-06-02,11:30:00,13:00:00,27,APROBADA
ced4252d-950e-5ce7-bad1-4ee86253c50d,0880d439-8834-59c1-bfce-e7f3da722b3f,2024-09-07,18:30:00,21:30:00,43,APROBADA
acecb16a-d25c-5806-9503-53dcdc06f8ec,1dee66e3-0076-5033-8ba0-70dd67e8aea0,2025-03-12,16:30:00,19:30:00,34,APROBADA
55f6f3fe-963f-5fbe-b23a-8d1d46ba858e,23c254ed-4635-5cec-baa9-656efa7fd130,2024-11-27,10:30:00,13:30:00,31,APROBADA
489afd8a-14a0-5303-87af-ae2035fafb50,d76d770e-14c2-5fea-bf8b-28f95250e124,2024-10-20,08:30:00,11:30:00,40,APROBADA
9d5ecf87-a1c2-592c-961f-61f759ec80f6,1dee66e3-0076-5033-8ba0-70dd67e8aea0,2024-12-27,18:30:00,21:30:00,27,APROBADA
66e039f4-215d-5caf-a1f5-be28204ffc9d,45b00d8f-2f79-52ba-8b17-e7d6ee0b476f,2024-11-22,09:30:00,11:30:00,29,APROBADA
438b06f9-0f9d-5ef2-b644-fc2a2cc2fcd9,c1489a8f-1dff-511e-b025-5a10261901d7,2024-12-31,13:30:00,14:30:00,32,APROBADA
a99376a4-a70f-59f7-ad3f-222180a5c047,d7ce39c6-be5b-537a-ae81-d449a1710ff2,2024-08-11,07:30:00,09:00:00,32,APROBADA
418fcf0e-80b6-53c0-9215-700dca2c2443,a40fe9f0-87fa-5853-968f-5cedd5939e8a,2024-08-21,17:00:00,20:00:00,27,APROBADA
63502cbe-ef84-523b-a7ef-7e23b3a1f411,b46607fb-d28f-5c06-a3a8-091cb9d995ec,2025-01-27,13:00:00,15:00:00,27,APROBADA
62ac7876-b402-543d-a84f-913e3e301357,d7ce39c6-be5b-537a-ae81-d449a1710ff2,2024-08-24,08:00:00,09:00:00,38,APROBADA
50e201ee-18eb-50e9-a85f-1bea2c556bcb,a22ee2bf-332c-5ac1-ae12-28ce7b0033a1,2025-03-31,16:00:00,17:00:00,29,APROBADA
fae791cc-4369-5832-9ba8-8489637d85b5,6903b35b-c2a6-5770-98e5-743c2bc06b45,2025-05-08,14:30:00,16:00:00,34,APROBADA
006c5423-6182-5d2b-a140-4899175be2dd,2574a671-d58d-5db3-8c9f-2518d8a8d790,2024-09-03,18:00:00,21:00:00,35,APROBADA
b34144e5-5042-5b59-8b6b-9d0684d7177c,7d424b25-0f98-5f10-b2a8-ed9ddcd33e7a,2024-07-07,18:30:00,20:00:00,35,APROBADA
7641257f-9ab1-5f78-8cbc-aa144567e1ed,b46607fb-d28f-5c06-a3a8-091cb9d995ec,2024-07-03,08:30:00,10:30:00,36,APROBADA
a478e8df-2d1b-54ca-8514-57d116275a32,1dee66e3-0076-5033-8ba0-70dd67e8aea0,2024-10-05,15:00:00,16:00:00,35,APROBADA
91a17c91-51af-526f-8e5c-d60833102028,f5e43a2a-032c-562e-837a-ff3c72abffb4,2024-10-30,13:30:00,15:00:00,26,APROBADA
8ffeda79-2540-5a72-b8c5-ac0e441cbf89,c1489a8f-1dff-511e-b025-5a10261901d7,2024-11-21,07:30:00,09:30:00,28,APROBADA
65bf8481-22f1-588d-aed0-ef1e66bfe08f,7d424b25-0f98-5f10-b2a8-ed9ddcd33e7a,2024-08-10,19:00:00,20:00:00,30,APROBADA
f458c0f2-f491-5bef-8f1b-a7bd4558a10e,1dee66e3-0076-5033-8ba0-70dd67e8aea0,2024-08-17,15:00:00,16:30:00,33,APROBADA
ff0e5ef4-7d40-5f34-bd62-693e60e880a9,d056b3a8-8204-507a-b6c1-1f1203a87651,2024-12-26,10:30:00,12:00:00,26,APROBADA
3018910c-c62b-50fa-a691-eba0f72c766a,45b00d8f-2f79-52ba-8b17-e7d6ee0b476f,2025-01-28,16:00:00,17:00:00,31,APROBADA
7f8e4104-730c-5de8-ab36-d1c6c11c0aec,05a1191e-b84b-597d-b970-b04889cc30ee,2024-10-20,14:30:00,15:30:00,28,APROBADA
3c59d45c-df0a-5c12-a436-d9687b2ff7cb,c1489a8f-1dff-511e-b025-5a10261901d7,2025-01-16,18:00:00,19:30:00,28,APROBADA
7dc4605c-95f6-5ae9-8c04-c974ddfb1785,706ea773-fd09-5587-a465-302616f9d571,2025-02-25,10:00:00,13:00:00,39,APROBADA
238a7b26-33b2-59e5-82b7-2468286680f6,d76d770e-14c2-5fea-bf8b-28f95250e124,2024-09-24,15:00:00,16:00:00,38,APROBADA
a143f846-ffb0-546e-8a35-fe5a8f1c14e2,45b00d8f-2f79-52ba-8b17-e7d6ee0b476f,2024-09-14,11:30:00,13:00:00,29,APROBADA
697ca9ed-b6c4-5294-8187-6fe395c224b0,6c814918-8ba0-52cc-9377-6d60b7946f8b,2024-09-20,15:00:00,17:00:00,30,APROBADA
7685b3da-ad22-5f69-bde6-ae8d2347c45c,d056b3a8-8204-507a-b6c1-1f1203a87651,2024-11-29,07:30:00,08:30:00,26,APROBADA
f4954cfb-c0d6-5a95-b88e-90652a36ee5b,ef815f08-b586-5f03-964a-a08004eaebf3,2025-06-09,14:00:00,15:00:00,35,APROBADA
3389dec3-b30a-5b64-922f-173fb08e0b9d,f5e43a2a-032c-562e-837a-ff3c72abffb4,2024-12-06,09:00:00,12:00:00,28,APROBADA
ab573075-54d5-5b57-b107-7fe480e6fa2a,1dee66e3-0076-5033-8ba0-70dd67e8aea0,2025-04-06,09:30:00,11:00:00,40,APROBADA
a81ab428-5581-5458-92d8-353025d1bbac,a40fe9f0-87fa-5853-968f-5cedd5939e8a,2024-10-01,17:30:00,18:30:00,32,APROBADA
21ea6fcd-cdac-5285-9a2f-8d08e29560b3,da1fe6a7-058c-5ad3-a10e-f529804a44b5,2025-04-27,07:30:00,08:30:00,30,APROBADA
77a6eaaf-4a95-5282-9154-43df121df9dd,ef815f08-b586-5f03-964a-a08004eaebf3,2024-12-01,14:30:00,15:30:00,25,APROBADA
b612713b-c22d-5324-bf81-3e2e3acdcb7f,6903b35b-c2a6-5770-98e5-743c2bc06b45,2025-05-01,18:30:00,19:30:00,32,APROBADA
7061e8a4-eca9-565a-b236-91130d9ab7a8,ef815f08-b586-5f03-964a-a08004eaebf3,2024-08-01,11:30:00,12:30:00,26,APROBADA
b70015e5-3a42-5399-9211-016b6fd55ca3,dd609563-702d-543d-a49a-0ce27a83f234,2025-05-05,14:00:00,15:30:00,34,APROBADA
4f53addf-4064-5057-9724-87c06fcb2c3b,da1fe6a7-058c-5ad3-a10e-f529804a44b5,2024-08-17,09:30:00,11:30:00,27,APROBADA
7f22bb3d-79dd-56bc-aca0-15e75e98f576,7d424b25-0f98-5f10-b2a8-ed9ddcd33e7a,2024-07-28,16:30:00,18:00:00,28,APROBADA
015c9c03-7985-5974-a8a8-ead12c977e2e,6d481120-dab0-50c8-8f1b-33cf911e9573,2024-12-15,10:00:00,11:30:00,39,APROBADA
e673799b-5fa6-57ae-b0b9-d96a43d2361e,6d481120-dab0-50c8-8f1b-33cf911e9573,2024-07-26,10:00:00,13:00:00,34,APROBADA
f0d8ab88-bba5-5ccf-93ab-3e785616c68c,e5da4cff-29aa-5f05-8532-70f093603e74,2025-05-05,10:30:00,12:00:00,28,APROBADA
ad8c3f4f-876a-5561-8cfd-22f49569d429,da1fe6a7-058c-5ad3-a10e-f529804a44b5,2024-12-26,11:30:00,13:00:00,25,APROBADA
b3c1152d-0b42-5f20-b223-717372d95bdc,6903b35b-c2a6-5770-98e5-743c2bc06b45,2024-11-08,17:00:00,18:00:00,26,APROBADA
1d3e8db9-147b-58c3-aa2f-76f3da0feea0,dd609563-702d-543d-a49a-0ce27a83f234,2024-07-12,09:30:00,11:30:00,33,APROBADA
32bdd7d6-e0fd-59d5-8b22-e2ce345b1d26,b46607fb-d28f-5c06-a3a8-091cb9d995ec,2025-03-30,13:00:00,15:00:00,30,APROBADA
47456748-072e-5ded-bd37-8081ce70bd96,eb4139b4-3715-5623-a990-d045271440a9,2025-01-03,15:30:00,16:30:00,32,APROBADA
9ab3184e-e5ac-5b21-b29e-b3c991109bfd,1dee66e3-0076-5033-8ba0-70dd67e8aea0,2024-10-09,18:30:00,19:30:00,33,APROBADA
f8f60fea-e71d-5f8d-adae-8757ca932642,e5da4cff-29aa-5f05-8532-70f093603e74,2024-08-28,16:00:00,17:30:00,27,APROBADA
db2c8112-e808-5a65-87d8-21dfae3ff9d3,da1fe6a7-058c-5ad3-a10e-f529804a44b5,2025-06-07,16:00:00,19:00:00,30,APROBADA
dcc2a722-335f-5cdc-9511-e36865a09a93,706ea773-fd09-5587-a465-302616f9d571,2024-11-21,15:30:00,16:30:00,28,APROBADA
e0490678-558d-56af-8bab-baa1583a2994,e5da4cff-29aa-5f05-8532-70f093603e74,2024-09-11,10:00:00,11:30:00,35,APROBADA
9e10c709-823d-5a20-9fcf-76aea43571be,a22ee2bf-332c-5ac1-ae12-28ce7b0033a1,2024-08-13,16:00:00,17:00:00,29,APROBADA
21d88a4f-57dd-5a69-8cda-6d875dacd7b3,a22ee2bf-332c-5ac1-ae12-28ce7b0033a1,2024-09-15,17:00:00,18:00:00,35,APROBADA
5105c8d3-7fd4-5d78-a707-2eebfa4b007d,eb4139b4-3715-5623-a990-d045271440a9,2025-01-16,18:00:00,21:00:00,32,APROBADA
d905efbf-449b-5f5d-bd9b-d32dbca28c43,da1fe6a7-058c-5ad3-a10e-f529804a44b5,2024-12-18,11:00:00,14:00:00,36,APROBADA
92dd0e15-7af9-5bb7-b6fb-4d0e3db9d776,7bcb3d0c-2500-5f01-abe8-d24e962af50e,2025-06-28,18:00:00,19:30:00,30,APROBADA
7fda984f-513f-5dbf-b52b-4628628923b7,0880d439-8834-59c1-bfce-e7f3da722b3f,2025-06-26,08:30:00,09:30:00,41,APROBADA
7c62ed20-1eca-51df-ab14-eb1ff658a49a,ef815f08-b586-5f03-964a-a08004eaebf3,2025-03-21,08:30:00,10:00:00,25,APROBADA
f6e4342f-3fa5-543f-b099-4d9a17a720e9,45b00d8f-2f79-52ba-8b17-e7d6ee0b476f,2024-07-30,07:30:00,08:30:00,31,APROBADA
91f27511-78c3-5a64-8ffd-3edd83ce7c5d,6903b35b-c2a6-5770-98e5-743c2bc06b45,2024-10-24,17:30:00,19:00:00,28,APROBADA
aeee2ee8-e1fe-5377-8530-3d5ac32288d6,2574a671-d58d-5db3-8c9f-2518d8a8d790,2024-10-12,08:00:00,09:30:00,40,APROBADA
4e93330f-b90e-57f0-a91b-0042179e048c,6c814918-8ba0-52cc-9377-6d60b7946f8b,2025-04-11,11:00:00,12:30:00,26,APROBADA
62e9c3bc-9489-58d6-a03c-855bf00e4b5f,ef815f08-b586-5f03-964a-a08004eaebf3,2024-11-13,09:30:00,10:30:00,28,APROBADA
16047d71-d4e4-5001-9177-10bc2511e899,2574a671-d58d-5db3-8c9f-2518d8a8d790,2025-03-09,11:00:00,14:00:00,36,APROBADA
777333ae-61fc-5884-b986-8b4fd0e3ee5b,d7ce39c6-be5b-537a-ae81-d449a1710ff2,2024-10-31,07:30:00,10:30:00,33,APROBADA
f26ab665-e94b-5ffd-a63f-2e7a58afbb59,da1fe6a7-058c-5ad3-a10e-f529804a44b5,2025-02-11,19:00:00,22:00:00,33,APROBADA
e0665f00-f06d-5cda-9629-76fccb0c24a9,6d481120-dab0-50c8-8f1b-33cf911e9573,2024-09-22,17:30:00,20:30:00,33,APROBADA
e415abfa-35a9-5809-a0bb-95cd101c35eb,8fd4b53b-1d49-5307-8a1a-e184999a4434,2024-11-14,12:30:00,15:30:00,32,APROBADA
11228b25-ccf1-598d-9945-e1a32496b93c,10225e74-7c22-5384-8cdc-396a168ec651,2024-10-10,16:00:00,18:00:00,32,APROBADA
cb182585-c05e-54fd-95c2-ca6e89613c53,8fd4b53b-1d49-5307-8a1a-e184999a4434,2025-04-19,10:00:00,11:00:00,31,APROBADA
9525d442-58fa-5084-a976-fdfb8a92b5ce,a40fe9f0-87fa-5853-968f-5cedd5939e8a,2025-05-23,08:00:00,09:00:00,28,APROBADA
60bb0503-e6ba-5585-bf8c-fe9bdc00d85a,1dee66e3-0076-5033-8ba0-70dd67e8aea0,2024-08-28,14:00:00,17:00:00,25,APROBADA
cb277b18-138d-5851-9cf2-c527eb4f8419,6d481120-dab0-50c8-8f1b-33cf911e9573,2024-12-01,15:30:00,17:00:00,45,APROBADA
2792a2cb-b4f7-5b7c-800b-78a52f78e4f0,05a1191e-b84b-597d-b970-b04889cc30ee,2024-09-05,14:30:00,16:30:00,25,APROBADA
d469972f-9b71-5469-bca6-537fadf4a16b,706ea773-fd09-5587-a465-302616f9d571,2025-02-17,18:30:00,19:30:00,34,APROBADA
6e6adb27-c90f-5e81-a9f5-6147bf2ffd18,0880d439-8834-59c1-bfce-e7f3da722b3f,2025-02-02,09:30:00,10:30:00,30,APROBADA
6b90231d-f3db-5669-9d52-d403c5253124,1dee66e3-0076-5033-8ba0-70dd67e8aea0,2024-12-31,08:30:00,09:30:00,39,APROBADA
b2235e90-6136-5bf6-b49b-b0db15c4796f,706ea773-fd09-5587-a465-302616f9d571,2024-12-06,08:30:00,11:30:00,39,APROBADA
eefe58ea-5ebe-5df7-8739-3e718218134a,a22ee2bf-332c-5ac1-ae12-28ce7b0033a1,2024-07-30,09:00:00,10:00:00,27,APROBADA
d40b9826-a71e-55a3-a59b-5633d439a3bd,45b00d8f-2f79-52ba-8b17-e7d6ee0b476f,2025-05-10,10:30:00,11:30:00,26,APROBADA
4675c03a-b8a1-532b-8e44-20fbdf3c403c,d056b3a8-8204-507a-b6c1-1f1203a87651,2025-02-16,18:30:00,20:00:00,28,APROBADA
57ec0a80-d5f8-55fb-8d68-0518847e330c,10225e74-7c22-5384-8cdc-396a168ec651,2024-10-18,15:30:00,17:30:00,30,APROBADA
59903912-e684-59b4-b7a1-99ddc9ed8e1f,4b4a10f4-36fa-5109-bc5d-14e24370c164,2025-04-27,19:00:00,21:00:00,30,APROBADA
74fce15e-1ba3-593f-bbd4-167273526516,c1489a8f-1dff-511e-b025-5a10261901d7,2024-09-13,18:30:00,20:30:00,29,APROBADA
04a28143-5bc5-583b-99e3-da044efdd551,f5e43a2a-032c-562e-837a-ff3c72abffb4,2025-06-19,13:00:00,15:00:00,27,APROBADA
cebc7691-7fc0-5128-a59a-ba02f0e0ed46,4b4a10f4-36fa-5109-bc5d-14e24370c164,2024-09-20,18:30:00,21:30:00,26,APROBADA
34b367a8-728c-51ce-b892-66e2b58d09da,0880d439-8834-59c1-bfce-e7f3da722b3f,2025-03-22,13:30:00,15:00:00,35,APROBADA
a4735b10-c7ce-5a59-85d0-6d47d1388d47,2574a671-d58d-5db3-8c9f-2518d8a8d790,2025-03-02,16:00:00,19:00:00,27,APROBADA
5b0b1185-88ef-5db6-b58b-0bf49d3f6513,6c814918-8ba0-52cc-9377-6d60b7946f8b,2024-12-01,09:00:00,12:00:00,37,APROBADA
d5e855fc-37ec-5165-830f-b408e2b918fb,10225e74-7c22-5384-8cdc-396a168ec651,2025-05-23,11:30:00,13:30:00,25,APROBADA
4e6200ac-2f6c-5ca5-b442-3ad7301270f6,dd609563-702d-543d-a49a-0ce27a83f234,2025-05-20,12:00:00,13:30:00,28,APROBADA
df84b748-9c73-5c1a-a7c2-625261e7d263,c1489a8f-1dff-511e-b025-5a10261901d7,2025-06-26,18:00:00,20:00:00,31,APROBADA
d3930b54-fb49-5180-af3a-70ca73b79239,d76d770e-14c2-5fea-bf8b-28f95250e124,2025-02-18,12:30:00,13:30:00,29,APROBADA
3218bf2c-61f1-5c8a-9c5d-f69f5fe230f0,dd609563-702d-543d-a49a-0ce27a83f234,2025-05-19,11:30:00,13:00:00,38,APROBADA
784b23f7-e29c-5edf-b131-ebf5b282a3ef,05a1191e-b84b-597d-b970-b04889cc30ee,2024-07-07,13:00:00,14:00:00,35,APROBADA
845c86b1-a061-5639-b9c0-823d547f69b7,1a0b71d7-4721-5998-bd82-de26b25b5771,2025-05-16,15:30:00,18:30:00,36,APROBADA
35eba3ca-65db-5b78-9469-f1cb87fefe73,e5da4cff-29aa-5f05-8532-70f093603e74,2024-12-06,11:30:00,13:00:00,39,APROBADA
a3ffcce5-711e-5e55-aa48-073130374e00,d7ce39c6-be5b-537a-ae81-d449a1710ff2,2024-11-20,16:30:00,18:30:00,25,APROBADA
9cf0373b-6e1c-5461-a950-6b845ef3bf72,dd609563-702d-543d-a49a-0ce27a83f234,2025-01-14,16:00:00,18:00:00,31,APROBADA
4fbff0e7-d8f1-5af4-a752-4b71cb2f4720,a22ee2bf-332c-5ac1-ae12-28ce7b0033a1,2024-11-06,16:00:00,19:00:00,28,APROBADA
9ad3b1a9-b6a6-5459-9f2a-bb83bfcfb370,d76d770e-14c2-5fea-bf8b-28f95250e124,2025-02-11,19:00:00,21:00:00,37,APROBADA
4095d1fd-8099-5870-920e-9bf5efd1e617,d7ce39c6-be5b-537a-ae81-d449a1710ff2,2025-03-16,11:00:00,12:00:00,41,APROBADA
1b2e1100-4361-533a-af33-f4e757e1f908,f5e43a2a-032c-562e-837a-ff3c72abffb4,2024-12-28,07:00:00,08:00:00,28,APROBADA
3966575f-fe04-573e-82a2-524d183660fc,d7ce39c6-be5b-537a-ae81-d449a1710ff2,2024-12-30,10:00:00,12:00:00,26,APROBADA
ad892b6e-76a8-5279-bdc3-ffc5f6e908e0,6d481120-dab0-50c8-8f1b-33cf911e9573,2024-07-27,10:00:00,13:00:00,35,APROBADA
b05563de-5938-5af9-a7e0-9f1b9fa7f3d3,23c254ed-4635-5cec-baa9-656efa7fd130,2024-11-19,18:00:00,21:00:00,30,APROBADA
b83111a7-ef6f-540b-8ebc-4aadb26dff6a,aad269e7-97f7-5e2d-9c43-cf84b49bd847,2025-05-11,11:00:00,12:00:00,30,APROBADA
89276274-96bc-538a-b914-0fd323f447e1,23c254ed-4635-5cec-baa9-656efa7fd130,2025-04-22,16:00:00,17:30:00,25,APROBADA
1bd9398f-1099-5f23-b182-0384941bcf05,b46607fb-d28f-5c06-a3a8-091cb9d995ec,2024-07-24,08:30:00,11:30:00,36,APROBADA
55ed0d90-0bcb-5d23-95a3-beeec9d460c5,1a0b71d7-4721-5998-bd82-de26b25b5771,2024-12-31,16:30:00,17:30:00,35,APROBADA
c8b34765-9092-5596-ae87-757b3b114dfe,b8969593-19a7-5a43-84c0-d52e63ac0cb4,2024-07-30,13:00:00,14:30:00,27,APROBADA
9bb6b7b0-8eaf-52f7-87ad-594ca59ab405,0880d439-8834-59c1-bfce-e7f3da722b3f,2024-09-13,15:00:00,16:00:00,37,APROBADA
95d0f054-312b-5466-942e-db805bfd9cde,45b00d8f-2f79-52ba-8b17-e7d6ee0b476f,2024-11-23,08:30:00,11:30:00,31,APROBADA
93badefe-b4be-502e-b7ff-32845f0c9bab,1dee66e3-0076-5033-8ba0-70dd67e8aea0,2025-05-29,15:30:00,17:30:00,28,APROBADA
7122c5e9-3f56-5b7b-a5fa-737068e048c9,8fd4b53b-1d49-5307-8a1a-e184999a4434,2025-06-27,08:00:00,10:00:00,25,APROBADA
fac7e70f-5da1-5a3d-bcbc-ad29d893b38b,7d424b25-0f98-5f10-b2a8-ed9ddcd33e7a,2024-12-08,17:30:00,19:30:00,38,APROBADA
958a4860-626c-587d-af3e-ce00e3f266fe,05a1191e-b84b-597d-b970-b04889cc30ee,2025-02-23,19:00:00,22:00:00,28,APROBADA
37ea765f-3a30-5ff4-88d2-15a36e5ec896,6d481120-dab0-50c8-8f1b-33cf911e9573,2025-02-04,16:00:00,19:00:00,25,APROBADA
11fb362e-ad9a-5f6b-b137-4e796d0ebe26,6d481120-dab0-50c8-8f1b-33cf911e9573,2024-12-25,18:00:00,19:30:00,26,APROBADA
9188b29d-e96c-5a35-98b0-fae2b1adf11f,a22ee2bf-332c-5ac1-ae12-28ce7b0033a1,2025-02-02,16:00:00,17:30:00,36,APROBADA
d76e2b21-e58d-5343-860f-9d648f66ee4f,2574a671-d58d-5db3-8c9f-2518d8a8d790,2024-11-08,10:30:00,13:30:00,25,APROBADA
23c01811-1c10-5d17-b528-9dff1bb4dd03,6d481120-dab0-50c8-8f1b-33cf911e9573,2025-02-14,07:00:00,09:00:00,42,APROBADA
0d8ef7df-401c-52cb-8e55-4f01b117a44c,b46607fb-d28f-5c06-a3a8-091cb9d995ec,2025-01-12,11:30:00,13:30:00,35,APROBADA
2baf9351-c2bd-520a-a0fa-28d738fb86ce,f5e43a2a-032c-562e-837a-ff3c72abffb4,2024-09-22,12:00:00,13:30:00,27,APROBADA
54f0505a-caba-5be1-a0cd-9a242c986d5d,05a1191e-b84b-597d-b970-b04889cc30ee,2024-07-01,13:30:00,15:00:00,29,APROBADA
9e771cb6-beb5-5d59-ae7f-04d0bf572cfc,0880d439-8834-59c1-bfce-e7f3da722b3f,2024-11-26,09:00:00,11:00:00,34,APROBADA
a0c191c4-9a3c-5cde-a59b-64f456f82694,2574a671-d58d-5db3-8c9f-2518d8a8d790,2024-11-15,17:00:00,18:00:00,26,APROBADA
5344f3c7-6f31-512f-a0fe-b21479c98a0a,7d424b25-0f98-5f10-b2a8-ed9ddcd33e7a,2024-12-02,12:00:00,13:30:00,25,APROBADA
32350800-fa7e-5d23-9f55-86c29c807bb4,1dee66e3-0076-5033-8ba0-70dd67e8aea0,2024-11-06,07:00:00,08:30:00,41,APROBADA
2b62f27a-037e-5a98-a8a0-dc470cf20109,6903b35b-c2a6-5770-98e5-743c2bc06b45,2024-11-10,17:30:00,18:30:00,30,APROBADA
c3e791e9-ce14-57c4-830b-93813544d89d,7d424b25-0f98-5f10-b2a8-ed9ddcd33e7a,2024-11-18,18:00:00,19:30:00,35,APROBADA
708ef16e-01c0-5c79-bbcc-0e83b1f66751,23c254ed-4635-5cec-baa9-656efa7fd130,2025-03-08,09:30:00,11:00:00,26,APROBADA
b43bd7bf-e95f-5e42-95c0-bc3360ea89a0,0880d439-8834-59c1-bfce-e7f3da722b3f,2024-12-11,08:30:00,10:00:00,38,APROBADA
8c10567b-8ca9-52ca-8acd-2ce2f351a9ef,b8969593-19a7-5a43-84c0-d52e63ac0cb4,2025-03-02,18:00:00,19:00:00,26,APROBADA
82d12b6f-f80e-5bba-8ed0-e62580d2eccc,10225e74-7c22-5384-8cdc-396a168ec651,2025-03-19,07:30:00,08:30:00,34,APROBADA
eba47f5c-aec9-599f-91b0-cb9481e76882,1dee66e3-0076-5033-8ba0-70dd67e8aea0,2025-05-17,15:00:00,18:00:00,40,APROBADA
820a05e3-1681-5996-84f7-e1586820ee1b,45b00d8f-2f79-52ba-8b17-e7d6ee0b476f,2024-07-18,07:30:00,09:00:00,33,APROBADA
d27eed5e-d407-59a3-897b-c2d086784b8f,c1489a8f-1dff-511e-b025-5a10261901d7,2024-07-24,13:30:00,16:30:00,26,APROBADA
5143209f-e5c5-5180-a89e-bfd1a836b154,7d424b25-0f98-5f10-b2a8-ed9ddcd33e7a,2025-06-09,14:30:00,16:00:00,29,APROBADA
181e4c5a-f98c-58a8-ae8e-d99c65ca52d3,d7ce39c6-be5b-537a-ae81-d449a1710ff2,2024-11-18,19:00:00,20:30:00,37,APROBADA
fe0fd656-aa0c-5841-b3f5-a4d768388bdc,4b4a10f4-36fa-5109-bc5d-14e24370c164,2025-03-13,13:30:00,15:00:00,32,APROBADA
40059088-0747-5edb-af4f-218e8405f6a8,0880d439-8834-59c1-bfce-e7f3da722b3f,2024-11-16,10:00:00,13:00:00,31,APROBADA
f2515ad9-4b9d-578c-80ce-eed6e70ab860,8fd4b53b-1d49-5307-8a1a-e184999a4434,2024-11-19,09:30:00,11:30:00,33,APROBADA
7fd9f96a-ba89-5070-a7f7-8b11741224b2,0880d439-8834-59c1-bfce-e7f3da722b3f,2025-01-17,10:00:00,13:00:00,44,APROBADA
b7d39ecc-21ea-5497-949d-3680613ad680,a40fe9f0-87fa-5853-968f-5cedd5939e8a,2025-02-20,12:00:00,14:00:00,26,APROBADA
a5bc0b48-32b4-5ac8-8d62-4500dbee8b7a,45b00d8f-2f79-52ba-8b17-e7d6ee0b476f,2024-07-16,12:00:00,14:00:00,32,APROBADA
8c0e969d-320a-57ea-b527-da872aa09147,6903b35b-c2a6-5770-98e5-743c2bc06b45,2024-12-28,15:30:00,18:30:00,35,APROBADA
378acfd4-1752-5cbb-bd14-53036fa90427,ef815f08-b586-5f03-964a-a08004eaebf3,2025-03-16,14:30:00,15:30:00,35,APROBADA
9ab012dc-b63b-50fa-bf01-bdaeaaee336b,c1489a8f-1dff-511e-b025-5a10261901d7,2025-02-11,19:00:00,20:00:00,30,APROBADA
8943e693-7a06-54b1-873f-9e0aa184847c,dd609563-702d-543d-a49a-0ce27a83f234,2025-02-23,11:30:00,13:30:00,32,APROBADA
0dce5c5b-2fa8-543b-9721-ff1be3bdaa69,a22ee2bf-332c-5ac1-ae12-28ce7b0033a1,2025-01-10,13:00:00,14:00:00,30,APROBADA
62902bf8-8a43-58f6-ad5b-f7718c05840d,6903b35b-c2a6-5770-98e5-743c2bc06b45,2025-05-10,08:30:00,11:30:00,34,APROBADA
6a6cf559-fe72-5971-97ae-824e04bb7f64,1a0b71d7-4721-5998-bd82-de26b25b5771,2025-01-13,13:30:00,15:00:00,34,APROBADA
425dfe3c-d1d9-56e6-82e2-c56d7b289750,6903b35b-c2a6-5770-98e5-743c2bc06b45,2025-02-14,14:00:00,17:00:00,34,APROBADA
87d8ddcb-69c3-57ee-8a0b-831dfee7753a,ef815f08-b586-5f03-964a-a08004eaebf3,2024-10-30,09:30:00,10:30:00,35,APROBADA
e4e8617e-01ab-52ca-87ce-7c80c3f5ab4e,6d481120-dab0-50c8-8f1b-33cf911e9573,2025-01-15,07:30:00,08:30:00,34,APROBADA
77c9126d-6f16-50b5-aedb-b029e89669a7,7d424b25-0f98-5f10-b2a8-ed9ddcd33e7a,2024-12-04,07:30:00,09:30:00,29,APROBADA
7b532a59-54d8-5352-a0f9-00122312b788,6d481120-dab0-50c8-8f1b-33cf911e9573,2025-03-16,09:30:00,10:30:00,41,APROBADA
bbc7cc12-532c-5dd2-b051-39860e20fa6e,05a1191e-b84b-597d-b970-b04889cc30ee,2024-09-04,18:30:00,20:00:00,27,APROBADA
9045b4f1-1bd0-5e19-a7fd-d75363489b1c,b8969593-19a7-5a43-84c0-d52e63ac0cb4,2025-06-25,07:00:00,10:00:00,26,APROBADA
b76b8a3d-0732-5799-b816-9cf5d14f9cb4,4b4a10f4-36fa-5109-bc5d-14e24370c164,2024-12-16,09:00:00,10:00:00,28,APROBADA
685a0426-3b15-5bc2-97d7-cc53f42648c4,23c254ed-4635-5cec-baa9-656efa7fd130,2025-05-15,11:00:00,12:30:00,26,APROBADA
27ace8f2-562e-5e8a-a8b6-8fa08a4f4600,6903b35b-c2a6-5770-98e5-743c2bc06b45,2025-06-29,14:00:00,15:00:00,35,APROBADA
c83fca9a-e103-5424-83e1-4edac17bf6a8,10225e74-7c22-5384-8cdc-396a168ec651,2025-03-09,09:00:00,11:00:00,36,APROBADA
e6b3a384-5a5d-5750-b1b6-6d991eccbbf4,d056b3a8-8204-507a-b6c1-1f1203a87651,2024-10-02,15:30:00,16:30:00,29,APROBADA
26c46d7e-5e13-5603-9e3b-6166ace57ebb,f5e43a2a-032c-562e-837a-ff3c72abffb4,2024-10-22,11:30:00,13:00:00,27,APROBADA
d753bbe3-f61d-52b0-b93f-d8dd9d89ebd0,4b4a10f4-36fa-5109-bc5d-14e24370c164,2024-11-25,07:30:00,09:30:00,26,APROBADA
abdf234e-65c8-5548-9512-cc992816fa75,6c814918-8ba0-52cc-9377-6d60b7946f8b,2025-05-16,15:30:00,17:00:00,32,APROBADA
4369857f-ae97-522f-8ef0-8abf47665ff3,2574a671-d58d-5db3-8c9f-2518d8a8d790,2025-02-17,08:00:00,09:30:00,35,APROBADA
11aff496-c6eb-571a-96fc-bda3367b8ded,a40fe9f0-87fa-5853-968f-5cedd5939e8a,2025-03-22,12:30:00,13:30:00,26,APROBADA
7b2717bd-deba-5d21-aad4-570d664b2178,c1489a8f-1dff-511e-b025-5a10261901d7,2024-10-23,10:30:00,12:30:00,31,APROBADA
d1154895-a664-5b0c-8c89-6a2681731c4a,dd609563-702d-543d-a49a-0ce27a83f234,2025-03-07,13:30:00,15:00:00,28,APROBADA
b935ec06-a1ea-5b49-a8db-99a6bbdff643,05a1191e-b84b-597d-b970-b04889cc30ee,2024-08-12,09:30:00,11:30:00,28,APROBADA
b5e1cf5a-55ce-5d86-b9fe-9da0f739644d,0880d439-8834-59c1-bfce-e7f3da722b3f,2025-02-08,14:30:00,17:30:00,40,APROBADA
1c0742f5-165c-5d2c-b894-a907ce5ce0b3,7d424b25-0f98-5f10-b2a8-ed9ddcd33e7a,2025-04-29,08:30:00,11:30:00,40,APROBADA
30942b1c-1e94-5640-9fa7-3306d7258f37,7d424b25-0f98-5f10-b2a8-ed9ddcd33e7a,2024-08-25,08:00:00,09:30:00,35,APROBADA
6d7a989f-affa-5ebe-a5b7-16e7708f8a09,7bcb3d0c-2500-5f01-abe8-d24e962af50e,2024-08-18,17:00:00,18:30:00,25,APROBADA
2e6b7966-1837-5465-94ec-fbe5d12177e9,4b4a10f4-36fa-5109-bc5d-14e24370c164,2024-07-11,13:00:00,14:30:00,32,APROBADA
b18e54b0-201a-5e4d-aa47-becb883d1e5b,1a0b71d7-4721-5998-bd82-de26b25b5771,2025-03-15,13:30:00,15:00:00,28,APROBADA
121eb02b-4e77-55a6-bbd5-f0275ccb3f22,6903b35b-c2a6-5770-98e5-743c2bc06b45,2025-01-12,16:30:00,18:00:00,31,APROBADA
f7140197-048f-5f59-9912-ce0ab10026db,d056b3a8-8204-507a-b6c1-1f1203a87651,2025-04-28,11:00:00,12:30:00,30,APROBADA
3672155d-3912-5924-8390-4ebb19711b5e,0880d439-8834-59c1-bfce-e7f3da722b3f,2025-06-29,08:30:00,11:30:00,42,APROBADA
17215136-4ca8-526f-989c-e52acd9875bf,d76d770e-14c2-5fea-bf8b-28f95250e124,2025-05-06,10:00:00,13:00:00,27,APROBADA
2aeb3d7f-1733-573c-8905-273e8857c084,d7ce39c6-be5b-537a-ae81-d449a1710ff2,2024-11-27,18:00:00,19:30:00,25,APROBADA
ccbe5b72-fb39-5228-91ff-2436783725be,2574a671-d58d-5db3-8c9f-2518d8a8d790,2025-01-21,17:00:00,19:00:00,38,APROBADA
64263398-01e7-53a2-9e89-539dc09823b7,a22ee2bf-332c-5ac1-ae12-28ce7b0033a1,2024-08-17,10:00:00,12:00:00,29,APROBADA
7dc248b5-02c5-5a9c-85dc-bdbfac741cea,7bcb3d0c-2500-5f01-abe8-d24e962af50e,2025-06-26,17:00:00,18:00:00,32,APROBADA
c6824bc5-f03a-5242-a856-933257eeafae,8fd4b53b-1d49-5307-8a1a-e184999a4434,2025-04-28,11:00:00,13:00:00,26,APROBADA
b964a213-0493-586f-9843-4257eb336073,2574a671-d58d-5db3-8c9f-2518d8a8d790,2025-01-31,18:00:00,19:00:00,35,APROBADA
1741d4ea-3e43-564d-b632-de478bf8e6ab,dd609563-702d-543d-a49a-0ce27a83f234,2025-06-23,15:30:00,17:00:00,26,APROBADA
53c85e6a-89c3-5560-92c5-ddfb407653a2,d76d770e-14c2-5fea-bf8b-28f95250e124,2024-09-27,07:30:00,08:30:00,33,APROBADA
6c460759-b5f6-5fc2-8003-22cb557ed790,d7ce39c6-be5b-537a-ae81-d449a1710ff2,2024-08-17,10:30:00,12:30:00,43,APROBADA
2d9861b9-f054-5f93-a1b3-ddcc340bc676,d76d770e-14c2-5fea-bf8b-28f95250e124,2025-04-08,15:00:00,16:30:00,27,APROBADA
e4e756ef-034f-58a5-866f-4e00dab32921,1a0b71d7-4721-5998-bd82-de26b25b5771,2025-04-02,15:30:00,16:30:00,33,APROBADA
cb5ba7d9-48bc-5c50-90f9-6e5cd67f90b3,b46607fb-d28f-5c06-a3a8-091cb9d995ec,2024-10-06,19:00:00,20:30:00,25,APROBADA
8ea947e2-d4d4-5959-bd85-85e493b00e1c,dd609563-702d-543d-a49a-0ce27a83f234,2024-10-16,16:30:00,17:30:00,26,APROBADA
36a45b7a-2212-5b03-b011-c6b1dbfd1e27,0880d439-8834-59c1-bfce-e7f3da722b3f,2025-04-27,14:00:00,15:30:00,40,APROBADA
e81562ea-2c7c-5b30-a145-ef6d8a374bc3,706ea773-fd09-5587-a465-302616f9d571,2025-02-11,12:30:00,14:30:00,33,APROBADA
126677f4-3693-5dde-9ad2-206f872d1dea,706ea773-fd09-5587-a465-302616f9d571,2025-05-17,18:30:00,20:30:00,35,APROBADA
950a936c-2c88-5c92-8967-e706c0e90a92,c1489a8f-1dff-511e-b025-5a10261901d7,2025-02-28,11:30:00,13:30:00,31,APROBADA
8d00625e-3967-5c07-9c59-758c5395e9ee,da1fe6a7-058c-5ad3-a10e-f529804a44b5,2025-03-30,18:30:00,19:30:00,33,APROBADA
dc6c8695-4962-53e9-bfa8-f0e26693585b,d7ce39c6-be5b-537a-ae81-d449a1710ff2,2024-07-16,17:00:00,18:00:00,25,APROBADA
a1393486-4a73-5b60-b675-da1f368704b7,da1fe6a7-058c-5ad3-a10e-f529804a44b5,2024-09-04,17:30:00,18:30:00,29,APROBADA
b700198e-2bcb-5c26-bc22-f12dc4e2ee03,f5e43a2a-032c-562e-837a-ff3c72abffb4,2025-03-19,09:00:00,10:00:00,29,APROBADA
c4d4b028-d745-5ef6-9883-c68ca85b45b7,706ea773-fd09-5587-a465-302616f9d571,2024-12-19,12:30:00,13:30:00,32,APROBADA
60d13a61-7b31-5580-97f7-c7a3a4c03057,ef815f08-b586-5f03-964a-a08004eaebf3,2024-09-27,18:30:00,19:30:00,29,APROBADA
b207fe04-b750-5cbe-920a-5b6f6c0a6022,d7ce39c6-be5b-537a-ae81-d449a1710ff2,2024-11-02,09:30:00,12:30:00,31,APROBADA
0bc9bd2e-c391-5a1a-96cd-e83b65369f37,ef815f08-b586-5f03-964a-a08004eaebf3,2025-02-20,16:30:00,18:00:00,29,APROBADA
5eab6f2f-5ad8-5be6-abe6-beaa7345b692,6903b35b-c2a6-5770-98e5-743c2bc06b45,2025-01-09,17:00:00,19:00:00,30,APROBADA
fa5275b1-7d9f-540c-8e86-3e655516a77b,a22ee2bf-332c-5ac1-ae12-28ce7b0033a1,2025-06-12,19:00:00,20:00:00,35,APROBADA
132e250a-ed2c-515b-b7c9-f15abef0af67,4b4a10f4-36fa-5109-bc5d-14e24370c164,2024-08-02,10:30:00,11:30:00,32,APROBADA
460f2107-db37-57f7-8b17-b80f17d015a3,d056b3a8-8204-507a-b6c1-1f1203a87651,2024-12-13,09:00:00,10:30:00,28,APROBADA
0db70f72-07e5-5f06-b821-a422331f3683,e5da4cff-29aa-5f05-8532-70f093603e74,2025-05-10,09:00:00,11:00:00,37,APROBADA
b873ee9f-2ffd-5783-b918-549e2e940d08,45b00d8f-2f79-52ba-8b17-e7d6ee0b476f,2025-03-22,09:00:00,10:30:00,25,APROBADA
05698585-048d-5f11-a5fd-0e2fd0820dae,1dee66e3-0076-5033-8ba0-70dd67e8aea0,2025-03-03,07:30:00,09:00:00,32,APROBADA
3b4d0581-297a-55ee-8948-1e10cdbef5a6,da1fe6a7-058c-5ad3-a10e-f529804a44b5,2025-02-27,11:30:00,13:00:00,36,APROBADA
8d8b350d-c10c-5a4e-877a-0ab1a4d3d757,1dee66e3-0076-5033-8ba0-70dd67e8aea0,2024-10-01,09:00:00,11:00:00,37,APROBADA
6da335b9-ab57-5745-a261-b04dfa1b2940,45b00d8f-2f79-52ba-8b17-e7d6ee0b476f,2024-11-11,17:00:00,18:30:00,29,APROBADA
cfcf582c-7ae7-5e97-b4c9-21dd318f26d4,0880d439-8834-59c1-bfce-e7f3da722b3f,2024-09-27,16:00:00,17:00:00,34,APROBADA
11e01f23-7695-599b-bd00-d24c13788f91,7bcb3d0c-2500-5f01-abe8-d24e962af50e,2024-09-07,07:30:00,10:30:00,26,APROBADA
13e9e067-2d2c-52a5-b923-19deab0541d7,e5da4cff-29aa-5f05-8532-70f093603e74,2024-07-26,16:30:00,18:30:00,25,APROBADA
a2fe3b14-96f5-5b08-8674-1a7163889fc0,8fd4b53b-1d49-5307-8a1a-e184999a4434,2025-03-22,12:00:00,13:00:00,36,APROBADA
e883691b-7f93-5ff4-a20c-38bcdcb40d88,05a1191e-b84b-597d-b970-b04889cc30ee,2024-11-04,13:00:00,14:30:00,26,APROBADA
86b7ab6f-9ee2-5064-9e74-42f9f98fe397,05a1191e-b84b-597d-b970-b04889cc30ee,2024-08-11,12:00:00,13:30:00,29,APROBADA
c93ccb12-7b91-5390-9d9d-e7b7c3cfc729,d7ce39c6-be5b-537a-ae81-d449a1710ff2,2024-08-29,09:00:00,10:30:00,44,APROBADA
c899e600-503c-54ec-a71a-2c2fb476277f,dd609563-702d-543d-a49a-0ce27a83f234,2025-03-27,11:00:00,13:00:00,26,APROBADA
761eab59-c5a9-51f3-aae1-8741029e82ec,dd609563-702d-543d-a49a-0ce27a83f234,2024-07-17,14:30:00,15:30:00,40,APROBADA
27886e90-905d-5795-bd25-6dde1b02f3c4,45b00d8f-2f79-52ba-8b17-e7d6ee0b476f,2025-04-26,18:00:00,19:00:00,33,APROBADA
0c9455de-fe02-5b55-9a4e-f56e302e3301,6c814918-8ba0-52cc-9377-6d60b7946f8b,2025-03-13,09:00:00,12:00:00,28,APROBADA
f92bc890-ada6-5d62-a9d4-1c9ea89cbf6d,6d481120-dab0-50c8-8f1b-33cf911e9573,2024-08-27,09:00:00,12:00:00,44,APROBADA
84b0c08b-a357-5c4a-a8e2-d350ebec4d8c,d7ce39c6-be5b-537a-ae81-d449a1710ff2,2024-09-08,13:00:00,14:30:00,45,APROBADA
996af240-365d-5204-b0f7-be5b09e9a80f,05a1191e-b84b-597d-b970-b04889cc30ee,2024-08-10,14:00:00,16:00:00,30,APROBADA
ef89abca-7c68-502c-bfd7-5dc7d3c0d7c7,8fd4b53b-1d49-5307-8a1a-e184999a4434,2025-06-23,11:00:00,12:00:00,32,APROBADA
46e05def-511e-5350-a51a-41d49fbc8e39,d7ce39c6-be5b-537a-ae81-d449a1710ff2,2024-07-31,16:00:00,19:00:00,27,APROBADA
c978e75a-b132-5b03-8474-0756d0adf6a4,da1fe6a7-058c-5ad3-a10e-f529804a44b5,2024-07-01,15:00:00,17:00:00,26,APROBADA
131c6f79-3d25-5cb0-9149-951a7f503012,da1fe6a7-058c-5ad3-a10e-f529804a44b5,2025-01-02,08:30:00,10:00:00,34,APROBADA
88ee8ed4-3560-54e7-9814-025563148059,dd609563-702d-543d-a49a-0ce27a83f234,2025-04-19,18:00:00,21:00:00,38,APROBADA
e4a75a8a-8006-570c-ad4b-2bb9fc8b8666,7d424b25-0f98-5f10-b2a8-ed9ddcd33e7a,2024-10-15,13:30:00,15:30:00,33,APROBADA
c9c1b685-329b-51ac-a312-9a1f887f6923,b46607fb-d28f-5c06-a3a8-091cb9d995ec,2025-03-16,07:30:00,10:30:00,35,APROBADA
afb17139-91c9-54b5-a5e0-5227112027a5,05a1191e-b84b-597d-b970-b04889cc30ee,2024-11-23,10:30:00,12:30:00,31,APROBADA
eee6b8aa-0819-5120-9bf5-e445de6af7c0,706ea773-fd09-5587-a465-302616f9d571,2024-08-21,18:30:00,21:30:00,30,APROBADA
14cc5fa5-f375-5e59-a426-75e7938f7457,7d424b25-0f98-5f10-b2a8-ed9ddcd33e7a,2025-01-26,11:00:00,14:00:00,40,APROBADA
3d9929e6-1f8d-5a3b-984c-d89691f3ef94,05a1191e-b84b-597d-b970-b04889cc30ee,2025-06-13,15:30:00,16:30:00,35,APROBADA
2808304b-c834-5983-9b28-e2b1d7ea2626,4b4a10f4-36fa-5109-bc5d-14e24370c164,2025-06-16,14:30:00,17:30:00,29,APROBADA
8efb201c-b79f-5fe8-9010-f7bf9f15d23f,2574a671-d58d-5db3-8c9f-2518d8a8d790,2024-12-22,12:30:00,14:30:00,40,APROBADA
9011fb07-5a4b-5645-b6ce-c08ce8b4cf9f,6d481120-dab0-50c8-8f1b-33cf911e9573,2025-06-10,17:00:00,20:00:00,45,APROBADA
c91c4224-1615-5f32-833c-b40c0c0c95fc,0880d439-8834-59c1-bfce-e7f3da722b3f,2025-05-19,12:30:00,13:30:00,31,APROBADA
e435577b-b904-5358-b2cc-e3d8f23e7f12,c1489a8f-1dff-511e-b025-5a10261901d7,2024-07-21,12:30:00,15:30:00,28,APROBADA
b08d8c38-7e91-591d-a47a-b95d1918a762,6c814918-8ba0-52cc-9377-6d60b7946f8b,2025-04-07,19:00:00,20:30:00,32,APROBADA
b2b5f042-8174-570a-9eb2-ead3c14b873f,0880d439-8834-59c1-bfce-e7f3da722b3f,2024-08-13,17:30:00,20:30:00,44,APROBADA
89c62ff9-1597-559d-a2d8-74d04e5b3737,1a0b71d7-4721-5998-bd82-de26b25b5771,2025-04-26,18:00:00,20:00:00,40,APROBADA
d99a82af-f0cd-5771-bb07-30bb2ffa1cb3,a22ee2bf-332c-5ac1-ae12-28ce7b0033a1,2024-12-27,07:00:00,10:00:00,27,APROBADA
dfc2ce7e-7d9f-5211-98fa-6b5834fd12ab,6d481120-dab0-50c8-8f1b-33cf911e9573,2024-07-04,07:00:00,08:00:00,28,APROBADA
d0166c56-eb07-5b8f-a1d1-673f640fcdd1,6c814918-8ba0-52cc-9377-6d60b7946f8b,2024-11-17,10:00:00,12:00:00,35,APROBADA
cba12b70-8cb0-5168-aaeb-6dfb21de554b,b46607fb-d28f-5c06-a3a8-091cb9d995ec,2025-05-27,09:30:00,11:30:00,37,APROBADA
1350c004-b0c6-5172-a385-fa091becf165,7d424b25-0f98-5f10-b2a8-ed9ddcd33e7a,2024-08-18,07:30:00,09:30:00,36,APROBADA
235b4295-1ccc-5fc2-9358-6f8a2fb46e97,ef815f08-b586-5f03-964a-a08004eaebf3,2024-10-10,10:30:00,12:30:00,36,APROBADA
72c50fb2-2265-59f4-8cb8-4dc28d21d833,b8969593-19a7-5a43-84c0-d52e63ac0cb4,2025-03-26,11:00:00,13:00:00,30,APROBADA
69f72438-bac6-59c3-b4ed-092122d4a872,b46607fb-d28f-5c06-a3a8-091cb9d995ec,2024-10-03,10:00:00,12:00:00,28,APROBADA
e8e4ba45-a357-5b95-9315-59ed68b138fc,4b4a10f4-36fa-5109-bc5d-14e24370c164,2025-01-02,18:00:00,20:00:00,26,APROBADA
a4bbb3ab-0619-51a8-b230-d44b7a74d8b6,a40fe9f0-87fa-5853-968f-5cedd5939e8a,2024-10-02,17:30:00,18:30:00,25,APROBADA
f037836d-9ff7-5dd4-8b8a-e433c5bab557,d7ce39c6-be5b-537a-ae81-d449a1710ff2,2025-02-21,16:30:00,18:00:00,37,APROBADA
bfda7fa7-d8d2-5946-ad9f-f6b1560810d6,d7ce39c6-be5b-537a-ae81-d449a1710ff2,2025-06-26,09:00:00,10:30:00,29,APROBADA
e314de34-00ec-5a7f-b719-31fb4a2ace79,c1489a8f-1dff-511e-b025-5a10261901d7,2025-05-20,17:30:00,20:30:00,31,APROBADA
8feb6f2c-3010-5337-afbc-4d21c6c87863,0880d439-8834-59c1-bfce-e7f3da722b3f,2024-07-28,11:00:00,12:30:00,27,APROBADA
6f03d11e-5de8-5d5c-a957-75e1bdfd598f,a22ee2bf-332c-5ac1-ae12-28ce7b0033a1,2024-11-16,09:00:00,11:00:00,33,APROBADA
dd574673-e967-5ef3-8af5-bb6582a9e930,c1489a8f-1dff-511e-b025-5a10261901d7,2025-05-01,12:00:00,13:30:00,25,APROBADA
4a64c82f-a549-57d3-b2d2-ec2e1d70e5a7,23c254ed-4635-5cec-baa9-656efa7fd130,2025-04-09,14:00:00,15:00:00,30,APROBADA
393cb7fc-f307-5c19-8b3f-0cd5579fefe9,7bcb3d0c-2500-5f01-abe8-d24e962af50e,2024-12-19,17:00:00,20:00:00,29,APROBADA
5d05e8d3-9bcb-5613-99c6-f3a5096900cb,1dee66e3-0076-5033-8ba0-70dd67e8aea0,2024-10-25,18:00:00,19:30:00,39,APROBADA
87ea9a8a-37cc-5e1c-8208-c44f44970854,d76d770e-14c2-5fea-bf8b-28f95250e124,2025-02-20,12:30:00,14:30:00,34,APROBADA
7cc8a097-2e67-538b-bdcc-0a3194ac6a44,05a1191e-b84b-597d-b970-b04889cc30ee,2025-06-29,12:00:00,14:00:00,28,APROBADA
c1e813e4-a538-51e5-9a81-0cf0591e5ce7,eb4139b4-3715-5623-a990-d045271440a9,2024-11-09,11:00:00,14:00:00,32,APROBADA
62241943-a34e-5448-adc4-73c9fc194d4b,1dee66e3-0076-5033-8ba0-70dd67e8aea0,2025-04-01,18:00:00,20:00:00,28,APROBADA
8fb3022d-c73b-5294-b626-c091de68a45f,d056b3a8-8204-507a-b6c1-1f1203a87651,2025-06-15,07:30:00,09:00:00,29,APROBADA
90550764-2dff-5cec-aa99-e60e4ef5f977,05a1191e-b84b-597d-b970-b04889cc30ee,2025-01-16,08:00:00,09:00:00,26,APROBADA
b6549e7f-b1f1-5008-8bd0-df9d2131bead,45b00d8f-2f79-52ba-8b17-e7d6ee0b476f,2024-11-09,16:30:00,18:00:00,31,APROBADA
bfa0d3ab-e1d5-5e1b-8e8a-96fcc728c1b0,6d481120-dab0-50c8-8f1b-33cf911e9573,2024-07-26,07:00:00,09:00:00,44,APROBADA
1823f244-cd8d-58bf-ab62-08fd74a2e012,e5da4cff-29aa-5f05-8532-70f093603e74,2024-11-06,09:30:00,11:00:00,30,APROBADA
a376c69b-c5d4-50dc-8c85-3e60a9243e11,b46607fb-d28f-5c06-a3a8-091cb9d995ec,2024-10-21,09:30:00,12:30:00,25,APROBADA
72ed2d27-2e69-5f32-b4c8-30696161bea2,10225e74-7c22-5384-8cdc-396a168ec651,2024-11-01,12:30:00,14:30:00,31,APROBADA
552c9499-47cf-58d9-aeb4-963bb62e2b85,1a0b71d7-4721-5998-bd82-de26b25b5771,2024-07-16,07:30:00,10:30:00,32,APROBADA
0f1f4e83-1cbc-5776-9dff-063a9836e7f2,2574a671-d58d-5db3-8c9f-2518d8a8d790,2025-06-04,13:00:00,15:00:00,28,APROBADA
94664832-307d-5907-86ef-baa051ebbb3b,0880d439-8834-59c1-bfce-e7f3da722b3f,2025-01-16,17:30:00,19:30:00,32,APROBADA
689c7d9b-9096-5852-b6e5-dd6abcbad81e,8fd4b53b-1d49-5307-8a1a-e184999a4434,2025-03-18,12:00:00,14:00:00,36,APROBADA
23777616-bfcb-59ab-bc86-b1baeed61c26,d76d770e-14c2-5fea-bf8b-28f95250e124,2025-04-26,11:00:00,13:00:00,32,APROBADA
99ec7424-b1e1-599b-ae31-493e4bd857cb,a22ee2bf-332c-5ac1-ae12-28ce7b0033a1,2025-04-17,08:00:00,09:30:00,36,APROBADA
bf247fa0-4df7-5f29-9b9f-bf8a40c97e61,706ea773-fd09-5587-a465-302616f9d571,2024-08-25,12:00:00,15:00:00,29,APROBADA
85fe7de4-b2de-541b-962f-d999ab96566a,da1fe6a7-058c-5ad3-a10e-f529804a44b5,2024-09-12,11:30:00,13:00:00,27,APROBADA
4a45d989-3e81-5154-be46-9fecf77ffeaa,d056b3a8-8204-507a-b6c1-1f1203a87651,2025-03-18,18:00:00,21:00:00,32,APROBADA
86e67966-9b0e-577d-84ed-d9b4325d5585,d7ce39c6-be5b-537a-ae81-d449a1710ff2,2024-12-11,11:00:00,12:30:00,43,APROBADA
06fa4e49-cd63-58f6-8a68-57d4442c9ab6,2574a671-d58d-5db3-8c9f-2518d8a8d790,2025-05-02,08:30:00,10:30:00,29,APROBADA
6e9bdb5a-825e-577e-84df-cba966d015f0,da1fe6a7-058c-5ad3-a10e-f529804a44b5,2025-04-20,15:00:00,16:00:00,30,APROBADA
d5ba233f-bbc5-5427-8479-20bffbbeed90,c1489a8f-1dff-511e-b025-5a10261901d7,2024-07-29,16:00:00,19:00:00,29,APROBADA
2a686079-51f5-5e7e-8686-a07d01b73057,10225e74-7c22-5384-8cdc-396a168ec651,2024-08-05,17:00:00,20:00:00,28,APROBADA
460a0dfb-61dd-53aa-9377-9f1270e49358,d76d770e-14c2-5fea-bf8b-28f95250e124,2025-02-19,16:30:00,17:30:00,29,APROBADA
3ef16128-7685-53b8-b06f-eee8b9f15099,a40fe9f0-87fa-5853-968f-5cedd5939e8a,2025-03-23,12:00:00,13:00:00,29,APROBADA
490602d4-31bc-53bc-9804-51c3301ebb57,10225e74-7c22-5384-8cdc-396a168ec651,2025-06-12,08:30:00,09:30:00,34,APROBADA
55305061-cd2b-5f57-862f-c105517ef283,f5e43a2a-032c-562e-837a-ff3c72abffb4,2024-10-12,07:30:00,09:30:00,28,APROBADA
9ed6d16f-30e1-5ab8-b299-457a023ad0fc,45b00d8f-2f79-52ba-8b17-e7d6ee0b476f,2024-10-08,10:30:00,12:00:00,27,APROBADA
3baf9def-72fd-563f-a6dd-3737b4e6de48,7bcb3d0c-2500-5f01-abe8-d24e962af50e,2024-11-15,13:30:00,15:00:00,31,APROBADA
719ec3d8-b9f9-5bbc-894d-88059fef9b81,e5da4cff-29aa-5f05-8532-70f093603e74,2025-03-20,09:00:00,11:00:00,25,APROBADA
a2624811-f4f8-5709-902f-c0d2617e5e46,0880d439-8834-59c1-bfce-e7f3da722b3f,2024-11-12,10:00:00,12:00:00,27,APROBADA
2d6f1c16-eafc-5015-a272-20919e2614ee,7d424b25-0f98-5f10-b2a8-ed9ddcd33e7a,2024-10-31,08:30:00,09:30:00,29,APROBADA
b65772c3-a710-5ee5-9460-d4d362034f1e,b8969593-19a7-5a43-84c0-d52e63ac0cb4,2024-08-16,18:30:00,20:30:00,25,APROBADA
d1339713-f745-5c73-9858-ca6be0e5c8cd,05a1191e-b84b-597d-b970-b04889cc30ee,2025-03-10,12:30:00,15:30:00,33,APROBADA
fe77194a-23df-5f9f-8295-f7978c0664e8,8fd4b53b-1d49-5307-8a1a-e184999a4434,2024-08-24,11:00:00,14:00:00,28,APROBADA
b0491544-fb82-5944-abdf-ceed73100bdb,d76d770e-14c2-5fea-bf8b-28f95250e124,2024-11-07,11:00:00,12:30:00,25,APROBADA
fb1b4321-9c28-5018-8910-4093b362397a,7bcb3d0c-2500-5f01-abe8-d24e962af50e,2025-02-08,17:00:00,20:00:00,25,APROBADA
cf0f012a-6b00-5e37-aebe-f96a45dd5617,c1489a8f-1dff-511e-b025-5a10261901d7,2024-08-16,12:00:00,15:00:00,25,APROBADA
5b1ba94c-2877-54c7-87af-7b285bcbd1af,10225e74-7c22-5384-8cdc-396a168ec651,2024-09-16,13:30:00,15:30:00,31,APROBADA
39ea32f8-bea9-59fc-b6c1-59481a76163f,eb4139b4-3715-5623-a990-d045271440a9,2024-07-23,08:00:00,09:00:00,31,APROBADA
d8d26b29-91b7-59b5-8fa4-66e4a79d34f1,6903b35b-c2a6-5770-98e5-743c2bc06b45,2025-05-12,12:00:00,14:00:00,31,APROBADA
caf930a1-8449-551e-b3f1-d80598e32e2d,f5e43a2a-032c-562e-837a-ff3c72abffb4,2024-07-24,10:00:00,13:00:00,27,APROBADA
3d619d22-5117-57c3-b38c-607562267b85,b46607fb-d28f-5c06-a3a8-091cb9d995ec,2024-09-12,13:30:00,16:30:00,36,APROBADA
5a9c5d57-1f63-5b21-aa1e-c66c3941fda1,7d424b25-0f98-5f10-b2a8-ed9ddcd33e7a,2025-05-04,11:30:00,13:30:00,32,APROBADA
4c59fe3d-097c-5088-934f-0035a3ef31e8,45b00d8f-2f79-52ba-8b17-e7d6ee0b476f,2024-12-22,13:00:00,14:00:00,36,APROBADA
5aee3ddd-d324-587b-9542-e089423e5e7b,ef815f08-b586-5f03-964a-a08004eaebf3,2025-06-09,17:30:00,19:00:00,31,APROBADA
eaf02414-f23d-57b0-ba95-b0f4d284aeff,6903b35b-c2a6-5770-98e5-743c2bc06b45,2024-12-16,08:00:00,09:00:00,33,APROBADA
3f9340c4-1a91-5396-a7a7-ce1ec6b58a04,b8969593-19a7-5a43-84c0-d52e63ac0cb4,2025-03-03,13:00:00,14:00:00,25,APROBADA
f9df434d-4230-5daa-94be-b89e5915d80e,1dee66e3-0076-5033-8ba0-70dd67e8aea0,2024-11-30,18:30:00,19:30:00,39,APROBADA
5d1d8827-2973-5515-9174-0d55607fa3b1,dd609563-702d-543d-a49a-0ce27a83f234,2024-08-27,15:00:00,18:00:00,28,APROBADA
c6f0cb50-d07d-54bc-b3e9-cd73968dd92f,23c254ed-4635-5cec-baa9-656efa7fd130,2025-04-21,14:30:00,15:30:00,27,APROBADA
f0d3265b-9e04-5844-bf19-4215c139cd7d,b46607fb-d28f-5c06-a3a8-091cb9d995ec,2024-12-18,13:30:00,15:30:00,25,APROBADA
f24c0bcf-2ee1-5a5f-b485-2b519056e97e,8fd4b53b-1d49-5307-8a1a-e184999a4434,2024-12-19,15:00:00,16:00:00,32,APROBADA
0e86ee5f-5abc-52c3-8b4c-bb9832bdda7d,eb4139b4-3715-5623-a990-d045271440a9,2025-03-15,08:30:00,10:30:00,27,APROBADA
657eea9b-9413-5e62-83c0-ca747f826d1a,1a0b71d7-4721-5998-bd82-de26b25b5771,2024-10-04,15:30:00,17:30:00,37,APROBADA
2c8ce4aa-7f48-5980-aa60-95d3d07f08af,2574a671-d58d-5db3-8c9f-2518d8a8d790,2025-04-24,18:00:00,21:00:00,32,APROBADA
cbab88b3-bc79-5fcf-a141-a2dbed289fd8,706ea773-fd09-5587-a465-302616f9d571,2025-04-29,15:00:00,16:00:00,29,APROBADA
7bdf6efd-8a5a-5ef0-bfcb-79aeb0ed08a3,23c254ed-4635-5cec-baa9-656efa7fd130,2025-06-27,15:30:00,17:30:00,27,APROBADA
d3e22868-ed0c-5db0-a005-40ae58e5f12a,45b00d8f-2f79-52ba-8b17-e7d6ee0b476f,2024-09-18,14:30:00,16:00:00,32,APROBADA
8e66d84f-abce-5443-9317-96fa3948d426,da1fe6a7-058c-5ad3-a10e-f529804a44b5,2025-05-22,07:00:00,08:00:00,33,APROBADA
ca3fc2c2-5ebe-52f8-bf94-6dd0e6872ff8,2574a671-d58d-5db3-8c9f-2518d8a8d790,2025-04-05,17:30:00,19:30:00,29,APROBADA
6b1b702e-0e43-53be-a33a-b11df466c1a7,0880d439-8834-59c1-bfce-e7f3da722b3f,2025-02-18,10:30:00,12:00:00,32,APROBADA
b186f48a-d5d6-52bd-95b1-faa75a0391d9,0880d439-8834-59c1-bfce-e7f3da722b3f,2024-10-07,11:00:00,12:30:00,30,APROBADA
e0faf414-4dbd-52da-a3e4-83be9759819c,da1fe6a7-058c-5ad3-a10e-f529804a44b5,2025-01-24,18:30:00,21:30:00,27,APROBADA
286f728c-9eaa-5af7-b5f4-853ea7b39c02,6c814918-8ba0-52cc-9377-6d60b7946f8b,2025-06-28,16:00:00,17:30:00,29,APROBADA
63b41788-ed01-5345-b2cb-36554241327b,c1489a8f-1dff-511e-b025-5a10261901d7,2024-12-28,16:00:00,17:00:00,29,APROBADA
39801658-23fc-5f6b-bc6d-09a5a331ca6e,d056b3a8-8204-507a-b6c1-1f1203a87651,2025-01-18,12:30:00,15:30:00,28,APROBADA
74d2eeaa-fd44-5ffe-bba4-ffbb2ae941f7,2574a671-d58d-5db3-8c9f-2518d8a8d790,2024-09-20,14:00:00,15:30:00,34,APROBADA
82f17f5f-46dd-5c46-b2d5-697c8c3cbb84,da1fe6a7-058c-5ad3-a10e-f529804a44b5,2025-02-02,15:00:00,18:00:00,30,APROBADA
f03f3daa-dfc1-5ed3-a10e-60d980150176,dd609563-702d-543d-a49a-0ce27a83f234,2025-05-20,15:30:00,16:30:00,39,APROBADA
af1bfa6d-3fa8-5158-b11e-f624609f763f,0880d439-8834-59c1-bfce-e7f3da722b3f,2025-05-28,18:30:00,19:30:00,29,APROBADA
8e5602c4-dff6-5580-b7ed-f3c261242a01,c1489a8f-1dff-511e-b025-5a10261901d7,2025-04-19,09:00:00,10:00:00,27,APROBADA
b6fc21c3-d70b-549d-8792-f8e002d74216,d7ce39c6-be5b-537a-ae81-d449a1710ff2,2025-02-10,18:30:00,19:30:00,25,APROBADA
3b6d73b9-9d5c-5fe9-91c0-55ebd5676575,706ea773-fd09-5587-a465-302616f9d571,2024-10-11,16:00:00,19:00:00,34,APROBADA
99d8295e-5afb-5309-a4bd-4093e2c4c863,f5e43a2a-032c-562e-837a-ff3c72abffb4,2024-08-04,11:00:00,12:00:00,30,APROBADA
71f264af-4c5b-54d0-983b-0bb6b66144a1,b46607fb-d28f-5c06-a3a8-091cb9d995ec,2025-03-26,15:30:00,16:30:00,28,APROBADA
bac0449f-c118-5003-83ba-7cff1a71b208,d7ce39c6-be5b-537a-ae81-d449a1710ff2,2024-10-16,12:00:00,14:00:00,33,APROBADA
525331a6-0c8f-55e3-952c-62f63addff0f,e5da4cff-29aa-5f05-8532-70f093603e74,2024-09-20,15:00:00,18:00:00,34,APROBADA
441d291f-dc07-54bb-85fe-acd7f3a079dd,1dee66e3-0076-5033-8ba0-70dd67e8aea0,2024-10-24,14:30:00,17:30:00,38,APROBADA
1a72544a-0edf-5024-a201-b004c93b0806,d76d770e-14c2-5fea-bf8b-28f95250e124,2024-07-13,13:00:00,14:00:00,33,APROBADA
fc2690da-f4ac-598a-b6da-f86b60a58ee5,10225e74-7c22-5384-8cdc-396a168ec651,2024-10-08,11:30:00,13:00:00,30,APROBADA
6d7940f6-5f8e-5665-bae8-4a714eb5d508,1a0b71d7-4721-5998-bd82-de26b25b5771,2024-11-06,14:00:00,15:00:00,39,APROBADA
c27a1476-5e9e-533e-bb5d-cd63edb38fae,1dee66e3-0076-5033-8ba0-70dd67e8aea0,2025-01-27,10:00:00,11:30:00,31,APROBADA
f17333e0-7795-5f20-b098-f19e90af827a,4b4a10f4-36fa-5109-bc5d-14e24370c164,2025-04-27,18:00:00,19:00:00,31,APROBADA
ac28bfe5-e605-5856-aa9c-acd51c5464fd,7d424b25-0f98-5f10-b2a8-ed9ddcd33e7a,2025-06-23,19:00:00,21:00:00,34,APROBADA
2546c593-0751-5563-b341-ede16f031cb4,6c814918-8ba0-52cc-9377-6d60b7946f8b,2025-04-11,17:30:00,20:30:00,29,APROBADA
0541a47b-6939-5c4a-9919-f87e82651538,1a0b71d7-4721-5998-bd82-de26b25b5771,2024-07-31,14:30:00,17:30:00,45,APROBADA
cca7b3e4-2a33-563a-bf31-076b0f2b0f4e,c1489a8f-1dff-511e-b025-5a10261901d7,2025-03-11,11:00:00,13:00:00,28,APROBADA
c3c3d12a-71b4-5655-9e4f-70565553c76f,aad269e7-97f7-5e2d-9c43-cf84b49bd847,2024-10-07,08:00:00,10:00:00,25,APROBADA
3870a51f-0bec-5802-ad26-eaf600bf84b7,e5da4cff-29aa-5f05-8532-70f093603e74,2025-03-04,08:30:00,10:00:00,32,APROBADA
e85f6012-2a0e-5609-99ff-54d6e5e832a1,05a1191e-b84b-597d-b970-b04889cc30ee,2024-08-03,17:30:00,20:30:00,28,APROBADA
1c2397d0-711f-53da-bc73-6c5d8bc2ff17,a22ee2bf-332c-5ac1-ae12-28ce7b0033a1,2025-05-20,17:00:00,19:00:00,33,APROBADA
3e0abd6c-178f-5ac6-a439-678f2caa8116,23c254ed-4635-5cec-baa9-656efa7fd130,2025-04-07,16:00:00,18:00:00,31,APROBADA
7cce8601-2966-50dd-b32c-ade3804ac37e,7d424b25-0f98-5f10-b2a8-ed9ddcd33e7a,2025-02-16,09:30:00,11:00:00,25,APROBADA
d32845c8-ee5f-5f93-a72f-c5aff3f9ac37,8fd4b53b-1d49-5307-8a1a-e184999a4434,2025-04-09,17:30:00,19:00:00,25,APROBADA
7e0042a7-b0fe-5c97-99dc-2091fc68b1f1,d056b3a8-8204-507a-b6c1-1f1203a87651,2025-05-14,09:00:00,10:30:00,30,APROBADA
a0323940-49f6-52e1-84f2-54146daa7169,ef815f08-b586-5f03-964a-a08004eaebf3,2025-03-11,15:30:00,16:30:00,32,APROBADA
b0f2d7d6-161e-5a53-bd5a-0a5ed275ad10,da1fe6a7-058c-5ad3-a10e-f529804a44b5,2024-12-27,11:00:00,12:00:00,29,APROBADA
ea554616-65f9-5ea0-bf5d-1649baba5437,7d424b25-0f98-5f10-b2a8-ed9ddcd33e7a,2024-08-22,13:00:00,15:00:00,38,APROBADA
451da169-6ff8-563e-b68f-320a9ec5e5d3,6c814918-8ba0-52cc-9377-6d60b7946f8b,2024-11-08,18:30:00,20:00:00,35,APROBADA
70fd9261-7779-578b-9fca-d04c7d741747,eb4139b4-3715-5623-a990-d045271440a9,2024-10-06,08:00:00,11:00:00,32,APROBADA
e1b9e72f-fdce-5e9e-a004-bb6ba0f2999f,10225e74-7c22-5384-8cdc-396a168ec651,2025-03-06,15:00:00,16:30:00,29,APROBADA
bf9dcd26-a89c-581c-8f42-f8d947a81d1d,6c814918-8ba0-52cc-9377-6d60b7946f8b,2025-04-16,17:00:00,20:00:00,34,APROBADA
5cd1b377-8c8d-52f1-972e-04c1cbdfa903,7d424b25-0f98-5f10-b2a8-ed9ddcd33e7a,2025-05-26,16:00:00,17:00:00,37,APROBADA
2f7e6f09-8cfb-5933-880a-bbeba969077b,d76d770e-14c2-5fea-bf8b-28f95250e124,2024-07-25,12:00:00,13:00:00,32,APROBADA
d7a0b0e3-715b-5f00-8b8e-b1ad54ac392b,aad269e7-97f7-5e2d-9c43-cf84b49bd847,2025-02-18,12:00:00,13:00:00,29,APROBADA
96c96b60-a065-5f07-93cb-27e41a1f0636,706ea773-fd09-5587-a465-302616f9d571,2024-09-04,19:00:00,20:30:00,38,APROBADA
cbe5f37b-1e40-5ab4-b083-3b97e1602241,eb4139b4-3715-5623-a990-d045271440a9,2025-05-30,15:00:00,17:00:00,25,APROBADA
7d835b58-b63f-51a2-9ad7-1f27a14a1323,da1fe6a7-058c-5ad3-a10e-f529804a44b5,2024-11-14,10:30:00,12:00:00,28,APROBADA
46df25eb-dc0e-5ee8-9a8d-89faab082a4f,f5e43a2a-032c-562e-837a-ff3c72abffb4,2024-10-05,18:00:00,21:00:00,30,APROBADA
a5ce8129-cbfc-5b8c-9d9a-064d83a7fd8b,706ea773-fd09-5587-a465-302616f9d571,2025-06-11,18:30:00,19:30:00,25,APROBADA
59c53d93-6ad5-5d6e-9927-a0e7ba794ed5,1dee66e3-0076-5033-8ba0-70dd67e8aea0,2025-04-06,12:00:00,15:00:00,45,APROBADA
de9be510-eec6-5d77-9114-a2f1744f74bb,8fd4b53b-1d49-5307-8a1a-e184999a4434,2025-01-03,07:30:00,10:30:00,30,APROBADA
065721f7-581b-5151-8c39-f4aa55d008d3,da1fe6a7-058c-5ad3-a10e-f529804a44b5,2024-12-05,15:30:00,17:30:00,31,APROBADA
308a2e96-6aa9-51a0-bdae-9d5b2c2f2f39,e5da4cff-29aa-5f05-8532-70f093603e74,2024-10-27,10:30:00,11:30:00,39,APROBADA
b46c56cb-d70d-53f9-b09f-487b475378de,7bcb3d0c-2500-5f01-abe8-d24e962af50e,2025-06-30,07:30:00,08:30:00,26,APROBADA
1665e47c-5ca4-5496-b5d8-237c61eeccbe,e5da4cff-29aa-5f05-8532-70f093603e74,2025-02-06,09:00:00,10:30:00,38,APROBADA
23c799d5-b421-5c32-8928-ef4458f70b41,c1489a8f-1dff-511e-b025-5a10261901d7,2024-09-24,13:00:00,15:00:00,25,APROBADA
97f853f3-6d29-535d-9ebe-9677b693f0da,eb4139b4-3715-5623-a990-d045271440a9,2025-04-14,13:00:00,14:30:00,27,APROBADA
db3a8993-7374-5b67-b33a-593f7c09183a,23c254ed-4635-5cec-baa9-656efa7fd130,2025-06-15,08:30:00,10:30:00,28,APROBADA
c84cd5be-0f48-5af3-9d7e-2340fca8bcfa,1a0b71d7-4721-5998-bd82-de26b25b5771,2025-04-28,17:30:00,20:30:00,29,APROBADA
846dc05b-1678-5828-827f-ddccf59acf62,d7ce39c6-be5b-537a-ae81-d449a1710ff2,2025-01-19,09:00:00,11:00:00,32,APROBADA
f5a90958-a538-5506-9ba4-98cea1a74f4f,dd609563-702d-543d-a49a-0ce27a83f234,2024-10-16,15:30:00,17:00:00,39,APROBADA
2691d618-114b-5716-a848-15a7c33b469a,1dee66e3-0076-5033-8ba0-70dd67e8aea0,2025-02-23,08:30:00,10:00:00,31,APROBADA
f9bd0d2e-ae99-5c5e-a448-19a20a5ee036,7bcb3d0c-2500-5f01-abe8-d24e962af50e,2025-06-10,09:00:00,12:00:00,32,APROBADA
6fbf5ecf-c96b-58f6-b6d1-c5e5a226e5de,d7ce39c6-be5b-537a-ae81-d449a1710ff2,2025-05-30,07:30:00,08:30:00,26,APROBADA
9b64e502-1fc5-5571-992c-0ecf647e6dd9,0880d439-8834-59c1-bfce-e7f3da722b3f,2024-08-04,12:30:00,15:30:00,32,APROBADA
e58b29ef-81ad-5bfe-afdc-8112fdbc6a4a,8fd4b53b-1d49-5307-8a1a-e184999a4434,2025-06-21,18:00:00,19:00:00,29,APROBADA
fd0f8085-e0c7-5902-870d-b50f69d55048,f5e43a2a-032c-562e-837a-ff3c72abffb4,2025-03-24,15:30:00,16:30:00,30,APROBADA
c391c0bb-1fd5-5f34-ac5f-ff395e870591,45b00d8f-2f79-52ba-8b17-e7d6ee0b476f,2025-04-18,14:30:00,15:30:00,30,APROBADA
b1b37c5e-f7a1-5240-882e-e9c53ca11dc7,7d424b25-0f98-5f10-b2a8-ed9ddcd33e7a,2024-07-23,11:00:00,13:00:00,37,APROBADA
f2074232-04de-5688-9e12-625eddda78ae,eb4139b4-3715-5623-a990-d045271440a9,2024-07-18,10:30:00,13:30:00,29,APROBADA
6ec8b368-8b64-5250-8a55-6cb125f0a94f,1dee66e3-0076-5033-8ba0-70dd67e8aea0,2025-05-04,12:30:00,14:30:00,27,APROBADA
614f46c6-55b7-5d38-9286-48a0b4a23926,10225e74-7c22-5384-8cdc-396a168ec651,2024-07-01,09:30:00,11:30:00,26,APROBADA
4623b120-6d69-516f-95dc-1275aaf1fcbb,8fd4b53b-1d49-5307-8a1a-e184999a4434,2024-09-06,07:30:00,09:00:00,29,APROBADA
093c97fc-63a2-5219-b6cc-8b523e508211,6c814918-8ba0-52cc-9377-6d60b7946f8b,2025-06-15,13:00:00,14:00:00,27,APROBADA
9ad637e9-0a4c-5509-9556-b7a9f50225ac,d056b3a8-8204-507a-b6c1-1f1203a87651,2024-09-23,16:00:00,17:30:00,28,APROBADA
2e1f52a1-3126-57f0-b677-21abac4d22cf,b46607fb-d28f-5c06-a3a8-091cb9d995ec,2024-10-30,17:30:00,19:00:00,35,APROBADA
585ccef7-ae54-5cd5-897f-4c96c5055591,7bcb3d0c-2500-5f01-abe8-d24e962af50e,2024-12-20,08:00:00,10:00:00,28,APROBADA
988ac379-ef21-5450-9de5-5653fb6f036a,7d424b25-0f98-5f10-b2a8-ed9ddcd33e7a,2024-10-28,17:30:00,19:00:00,26,APROBADA
bd08180f-1c8a-5e99-b9c5-d6b3dafdd5a2,e5da4cff-29aa-5f05-8532-70f093603e74,2024-09-04,10:00:00,11:00:00,34,APROBADA
033b4296-1400-5d30-9bb5-072881f6d61b,1dee66e3-0076-5033-8ba0-70dd67e8aea0,2025-02-24,08:00:00,09:00:00,29,APROBADA
23a5b5f7-83a1-5a16-8f20-05597b0e68b5,d056b3a8-8204-507a-b6c1-1f1203a87651,2025-04-16,18:30:00,20:00:00,32,APROBADA
bfc99be8-a6ff-5959-a3c1-9e9c08303214,0880d439-8834-59c1-bfce-e7f3da722b3f,2024-10-10,11:30:00,13:00:00,35,APROBADA
7c1a69b4-2908-5cde-9ebc-02e6758d11d7,6903b35b-c2a6-5770-98e5-743c2bc06b45,2024-10-29,17:30:00,20:30:00,32,APROBADA
79ddfe4d-960d-53d5-b129-997e5ffbf4d4,ef815f08-b586-5f03-964a-a08004eaebf3,2025-02-15,08:00:00,10:00:00,32,APROBADA
4b0a5115-1d82-5ffb-9cac-ea010de1164e,d76d770e-14c2-5fea-bf8b-28f95250e124,2024-12-12,07:30:00,10:30:00,37,APROBADA
01ad0943-5bad-52e7-bb4d-b0d7926555ca,da1fe6a7-058c-5ad3-a10e-f529804a44b5,2024-10-07,12:30:00,14:30:00,29,APROBADA
9ee8fe34-ba1d-5c87-b423-09d2a00c8d6f,c1489a8f-1dff-511e-b025-5a10261901d7,2025-06-19,14:30:00,16:30:00,31,APROBADA
5951c340-64ff-5c37-b36f-66b66dc7617b,23c254ed-4635-5cec-baa9-656efa7fd130,2024-07-06,15:00:00,16:00:00,29,APROBADA
9a551813-e673-5a80-842e-b4dd6205a2f8,706ea773-fd09-5587-a465-302616f9d571,2025-04-05,11:30:00,14:30:00,31,APROBADA
928e0748-15c5-5354-8a04-85a56ac32eb6,6d481120-dab0-50c8-8f1b-33cf911e9573,2024-08-21,18:30:00,19:30:00,27,APROBADA
a0d5fb81-44e8-5699-9bb7-4159da79e67c,1dee66e3-0076-5033-8ba0-70dd67e8aea0,2024-10-22,16:00:00,17:30:00,36,APROBADA
3714abff-d35d-5545-8fee-587b8b9ebe49,1dee66e3-0076-5033-8ba0-70dd67e8aea0,2025-03-25,13:00:00,14:00:00,32,APROBADA
4e51536c-d1c3-52ff-8c7f-6e5d7660c3c0,b46607fb-d28f-5c06-a3a8-091cb9d995ec,2025-04-09,11:00:00,12:30:00,36,APROBADA
a83bcffe-392e-5c39-b486-ea78cbb21b7e,8fd4b53b-1d49-5307-8a1a-e184999a4434,2024-11-13,08:00:00,09:30:00,35,APROBADA
a72bd35a-0504-587e-844b-fb8582b1b43e,d76d770e-14c2-5fea-bf8b-28f95250e124,2024-11-14,12:00:00,14:00:00,32,APROBADA
8764d228-563e-5844-b8cc-f46e292747fd,23c254ed-4635-5cec-baa9-656efa7fd130,2024-12-15,10:30:00,11:30:00,32,APROBADA
27c11d2c-39c6-5f4c-8003-d8aba652fd64,f5e43a2a-032c-562e-837a-ff3c72abffb4,2025-05-06,18:00:00,20:00:00,28,APROBADA
dceb9bcb-598b-57e9-aa1e-c64e25e728c1,b46607fb-d28f-5c06-a3a8-091cb9d995ec,2025-06-10,09:00:00,12:00:00,26,APROBADA
43c3d6d6-87c9-545c-a0fc-663c80335b33,1dee66e3-0076-5033-8ba0-70dd67e8aea0,2024-09-16,09:00:00,10:30:00,38,APROBADA
30da6b1f-107a-5202-a4a5-54942a5f86dd,8fd4b53b-1d49-5307-8a1a-e184999a4434,2024-07-25,15:00:00,17:00:00,40,APROBADA
28148fc6-731d-5c1b-93ed-df760bc65962,45b00d8f-2f79-52ba-8b17-e7d6ee0b476f,2025-03-30,07:30:00,09:30:00,29,APROBADA
1c8716c9-a60d-5bcc-8eed-f0be33d8fe91,1a0b71d7-4721-5998-bd82-de26b25b5771,2025-05-25,08:30:00,09:30:00,43,APROBADA
b1505a87-2841-55ea-919a-7f92cce32afe,1dee66e3-0076-5033-8ba0-70dd67e8aea0,2025-04-13,14:30:00,16:00:00,34,APROBADA
a8a8d7bf-7bd3-5f66-a0d8-9b3661cd5a50,aad269e7-97f7-5e2d-9c43-cf84b49bd847,2025-01-26,07:30:00,09:00:00,29,APROBADA
ab26146b-f623-5f57-bd04-5f3a5ed8df36,10225e74-7c22-5384-8cdc-396a168ec651,2025-02-04,13:00:00,15:00:00,25,APROBADA
845b50fb-0847-54ad-bb25-a432f24e0c85,a22ee2bf-332c-5ac1-ae12-28ce7b0033a1,2025-02-05,09:30:00,11:30:00,35,APROBADA
08a91b02-fdd2-5a50-b3b7-fdfa0ba9cb63,eb4139b4-3715-5623-a990-d045271440a9,2025-06-29,11:00:00,12:00:00,26,APROBADA
a41e62ec-07fc-56c2-b04b-c86539d3397d,d056b3a8-8204-507a-b6c1-1f1203a87651,2025-05-16,11:00:00,13:00:00,30,APROBADA
5f942a93-b5b3-58ab-be08-906fd4b6f861,10225e74-7c22-5384-8cdc-396a168ec651,2025-06-27,14:30:00,16:30:00,25,APROBADA
acc29b33-06ac-50f5-8613-6f62b2eb2c38,d056b3a8-8204-507a-b6c1-1f1203a87651,2024-08-31,15:30:00,17:30:00,31,APROBADA
274c8274-489d-5564-aafe-462ea6626f0a,706ea773-fd09-5587-a465-302616f9d571,2025-02-28,17:30:00,19:30:00,32,APROBADA
d7027792-f5a0-5a0b-9c55-d89a088bae84,1dee66e3-0076-5033-8ba0-70dd67e8aea0,2024-10-04,13:00:00,14:00:00,29,APROBADA
313af82a-e465-5a5c-801b-feb5d30b1a69,1a0b71d7-4721-5998-bd82-de26b25b5771,2025-05-08,08:30:00,11:30:00,26,APROBADA
8b2b4708-b661-56c1-8190-5e8154aa58e8,d7ce39c6-be5b-537a-ae81-d449a1710ff2,2024-11-22,12:00:00,15:00:00,25,APROBADA
14f17a06-1a17-57ca-835b-efee73a34d74,d056b3a8-8204-507a-b6c1-1f1203a87651,2024-08-06,08:00:00,09:00:00,29,APROBADA
20ddb223-2cbe-5cc3-ac74-2acfe28b7caa,6c814918-8ba0-52cc-9377-6d60b7946f8b,2024-07-24,12:30:00,15:30:00,31,APROBADA
3709fb61-dc72-5253-8329-534f43bba8fd,b46607fb-d28f-5c06-a3a8-091cb9d995ec,2025-06-19,07:30:00,08:30:00,39,APROBADA
19f30906-f5d1-5b2b-9422-d98b3c32c5f7,1a0b71d7-4721-5998-bd82-de26b25b5771,2024-11-16,16:30:00,18:00:00,37,APROBADA
de6ab99b-9a3a-580b-be6f-5cf7dd5e1d8e,1a0b71d7-4721-5998-bd82-de26b25b5771,2024-12-02,16:30:00,18:00:00,25,APROBADA
7957b590-27f8-502a-bee8-f01fa3fe67f5,b46607fb-d28f-5c06-a3a8-091cb9d995ec,2025-01-05,07:00:00,09:00:00,40,APROBADA
bb52184d-7b88-5b68-9273-af4384622bc7,2574a671-d58d-5db3-8c9f-2518d8a8d790,2024-09-01,09:30:00,12:30:00,38,APROBADA
f8a5cb30-6767-561a-8e12-7816d9af0329,d7ce39c6-be5b-537a-ae81-d449a1710ff2,2024-09-15,15:30:00,16:30:00,39,APROBADA
004ce04e-37a1-5135-bac8-ddd5e4e829ee,0880d439-8834-59c1-bfce-e7f3da722b3f,2024-11-03,11:30:00,13:30:00,44,APROBADA
fd2b1a24-3908-56ce-8f04-46c79e69bff4,a40fe9f0-87fa-5853-968f-5cedd5939e8a,2025-03-20,16:00:00,19:00:00,26,APROBADA
0a86ccf0-5fcb-553f-a083-bf640fc7fff0,da1fe6a7-058c-5ad3-a10e-f529804a44b5,2025-04-02,14:00:00,16:00:00,28,APROBADA
2273fb02-dbe4-50e6-bb4a-b7f86d8cd31e,a22ee2bf-332c-5ac1-ae12-28ce7b0033a1,2024-10-16,14:00:00,16:00:00,34,APROBADA
87516586-80f9-59c4-aac4-e989de89c2a0,da1fe6a7-058c-5ad3-a10e-f529804a44b5,2025-04-26,13:30:00,14:30:00,29,APROBADA
d387a3ea-4b49-5abb-b935-e51b7d015cf4,e5da4cff-29aa-5f05-8532-70f093603e74,2025-05-24,09:00:00,12:00:00,36,APROBADA
47621c1f-4132-5400-869d-1795be1b3c2e,aad269e7-97f7-5e2d-9c43-cf84b49bd847,2025-02-23,16:00:00,17:00:00,27,APROBADA
15a829a0-75a7-55c5-958a-3f2485d3b665,6903b35b-c2a6-5770-98e5-743c2bc06b45,2024-11-26,16:00:00,18:00:00,32,APROBADA
8fc0e4d1-32e6-53fd-9e4e-e0587f174cc8,a40fe9f0-87fa-5853-968f-5cedd5939e8a,2025-06-27,17:00:00,18:00:00,28,APROBADA
ed45d565-ff9a-5958-9cc9-657abb21bfa4,7d424b25-0f98-5f10-b2a8-ed9ddcd33e7a,2024-08-10,12:00:00,15:00:00,39,APROBADA
5ff0f2a2-2039-5bbe-b256-daa01294f2da,0880d439-8834-59c1-bfce-e7f3da722b3f,2024-11-21,07:00:00,10:00:00,40,APROBADA
1d4f4278-71c9-5aeb-8747-fde3de06c929,4b4a10f4-36fa-5109-bc5d-14e24370c164,2025-05-19,12:00:00,13:30:00,28,APROBADA
39e862e6-9f04-5399-ad04-ca125366f84f,c1489a8f-1dff-511e-b025-5a10261901d7,2025-03-03,13:00:00,16:00:00,29,APROBADA
6734dae3-f081-59f0-b24a-79fbb0288302,2574a671-d58d-5db3-8c9f-2518d8a8d790,2025-04-08,08:30:00,10:00:00,32,APROBADA
5d62804e-021c-575d-bca7-f0c7fa9c2877,d7ce39c6-be5b-537a-ae81-d449a1710ff2,2025-06-29,12:30:00,13:30:00,33,APROBADA
258639ab-f0c1-5157-88b2-416db4e54bd0,6c814918-8ba0-52cc-9377-6d60b7946f8b,2024-09-06,19:00:00,20:00:00,37,APROBADA
a67a420a-d0c8-5b31-9d97-9eb7b0485bf0,23c254ed-4635-5cec-baa9-656efa7fd130,2024-10-22,10:00:00,11:30:00,28,APROBADA
d076af5f-0723-5815-af4a-db376afc3756,d7ce39c6-be5b-537a-ae81-d449a1710ff2,2024-10-01,19:00:00,21:00:00,35,APROBADA
011eb180-37fb-566f-b56f-a3cf43c3a6d1,ef815f08-b586-5f03-964a-a08004eaebf3,2024-08-09,14:00:00,15:00:00,30,APROBADA
08398066-794c-55d6-98eb-cfcc4ace6e58,1a0b71d7-4721-5998-bd82-de26b25b5771,2024-07-29,12:30:00,15:30:00,31,APROBADA
c169b8bb-ad67-5c38-a7dd-1043af7e0e9a,1dee66e3-0076-5033-8ba0-70dd67e8aea0,2025-03-08,18:00:00,19:30:00,43,APROBADA
09d10f8a-35b7-5315-a4b0-bf29e441b1b0,dd609563-702d-543d-a49a-0ce27a83f234,2025-03-29,17:30:00,19:30:00,27,APROBADA
2f771ea8-1096-57ab-ba27-7869c013009a,e5da4cff-29aa-5f05-8532-70f093603e74,2024-11-14,12:30:00,14:00:00,32,APROBADA
e6f7ddcc-09ad-56f6-8cca-5080d99530d7,d056b3a8-8204-507a-b6c1-1f1203a87651,2024-10-13,10:30:00,13:30:00,27,APROBADA
595dd212-fa7b-501c-9527-9e019d3e8b48,d7ce39c6-be5b-537a-ae81-d449a1710ff2,2025-01-19,15:00:00,16:00:00,35,APROBADA
6aaeb426-b76c-57b6-81bf-f86747ad6ecb,c1489a8f-1dff-511e-b025-5a10261901d7,2025-06-24,11:30:00,14:30:00,25,APROBADA
71121170-9619-5ee0-9c2e-e0cb7b4bd4d6,1dee66e3-0076-5033-8ba0-70dd67e8aea0,2025-04-22,10:00:00,13:00:00,25,APROBADA
ab43caa5-a18b-527c-8bd6-8f1baa66d661,c1489a8f-1dff-511e-b025-5a10261901d7,2024-07-21,07:30:00,09:00:00,32,APROBADA
410d3108-b3ee-5684-bd19-0ff070c85ffc,eb4139b4-3715-5623-a990-d045271440a9,2025-05-01,16:30:00,18:30:00,27,APROBADA
c70fbab1-06fd-58d3-b9d3-20454f5aaa8e,05a1191e-b84b-597d-b970-b04889cc30ee,2024-09-06,13:30:00,15:30:00,33,APROBADA
13b49e70-ab97-5296-afaa-074b5f5d343b,d7ce39c6-be5b-537a-ae81-d449a1710ff2,2024-07-26,16:00:00,19:00:00,43,APROBADA
b5d7163a-d0ef-54f4-8339-cd7f80629444,2574a671-d58d-5db3-8c9f-2518d8a8d790,2024-12-15,17:30:00,19:00:00,28,APROBADA
4e816181-b4f9-5ba2-8c1d-f5cfd430e80b,c1489a8f-1dff-511e-b025-5a10261901d7,2024-10-18,10:00:00,11:30:00,32,APROBADA
35b6158b-5fb9-5acd-992f-b196d67ded91,b46607fb-d28f-5c06-a3a8-091cb9d995ec,2025-04-03,16:30:00,19:30:00,36,APROBADA
3ff2d988-6254-5aea-8bf1-757dc47f246b,a40fe9f0-87fa-5853-968f-5cedd5939e8a,2025-01-19,10:30:00,13:30:00,29,APROBADA
1ba34c71-6223-5256-9a94-8ab342c8235c,2574a671-d58d-5db3-8c9f-2518d8a8d790,2024-09-22,15:00:00,18:00:00,30,APROBADA
09d6cf8a-829a-5d73-8701-de578b9f9357,6903b35b-c2a6-5770-98e5-743c2bc06b45,2024-10-18,14:30:00,17:30:00,25,APROBADA
e3c41824-16b1-5ef6-81ef-43ce19c5dad3,ef815f08-b586-5f03-964a-a08004eaebf3,2024-11-25,08:00:00,09:30:00,36,APROBADA
4a0f2e48-4b00-5359-b77e-353fad8c3882,1dee66e3-0076-5033-8ba0-70dd67e8aea0,2025-02-13,16:00:00,17:30:00,34,APROBADA
aeb099a3-3872-5a6b-a80e-7a6faacc3c0a,b46607fb-d28f-5c06-a3a8-091cb9d995ec,2024-12-22,15:00:00,18:00:00,25,APROBADA
8ec34364-ff6e-5fc2-9320-be18c182a8ed,eb4139b4-3715-5623-a990-d045271440a9,2025-05-07,09:30:00,11:30:00,29,APROBADA
69557669-104d-553c-8e5b-83ce1fb70b04,e5da4cff-29aa-5f05-8532-70f093603e74,2024-12-02,13:00:00,14:30:00,34,APROBADA
59601f09-3205-5e16-82fb-5e41d1f9891a,0880d439-8834-59c1-bfce-e7f3da722b3f,2025-03-21,07:30:00,09:00:00,29,APROBADA
29475ee0-bdc6-5654-8b92-0063832a0cfb,1a0b71d7-4721-5998-bd82-de26b25b5771,2025-01-09,07:30:00,10:30:00,31,APROBADA
c98ca9bf-8ecc-5410-a226-c426e48ad467,dd609563-702d-543d-a49a-0ce27a83f234,2025-05-01,18:00:00,20:00:00,28,APROBADA
0fe57009-7ffc-5613-99af-5e8f84f3f162,d76d770e-14c2-5fea-bf8b-28f95250e124,2024-11-20,18:30:00,19:30:00,32,APROBADA
fba3096a-00d5-5a9b-9dd5-bdd482aa4a0a,aad269e7-97f7-5e2d-9c43-cf84b49bd847,2025-04-19,14:30:00,15:30:00,26,APROBADA
951e8ced-50d8-5250-8719-09466bca55d2,b46607fb-d28f-5c06-a3a8-091cb9d995ec,2025-05-30,13:00:00,14:30:00,29,APROBADA
3e013d10-90e1-5bfe-a220-17eb81fd737c,d056b3a8-8204-507a-b6c1-1f1203a87651,2025-02-19,07:00:00,08:00:00,26,APROBADA
7c76540a-3691-5ada-bfae-f1d679870f9e,a22ee2bf-332c-5ac1-ae12-28ce7b0033a1,2024-08-28,13:30:00,14:30:00,28,APROBADA
f70768c0-54f7-5063-acf3-e33cc397faf2,6903b35b-c2a6-5770-98e5-743c2bc06b45,2025-06-01,13:30:00,15:00:00,25,APROBADA
ba7bcf8b-a05f-5d8c-9f23-57187e7d3152,da1fe6a7-058c-5ad3-a10e-f529804a44b5,2025-04-01,17:00:00,19:00:00,36,APROBADA
68952016-7d83-5a47-9469-fe2fd2530b01,05a1191e-b84b-597d-b970-b04889cc30ee,2024-08-23,07:00:00,08:00:00,28,APROBADA
683d44d1-9627-574e-ab9f-a5746f1b1423,8fd4b53b-1d49-5307-8a1a-e184999a4434,2024-10-13,18:30:00,21:30:00,30,APROBADA
d041eea8-45ee-53a9-8188-572f99261794,7d424b25-0f98-5f10-b2a8-ed9ddcd33e7a,2024-09-14,09:00:00,12:00:00,34,APROBADA
e0da79f1-5dd3-5570-8dee-64df62f571a9,e5da4cff-29aa-5f05-8532-70f093603e74,2024-07-23,09:30:00,11:00:00,28,APROBADA
1aaa22a2-5025-5bab-97b5-649f136e562f,f5e43a2a-032c-562e-837a-ff3c72abffb4,2024-09-19,09:30:00,11:30:00,30,APROBADA
54090631-21ac-5bd7-94a0-d4d4ce50197f,706ea773-fd09-5587-a465-302616f9d571,2025-03-29,09:30:00,11:00:00,25,APROBADA
55fcae6f-2b81-5264-b25e-6d232b0226ed,6d481120-dab0-50c8-8f1b-33cf911e9573,2025-06-29,18:00:00,19:00:00,29,APROBADA
9110b2b3-0d5b-58b9-b11f-e0857b26fd63,6c814918-8ba0-52cc-9377-6d60b7946f8b,2024-07-23,14:30:00,16:30:00,40,APROBADA
54e5f1bc-f6c4-5c6a-a45d-78bf66b30637,dd609563-702d-543d-a49a-0ce27a83f234,2024-12-06,14:30:00,17:30:00,33,APROBADA
dcb0b02f-8714-523c-aebb-eaf521b082c5,a22ee2bf-332c-5ac1-ae12-28ce7b0033a1,2025-01-27,13:30:00,15:00:00,26,APROBADA
3c1cbb82-c183-528d-aed4-2509fe4197e5,6903b35b-c2a6-5770-98e5-743c2bc06b45,2024-07-02,08:00:00,09:30:00,30,APROBADA
3f7624d6-87c7-5866-8ea4-1b91c7e221e9,1dee66e3-0076-5033-8ba0-70dd67e8aea0,2024-07-12,09:30:00,12:30:00,26,APROBADA
d448d35f-5dba-5a83-a7cc-887dc6d0a4ef,b8969593-19a7-5a43-84c0-d52e63ac0cb4,2025-06-12,19:00:00,20:00:00,26,APROBADA
41b5b04b-0ee1-5631-9608-a4f55584436f,c1489a8f-1dff-511e-b025-5a10261901d7,2024-08-16,16:30:00,18:00:00,28,APROBADA
813ed075-6894-56c4-a347-0dff25de307a,6d481120-dab0-50c8-8f1b-33cf911e9573,2025-02-01,13:30:00,15:00:00,33,APROBADA
8626328c-639e-5b59-a48e-3baae97b5313,05a1191e-b84b-597d-b970-b04889cc30ee,2025-04-14,17:00:00,20:00:00,36,APROBADA
dbef70b3-efcb-5151-ba67-4d7d4cb12dae,aad269e7-97f7-5e2d-9c43-cf84b49bd847,2025-02-19,16:30:00,17:30:00,30,APROBADA
832cee3a-0bbf-51ed-984e-70a8ce2ffbae,1dee66e3-0076-5033-8ba0-70dd67e8aea0,2025-03-19,09:00:00,10:00:00,41,APROBADA
237147ee-6179-5942-8458-9b22b225abd0,7d424b25-0f98-5f10-b2a8-ed9ddcd33e7a,2024-11-21,18:00:00,19:30:00,31,APROBADA
fd50c32e-41ef-55d5-9139-51e5c5082b95,2574a671-d58d-5db3-8c9f-2518d8a8d790,2024-08-04,19:00:00,20:00:00,40,APROBADA
6e31ce4d-ff9c-582d-b420-15d1fd86bf7f,8fd4b53b-1d49-5307-8a1a-e184999a4434,2024-08-23,07:30:00,09:00:00,26,APROBADA
ea128935-9ba7-5915-a267-b4e6034a217c,1dee66e3-0076-5033-8ba0-70dd67e8aea0,2025-04-12,19:00:00,20:30:00,27,APROBADA
4da6ef51-af34-54a3-9bfe-32d81c1fe1a7,706ea773-fd09-5587-a465-302616f9d571,2025-02-09,09:00:00,10:00:00,29,APROBADA
237c35d4-f764-5e2e-b14b-86846265b7e2,1dee66e3-0076-5033-8ba0-70dd67e8aea0,2024-12-14,08:00:00,11:00:00,28,APROBADA
c8d192d1-8c76-5dae-89fd-2f5fe567c819,a40fe9f0-87fa-5853-968f-5cedd5939e8a,2025-01-27,11:00:00,12:30:00,28,APROBADA
1db53092-256d-58ad-85e1-4d99cc834b3a,6903b35b-c2a6-5770-98e5-743c2bc06b45,2025-01-18,09:00:00,12:00:00,28,APROBADA
cb6c6ef2-3eee-5275-90b7-4ce3c082e07d,1a0b71d7-4721-5998-bd82-de26b25b5771,2024-10-08,15:30:00,18:30:00,35,APROBADA
06dff012-d33b-519a-b125-9e508a503eeb,e5da4cff-29aa-5f05-8532-70f093603e74,2025-01-26,17:30:00,20:30:00,34,APROBADA
c3de6125-0d9e-530f-a5cb-f66f19305379,a22ee2bf-332c-5ac1-ae12-28ce7b0033a1,2025-01-09,09:00:00,10:30:00,26,APROBADA
5ece92e6-828d-5b81-898a-624800d17c4e,2574a671-d58d-5db3-8c9f-2518d8a8d790,2024-07-14,09:30:00,11:00:00,28,APROBADA
efcdce5d-f6e5-54e9-90ca-c75169a9ea41,7d424b25-0f98-5f10-b2a8-ed9ddcd33e7a,2024-08-07,11:30:00,13:30:00,38,APROBADA
ead7b7a7-df0a-50c2-b496-01b7f15cc9e8,706ea773-fd09-5587-a465-302616f9d571,2025-03-29,08:30:00,10:30:00,33,APROBADA
148feaea-c67e-5def-9c21-a594f50ebc50,8fd4b53b-1d49-5307-8a1a-e184999a4434,2025-04-08,10:00:00,11:30:00,30,APROBADA
c6f50888-dc4e-5212-a371-286cf17835ab,c1489a8f-1dff-511e-b025-5a10261901d7,2025-03-26,07:00:00,09:00:00,26,APROBADA
0bcbb48b-7e94-5871-9c28-9183c0b11196,1dee66e3-0076-5033-8ba0-70dd67e8aea0,2024-09-30,17:30:00,19:30:00,27,APROBADA
2a2cba5d-2528-5d9a-8b79-b1a001f39fd7,2574a671-d58d-5db3-8c9f-2518d8a8d790,2024-11-25,15:30:00,18:30:00,35,APROBADA
c36c8989-9360-57a9-a1d3-d16ac073f12c,e5da4cff-29aa-5f05-8532-70f093603e74,2024-10-30,18:00:00,21:00:00,40,APROBADA
a1e4befd-bbd2-5c7f-ad1d-1449d0f2e430,f5e43a2a-032c-562e-837a-ff3c72abffb4,2025-03-10,11:00:00,12:00:00,28,APROBADA
9111c036-5408-5c7d-b8bb-5de386333400,dd609563-702d-543d-a49a-0ce27a83f234,2024-08-09,12:00:00,13:00:00,33,APROBADA
95fc169c-545f-5cac-a5b1-1dd5160eb4c3,eb4139b4-3715-5623-a990-d045271440a9,2025-02-10,14:30:00,16:30:00,32,APROBADA
3c54daa0-09f8-503e-93fe-f86cf004cef4,b8969593-19a7-5a43-84c0-d52e63ac0cb4,2025-06-10,08:00:00,09:30:00,29,APROBADA
d2f7769f-e9e5-535a-9f75-dcfbb0cb1a0b,b46607fb-d28f-5c06-a3a8-091cb9d995ec,2025-03-21,14:30:00,16:30:00,35,APROBADA
1ae0fac5-d1e2-5bb4-b26d-3cbe469f0017,dd609563-702d-543d-a49a-0ce27a83f234,2025-06-22,19:00:00,21:00:00,27,APROBADA
4c163dd2-2a11-54ad-a7d1-59b3d36a067e,05a1191e-b84b-597d-b970-b04889cc30ee,2024-12-26,10:00:00,11:00:00,29,APROBADA
fe02c461-7668-544b-b925-ba85b2ed19ab,4b4a10f4-36fa-5109-bc5d-14e24370c164,2024-10-22,18:30:00,20:30:00,32,APROBADA
86327bdc-520d-5df6-b19e-30fecc91b481,e5da4cff-29aa-5f05-8532-70f093603e74,2025-02-14,16:00:00,18:00:00,38,APROBADA
6b7af8fe-1c3d-5fe9-95bb-d63a34a7b9b5,05a1191e-b84b-597d-b970-b04889cc30ee,2025-06-10,12:30:00,14:00:00,29,APROBADA
e368cbfa-31e7-5c11-82f9-32efc0212ac0,d7ce39c6-be5b-537a-ae81-d449a1710ff2,2025-01-01,09:30:00,11:30:00,41,APROBADA
a62f669a-70b9-5974-a2d9-34bee7fd1732,45b00d8f-2f79-52ba-8b17-e7d6ee0b476f,2025-04-14,09:30:00,11:30:00,35,APROBADA
9624c3bd-b5fa-5843-adde-561c4bfd8ea2,aad269e7-97f7-5e2d-9c43-cf84b49bd847,2025-01-22,09:00:00,10:30:00,26,APROBADA
ab7655a9-33b3-51bf-b6cc-e2e8a4495bec,b46607fb-d28f-5c06-a3a8-091cb9d995ec,2024-09-08,08:30:00,10:00:00,26,APROBADA
1aed5c92-5b41-5507-a9d6-8270b3e0d816,c1489a8f-1dff-511e-b025-5a10261901d7,2024-07-28,08:30:00,09:30:00,31,APROBADA
7d8ffa69-eb9c-59df-9820-4b47bc840afb,0880d439-8834-59c1-bfce-e7f3da722b3f,2024-09-19,18:30:00,20:30:00,42,APROBADA
182fa134-82fb-51fd-9f9f-14097b9a4119,23c254ed-4635-5cec-baa9-656efa7fd130,2024-08-22,08:00:00,09:30:00,31,APROBADA
c6f4ee53-7ebb-55b3-86ec-af4e2ff22f8a,8fd4b53b-1d49-5307-8a1a-e184999a4434,2024-11-01,12:30:00,14:30:00,26,APROBADA
4768e2d7-5fcd-5aee-bc9d-cc258d699d47,1a0b71d7-4721-5998-bd82-de26b25b5771,2025-04-23,10:00:00,12:00:00,26,APROBADA
fbab134b-986a-55af-a0f4-9651bd79228a,45b00d8f-2f79-52ba-8b17-e7d6ee0b476f,2024-10-19,07:00:00,08:00:00,31,APROBADA
eed6213b-6e4f-54c7-89eb-bcc7c63a01ec,da1fe6a7-058c-5ad3-a10e-f529804a44b5,2025-03-02,07:30:00,09:00:00,33,APROBADA
53096cb8-a7cb-58eb-a80b-ccb0b845aab6,2574a671-d58d-5db3-8c9f-2518d8a8d790,2024-12-31,13:00:00,14:30:00,27,APROBADA
9b0417dd-2fde-5fc2-8888-b0e678758437,1dee66e3-0076-5033-8ba0-70dd67e8aea0,2025-03-12,16:00:00,17:00:00,26,APROBADA
c7321cbb-7745-52fd-8cee-a0cb3a4236c3,7d424b25-0f98-5f10-b2a8-ed9ddcd33e7a,2025-06-13,14:30:00,16:30:00,34,APROBADA
09ccb9ca-5ec7-5f11-b513-e1d743a255e1,0880d439-8834-59c1-bfce-e7f3da722b3f,2024-11-30,11:00:00,14:00:00,36,APROBADA
d77e6e70-65de-5f1d-b6e4-56e8ecc8a591,d056b3a8-8204-507a-b6c1-1f1203a87651,2024-11-19,11:30:00,13:30:00,31,APROBADA
e7e73c42-9774-5aa9-9ca3-d51547113925,d76d770e-14c2-5fea-bf8b-28f95250e124,2025-01-30,15:00:00,17:00:00,28,APROBADA
4dc7d5f7-c579-55bc-988a-71a94f5a6f73,d7ce39c6-be5b-537a-ae81-d449a1710ff2,2025-03-31,11:00:00,12:30:00,28,APROBADA
cd6dd05f-a9ca-5b21-8768-5160e2dc8cef,706ea773-fd09-5587-a465-302616f9d571,2025-01-24,09:30:00,12:30:00,29,APROBADA
39afd638-6a2c-52da-89bb-acc70e6e0c26,b46607fb-d28f-5c06-a3a8-091cb9d995ec,2025-03-16,17:30:00,19:00:00,37,APROBADA
44685070-88f8-5b5d-9271-9c145e562e55,10225e74-7c22-5384-8cdc-396a168ec651,2025-04-19,10:30:00,11:30:00,28,APROBADA
7cff7267-82f0-5f6a-96b7-f1e5b0449da2,8fd4b53b-1d49-5307-8a1a-e184999a4434,2025-01-21,16:00:00,18:00:00,29,APROBADA
4adcb2a9-0068-59b2-98b3-64fa47bff5d2,2574a671-d58d-5db3-8c9f-2518d8a8d790,2025-06-04,10:00:00,11:00:00,29,APROBADA
cf89b0a3-88a6-5690-a12c-a83319fa6719,8fd4b53b-1d49-5307-8a1a-e184999a4434,2025-05-25,12:30:00,14:30:00,32,APROBADA
fbc89e09-7fdb-50a3-82a6-433594daea55,6c814918-8ba0-52cc-9377-6d60b7946f8b,2024-07-12,17:30:00,19:30:00,39,APROBADA
fe39c35b-5097-5d22-925f-001167d5edff,6d481120-dab0-50c8-8f1b-33cf911e9573,2025-03-13,16:00:00,19:00:00,29,APROBADA
9044426b-aca4-55c5-92eb-db6c3a60c302,d7ce39c6-be5b-537a-ae81-d449a1710ff2,2024-12-26,15:00:00,17:00:00,25,APROBADA
5f7fd9a7-9188-5840-b5b4-f7a76b2bcf1a,d7ce39c6-be5b-537a-ae81-d449a1710ff2,2025-02-03,09:30:00,11:00:00,35,APROBADA
b8ce7ff4-0abe-5315-a216-599c81ea44a7,f5e43a2a-032c-562e-837a-ff3c72abffb4,2024-07-19,12:30:00,15:30:00,27,APROBADA
efcbaca4-913f-5fc7-9852-e09d8af474c2,da1fe6a7-058c-5ad3-a10e-f529804a44b5,2024-11-03,18:30:00,19:30:00,34,APROBADA
bb8ffd3b-2330-54c8-a915-4c903509f9f5,b46607fb-d28f-5c06-a3a8-091cb9d995ec,2024-09-22,08:00:00,09:30:00,39,APROBADA
387fa9e0-3fb8-5884-84f1-b95912630580,7d424b25-0f98-5f10-b2a8-ed9ddcd33e7a,2025-04-06,09:00:00,12:00:00,26,APROBADA
c9e50048-ec98-5cad-a0d7-7d4fcf69271f,7bcb3d0c-2500-5f01-abe8-d24e962af50e,2024-08-23,16:30:00,18:30:00,31,APROBADA
c1c6fe73-ef75-5ae4-9aaf-780c87c2f776,aad269e7-97f7-5e2d-9c43-cf84b49bd847,2025-03-21,19:00:00,20:30:00,27,APROBADA
5aa3f593-f7b3-5229-9c79-96a26edcdf30,8fd4b53b-1d49-5307-8a1a-e184999a4434,2024-10-13,10:30:00,12:30:00,26,APROBADA
6279428c-4076-51cc-be44-b583fdd17a56,c1489a8f-1dff-511e-b025-5a10261901d7,2024-12-11,09:30:00,11:30:00,32,APROBADA
3733b4e4-3887-51df-b803-b2acc551e87e,dd609563-702d-543d-a49a-0ce27a83f234,2024-07-06,15:00:00,18:00:00,38,APROBADA
0f195861-c0cd-5a9a-94cc-fcc3d76ae90e,0880d439-8834-59c1-bfce-e7f3da722b3f,2025-04-16,16:30:00,17:30:00,30,APROBADA
781319fe-6fbd-5a73-9883-6d0f63624b34,1dee66e3-0076-5033-8ba0-70dd67e8aea0,2024-10-20,17:00:00,20:00:00,33,APROBADA
88f554b4-f833-5363-8d52-da0d04e245a9,d76d770e-14c2-5fea-bf8b-28f95250e124,2024-08-02,13:00:00,14:00:00,29,APROBADA
9b8d92b5-08a5-5f0d-a829-b1aa0b2afd4a,05a1191e-b84b-597d-b970-b04889cc30ee,2024-12-26,16:00:00,17:30:00,34,APROBADA
a13dc650-877b-50db-bc1c-d4b33f05ee87,6d481120-dab0-50c8-8f1b-33cf911e9573,2024-10-30,13:30:00,14:30:00,43,APROBADA
99b621c8-254b-513f-b452-292996d15411,d7ce39c6-be5b-537a-ae81-d449a1710ff2,2025-04-30,18:30:00,20:00:00,30,APROBADA
2861a253-d4b9-5dbd-8eae-921c05e39a3c,1a0b71d7-4721-5998-bd82-de26b25b5771,2024-10-27,18:00:00,19:30:00,28,APROBADA
ce027925-fed1-5618-929e-6b39384862cd,0880d439-8834-59c1-bfce-e7f3da722b3f,2024-07-28,15:30:00,17:30:00,26,APROBADA
62350a1e-f9dd-5262-81a4-6ac27caec317,0880d439-8834-59c1-bfce-e7f3da722b3f,2024-12-18,07:00:00,10:00:00,25,APROBADA
1502812e-6686-5ed5-a1a3-fc39163d10e7,45b00d8f-2f79-52ba-8b17-e7d6ee0b476f,2025-04-11,09:30:00,11:00:00,31,APROBADA
aab884a4-f0b3-5290-a810-e5712b4ebf4a,23c254ed-4635-5cec-baa9-656efa7fd130,2024-08-14,09:30:00,10:30:00,29,APROBADA
6322a3b3-64a9-5529-8dca-6d11c483591c,eb4139b4-3715-5623-a990-d045271440a9,2024-09-08,07:30:00,09:30:00,28,APROBADA
5deec19c-8dbb-52a4-a386-3ed37c959ed9,dd609563-702d-543d-a49a-0ce27a83f234,2025-02-04,08:30:00,10:00:00,37,APROBADA
83d8a089-1dc4-5a45-8492-afef6f635c32,05a1191e-b84b-597d-b970-b04889cc30ee,2025-03-14,15:30:00,17:30:00,26,APROBADA
206f866c-40ed-50a6-aae6-6e0767624cf6,1a0b71d7-4721-5998-bd82-de26b25b5771,2025-03-28,18:30:00,20:00:00,39,APROBADA
7a20d37a-88f2-5754-a351-d0f9dc00a810,7bcb3d0c-2500-5f01-abe8-d24e962af50e,2024-09-12,12:00:00,15:00:00,30,APROBADA
600981db-ff9b-5926-9f6e-289b6eec22f6,da1fe6a7-058c-5ad3-a10e-f529804a44b5,2024-12-02,18:00:00,21:00:00,36,APROBADA
59188ea4-f909-5096-aec5-141ce13becf9,6d481120-dab0-50c8-8f1b-33cf911e9573,2024-12-24,11:30:00,13:00:00,26,APROBADA
6dc9ca8b-727c-5f29-b39a-48dbb0699b30,dd609563-702d-543d-a49a-0ce27a83f234,2024-10-05,07:00:00,10:00:00,40,APROBADA
63e55871-4dfe-5b79-b610-c8d118d4079f,2574a671-d58d-5db3-8c9f-2518d8a8d790,2025-05-12,09:30:00,10:30:00,40,APROBADA
a94ce15c-393c-5a98-a3da-c87556e2a224,05a1191e-b84b-597d-b970-b04889cc30ee,2025-04-10,10:30:00,11:30:00,30,APROBADA
75c66395-9dbb-5a99-a06a-b4b9f05c165d,b46607fb-d28f-5c06-a3a8-091cb9d995ec,2025-05-14,15:00:00,17:00:00,39,APROBADA
67297426-1be8-5de0-a8c9-83a5959056aa,706ea773-fd09-5587-a465-302616f9d571,2024-11-11,15:00:00,16:00:00,35,APROBADA
065d3957-1292-50f4-8fae-d35e0f55b099,6d481120-dab0-50c8-8f1b-33cf911e9573,2025-01-21,19:00:00,21:00:00,45,APROBADA
9046d41d-ff7e-56d0-92bd-4f0e8a071f1f,45b00d8f-2f79-52ba-8b17-e7d6ee0b476f,2025-04-04,12:00:00,13:30:00,33,APROBADA
96b3141b-cce7-5176-83c2-5d2c027c3fc8,dd609563-702d-543d-a49a-0ce27a83f234,2025-01-26,18:00:00,20:00:00,36,APROBADA
9208217a-fc61-503a-a823-84c7b4f0b850,0880d439-8834-59c1-bfce-e7f3da722b3f,2024-10-08,15:30:00,17:00:00,39,APROBADA
1352301b-b16b-5a40-9333-bc4a894c9575,23c254ed-4635-5cec-baa9-656efa7fd130,2024-10-17,09:30:00,11:00:00,31,APROBADA
73eccf74-bd41-5d75-9869-be7b50630c75,2574a671-d58d-5db3-8c9f-2518d8a8d790,2025-06-24,17:00:00,18:00:00,34,APROBADA
5229bf0f-7aee-50b4-94a7-ca143a853225,dd609563-702d-543d-a49a-0ce27a83f234,2025-01-22,13:30:00,16:30:00,28,APROBADA
a38d8f58-5b80-5440-934d-ee769d755445,f5e43a2a-032c-562e-837a-ff3c72abffb4,2024-09-25,11:00:00,14:00:00,29,APROBADA
f6074c1e-2083-5d27-8838-4334b328ded8,da1fe6a7-058c-5ad3-a10e-f529804a44b5,2025-05-02,07:00:00,10:00:00,32,APROBADA
d693bce9-facd-5b1c-b69f-9e7c941b50c1,b8969593-19a7-5a43-84c0-d52e63ac0cb4,2025-05-04,08:30:00,10:30:00,27,APROBADA
28e8868e-3e6d-585e-b9df-b1d4b274cf65,7d424b25-0f98-5f10-b2a8-ed9ddcd33e7a,2025-03-05,18:30:00,19:30:00,37,APROBADA
d8ce5391-60ec-5140-8a4a-4137b2eb746a,10225e74-7c22-5384-8cdc-396a168ec651,2025-01-06,18:30:00,19:30:00,27,APROBADA
ce96c76c-8c13-5dc7-9c39-b6493cb54dfc,2574a671-d58d-5db3-8c9f-2518d8a8d790,2024-07-31,09:00:00,10:30:00,36,APROBADA
fb73c9ce-60a4-5d5e-b0d6-5b3ef959c25d,6c814918-8ba0-52cc-9377-6d60b7946f8b,2025-03-18,09:00:00,11:00:00,34,APROBADA
efdf1f12-c61f-51af-911e-6ea301ecf754,0880d439-8834-59c1-bfce-e7f3da722b3f,2025-03-03,13:00:00,16:00:00,26,APROBADA
4a8f8a5c-9d7d-56a7-8f6d-980df83b336c,d056b3a8-8204-507a-b6c1-1f1203a87651,2024-10-07,08:30:00,11:30:00,27,APROBADA
988c0c54-b79d-550a-8b7a-fa435357da11,1a0b71d7-4721-5998-bd82-de26b25b5771,2024-09-22,16:30:00,19:30:00,42,APROBADA
46d908ee-ab4c-534c-a6a7-1e3c21b1651e,0880d439-8834-59c1-bfce-e7f3da722b3f,2024-10-07,18:00:00,20:00:00,44,APROBADA
76cb5981-908b-58a2-8489-a957be267c77,6903b35b-c2a6-5770-98e5-743c2bc06b45,2024-12-07,16:00:00,19:00:00,34,APROBADA
e1aa45f2-029b-5314-a427-68b2657ad888,a22ee2bf-332c-5ac1-ae12-28ce7b0033a1,2025-06-15,18:30:00,19:30:00,25,APROBADA
8b8b0cc2-54c2-5298-bb0f-52a87194c399,dd609563-702d-543d-a49a-0ce27a83f234,2024-11-12,15:30:00,18:30:00,37,APROBADA
5ac7c9c2-d297-5c06-9c8f-e371c27bd23f,0880d439-8834-59c1-bfce-e7f3da722b3f,2025-06-28,14:30:00,16:30:00,33,APROBADA
d273417e-7c6a-54ba-b6ab-335034282a43,d7ce39c6-be5b-537a-ae81-d449a1710ff2,2024-08-23,08:30:00,10:00:00,41,APROBADA
a21418e2-ae22-5e52-9e75-01f68a436ebc,1a0b71d7-4721-5998-bd82-de26b25b5771,2024-12-11,15:00:00,18:00:00,39,APROBADA
618a8b1f-bb44-5379-be28-018e28abab50,b8969593-19a7-5a43-84c0-d52e63ac0cb4,2024-10-14,14:00:00,15:30:00,29,APROBADA
8517915f-7b2f-5598-99fa-a0d57ea6e699,d7ce39c6-be5b-537a-ae81-d449a1710ff2,2025-04-16,18:00:00,20:00:00,43,APROBADA
ea056d46-2ec5-5370-83c5-ba292f937da9,aad269e7-97f7-5e2d-9c43-cf84b49bd847,2024-07-12,09:30:00,12:30:00,29,APROBADA
869bcc74-93e1-57b0-8be3-8c97e978139b,1dee66e3-0076-5033-8ba0-70dd67e8aea0,2025-05-15,14:30:00,16:00:00,26,APROBADA
5472915e-844a-51ca-b91a-ffa7ef34eba3,1a0b71d7-4721-5998-bd82-de26b25b5771,2024-10-04,10:00:00,11:00:00,45,APROBADA
bb200d0b-5421-5acd-b41d-4a7b821e9ef2,d76d770e-14c2-5fea-bf8b-28f95250e124,2024-08-02,15:30:00,18:30:00,28,APROBADA
72628e01-3f41-54ce-9d8f-2d0ba019cd1d,0880d439-8834-59c1-bfce-e7f3da722b3f,2025-06-01,11:00:00,12:30:00,27,APROBADA
5f0b1734-d77b-544a-8de5-e753293ede3f,d056b3a8-8204-507a-b6c1-1f1203a87651,2024-07-25,18:30:00,21:30:00,31,APROBADA
7d088f44-210b-5a5d-9286-c724c0363936,2574a671-d58d-5db3-8c9f-2518d8a8d790,2024-12-30,07:00:00,10:00:00,25,APROBADA
f18ca894-05db-5911-bba0-54f397e622e9,a22ee2bf-332c-5ac1-ae12-28ce7b0033a1,2025-05-31,07:00:00,09:00:00,34,APROBADA
53d17ac6-70f8-528c-b470-9d8ea9a1f558,d76d770e-14c2-5fea-bf8b-28f95250e124,2025-02-26,13:30:00,14:30:00,31,APROBADA
9d7aafce-775f-522e-ac2a-aa6a00b4670c,4b4a10f4-36fa-5109-bc5d-14e24370c164,2025-06-19,07:00:00,08:30:00,25,APROBADA
743af6a0-a030-5fb1-ab9b-7bf53aa49102,8fd4b53b-1d49-5307-8a1a-e184999a4434,2025-01-30,15:00:00,18:00:00,38,APROBADA
4a50134b-3561-5101-9ef7-91391d57552b,c1489a8f-1dff-511e-b025-5a10261901d7,2024-08-12,18:30:00,20:00:00,29,APROBADA
9c09f0dd-80df-5d34-879d-093a5c7fe084,d76d770e-14c2-5fea-bf8b-28f95250e124,2025-05-06,10:00:00,12:00:00,34,APROBADA
c1e75804-1f3c-5130-80ad-7eced9dec776,0880d439-8834-59c1-bfce-e7f3da722b3f,2024-12-31,14:30:00,16:30:00,45,APROBADA
124fb899-489f-5ef2-8ff9-8ab68634dd21,8fd4b53b-1d49-5307-8a1a-e184999a4434,2025-05-01,08:00:00,10:00:00,39,APROBADA
0001fb3c-c0a3-558e-b906-b89e8994c399,aad269e7-97f7-5e2d-9c43-cf84b49bd847,2025-04-02,10:30:00,13:30:00,25,APROBADA
83048b7b-6386-568e-9a9f-badb0672c5be,d7ce39c6-be5b-537a-ae81-d449a1710ff2,2024-08-19,16:30:00,18:30:00,45,APROBADA
ba9d58cc-becd-5129-a060-aa79c5f40632,4b4a10f4-36fa-5109-bc5d-14e24370c164,2024-07-09,13:00:00,15:00:00,30,APROBADA
3da3d461-8379-51e3-a573-c58478baa928,a40fe9f0-87fa-5853-968f-5cedd5939e8a,2025-03-08,12:30:00,14:30:00,31,APROBADA
cd857632-7615-5cff-a2bf-a37dbe2ae12c,dd609563-702d-543d-a49a-0ce27a83f234,2024-12-16,15:30:00,17:30:00,30,APROBADA
2bac88cc-c6dd-5f61-bf99-c62d96946371,8fd4b53b-1d49-5307-8a1a-e184999a4434,2025-03-06,19:00:00,20:00:00,31,APROBADA
dbe3876d-da83-5d07-bb9b-1160e887c318,ef815f08-b586-5f03-964a-a08004eaebf3,2025-01-09,16:30:00,18:30:00,32,APROBADA
730d0d31-3cb0-542b-822a-ccba24367f18,706ea773-fd09-5587-a465-302616f9d571,2024-09-22,11:00:00,12:00:00,26,APROBADA
30b4b6ea-0dbc-5e4e-a198-c7a881c49e7d,dd609563-702d-543d-a49a-0ce27a83f234,2025-04-01,07:30:00,10:30:00,36,APROBADA
f8f76e77-7464-525a-981c-fc464d8a1f65,6d481120-dab0-50c8-8f1b-33cf911e9573,2024-11-24,14:30:00,17:30:00,34,APROBADA
13256956-cef5-5e4a-b685-0b3c414cb58c,f5e43a2a-032c-562e-837a-ff3c72abffb4,2025-05-04,07:30:00,10:30:00,29,APROBADA
4551640f-4509-511c-bbb5-921cb1a347ad,4b4a10f4-36fa-5109-bc5d-14e24370c164,2024-10-12,14:00:00,15:30:00,26,APROBADA
689d8133-0a56-51f7-9866-e4d37345bdad,1dee66e3-0076-5033-8ba0-70dd67e8aea0,2025-01-03,16:30:00,17:30:00,38,APROBADA
e569aa63-4f41-591c-a7f3-c8f6d12dcc40,da1fe6a7-058c-5ad3-a10e-f529804a44b5,2024-08-26,13:00:00,15:00:00,26,APROBADA
4b6f646e-2ddc-543c-a8c9-c8f785067d6c,6903b35b-c2a6-5770-98e5-743c2bc06b45,2025-04-28,16:30:00,18:00:00,25,APROBADA
24d0cd67-2114-5603-8792-39e5000116f3,ef815f08-b586-5f03-964a-a08004eaebf3,2024-12-21,11:30:00,13:00:00,27,APROBADA
a205985f-7c87-53bd-b140-2a4284d0ad25,0880d439-8834-59c1-bfce-e7f3da722b3f,2024-12-12,16:30:00,19:30:00,34,APROBADA
8f3b90db-22b7-5d54-80c0-ebca3a134029,a22ee2bf-332c-5ac1-ae12-28ce7b0033a1,2024-09-03,13:00:00,16:00:00,31,APROBADA
6c6f9afc-cf52-5102-ba53-dc0bea673c25,da1fe6a7-058c-5ad3-a10e-f529804a44b5,2025-03-23,17:00:00,19:00:00,36,APROBADA
693ac770-7eca-5bca-83c6-d994823685fd,8fd4b53b-1d49-5307-8a1a-e184999a4434,2024-12-14,11:30:00,13:30:00,40,APROBADA
c44345b7-6394-5268-bab3-e7e294fbb92e,6d481120-dab0-50c8-8f1b-33cf911e9573,2025-06-28,12:30:00,13:30:00,38,APROBADA
75d9e117-dfc3-5e45-93fe-684bc56e9210,1a0b71d7-4721-5998-bd82-de26b25b5771,2024-08-05,17:30:00,19:00:00,40,APROBADA
9c254aa0-7574-55cf-bc86-55efcc103458,706ea773-fd09-5587-a465-302616f9d571,2024-09-05,14:00:00,17:00:00,40,APROBADA
dcb08344-a617-59de-8a2e-492e75f6efd0,0880d439-8834-59c1-bfce-e7f3da722b3f,2025-04-23,16:00:00,19:00:00,31,APROBADA
45b920f6-4f0f-5a24-a4db-22ff0ddd950a,10225e74-7c22-5384-8cdc-396a168ec651,2024-09-14,18:30:00,21:30:00,29,APROBADA
9d495c53-7c96-5cc2-94ba-e52ac6e88e42,dd609563-702d-543d-a49a-0ce27a83f234,2025-02-06,08:00:00,10:00:00,32,APROBADA
6e269d53-25b1-50ae-a1b7-f5f6973fe748,45b00d8f-2f79-52ba-8b17-e7d6ee0b476f,2025-02-09,14:30:00,16:00:00,35,APROBADA
70e3a42d-6f4e-59c0-9296-b997c75e4410,2574a671-d58d-5db3-8c9f-2518d8a8d790,2025-06-30,10:30:00,13:30:00,37,APROBADA
a03d765f-e186-5070-b0d9-285ca58a3734,b46607fb-d28f-5c06-a3a8-091cb9d995ec,2024-10-13,14:00:00,15:00:00,25,APROBADA
43905011-10e1-597e-b505-9da409663390,6903b35b-c2a6-5770-98e5-743c2bc06b45,2025-02-03,11:00:00,12:00:00,27,APROBADA
18625d05-17fb-56be-8d6b-8e1a231859fe,8fd4b53b-1d49-5307-8a1a-e184999a4434,2025-06-10,08:00:00,10:00:00,25,APROBADA
c21e6fe8-2840-5120-8bd9-b46df20ad8e8,4b4a10f4-36fa-5109-bc5d-14e24370c164,2024-08-03,11:30:00,13:00:00,32,APROBADA
62f3bd06-c273-567c-9120-e8645ac87020,8fd4b53b-1d49-5307-8a1a-e184999a4434,2024-12-20,17:30:00,19:30:00,39,APROBADA
678d3c29-b4ce-53a4-9d5b-6c69ee45e3ec,45b00d8f-2f79-52ba-8b17-e7d6ee0b476f,2025-02-25,15:00:00,16:00:00,25,APROBADA
64eec70c-ba72-5fc9-8344-848925c0d709,05a1191e-b84b-597d-b970-b04889cc30ee,2025-02-19,08:30:00,09:30:00,25,APROBADA
618e3675-c52e-5afe-a0a7-fbe2c3563f47,6d481120-dab0-50c8-8f1b-33cf911e9573,2025-03-23,18:00:00,20:00:00,32,APROBADA
fc9816f3-8abd-50a0-b09a-03bf0fdaed10,d76d770e-14c2-5fea-bf8b-28f95250e124,2024-09-08,11:30:00,14:30:00,39,APROBADA
0b393474-0074-504c-b3f0-5cc5afb15e13,6d481120-dab0-50c8-8f1b-33cf911e9573,2024-10-18,07:30:00,10:30:00,45,APROBADA
d7101500-02c1-53e8-b8b0-ff0188f37bec,7d424b25-0f98-5f10-b2a8-ed9ddcd33e7a,2024-10-14,16:00:00,17:00:00,28,APROBADA
6d86d618-7057-5742-aa7b-81c46b595e91,da1fe6a7-058c-5ad3-a10e-f529804a44b5,2024-12-10,08:30:00,09:30:00,29,APROBADA
06e089fe-e475-5a4c-b4cd-867a4a4a895d,b46607fb-d28f-5c06-a3a8-091cb9d995ec,2025-03-30,07:30:00,10:30:00,34,APROBADA
bb9e11c8-3ff2-5ed6-a036-02db35499fd1,23c254ed-4635-5cec-baa9-656efa7fd130,2024-08-16,14:00:00,16:00:00,29,APROBADA
f4797ab9-29dd-54f9-beb9-795fe7fedb26,d7ce39c6-be5b-537a-ae81-d449a1710ff2,2025-06-21,18:30:00,19:30:00,26,APROBADA
af75af21-10f3-5975-8552-95b0ad1eb9cc,b46607fb-d28f-5c06-a3a8-091cb9d995ec,2025-06-10,18:00:00,21:00:00,29,APROBADA
4b93f4d8-04bd-5bae-a9da-2bbb79b05c3f,d056b3a8-8204-507a-b6c1-1f1203a87651,2025-05-24,17:00:00,20:00:00,25,APROBADA
99d5bf0e-ec3b-5b72-9b64-34c938949306,6c814918-8ba0-52cc-9377-6d60b7946f8b,2025-03-01,17:00:00,20:00:00,31,APROBADA
c05158ac-8023-5caa-a351-bb8746b15b4e,05a1191e-b84b-597d-b970-b04889cc30ee,2025-01-30,11:30:00,12:30:00,25,APROBADA
e8f7a7fd-87f3-5688-8861-c64a54dd858b,b8969593-19a7-5a43-84c0-d52e63ac0cb4,2024-07-07,08:30:00,10:00:00,28,APROBADA
90437111-6285-59ba-972e-3b926bca86e8,c1489a8f-1dff-511e-b025-5a10261901d7,2024-09-01,18:00:00,19:30:00,32,APROBADA
6462c42c-8858-5a28-902c-516949034c10,45b00d8f-2f79-52ba-8b17-e7d6ee0b476f,2024-07-31,09:30:00,11:30:00,36,APROBADA
b1a5838d-e940-5e6d-a9c9-46c9d67a5ce7,45b00d8f-2f79-52ba-8b17-e7d6ee0b476f,2025-02-01,09:30:00,12:30:00,29,APROBADA
c492713d-4440-5955-bd89-baf3bf3b504c,ef815f08-b586-5f03-964a-a08004eaebf3,2025-04-12,08:30:00,10:00:00,25,APROBADA
2fe39e86-073f-5435-aae9-3e20849c714b,da1fe6a7-058c-5ad3-a10e-f529804a44b5,2024-10-17,13:00:00,14:30:00,30,APROBADA
62587a9a-6c21-5bc9-a52e-72731387053a,706ea773-fd09-5587-a465-302616f9d571,2024-08-21,09:30:00,12:30:00,40,APROBADA
aab9d689-65d2-5379-b6d8-6ec682a5e342,d7ce39c6-be5b-537a-ae81-d449a1710ff2,2025-01-13,17:00:00,20:00:00,40,APROBADA
6782d206-e485-54c4-9983-09c792e7d3d8,dd609563-702d-543d-a49a-0ce27a83f234,2024-10-20,10:00:00,12:00:00,27,APROBADA
37955a78-6372-51cb-a4a9-ef113adce64c,dd609563-702d-543d-a49a-0ce27a83f234,2025-04-27,15:30:00,16:30:00,34,APROBADA
005a408a-1bb3-5668-8d17-91b330c4d1cb,6c814918-8ba0-52cc-9377-6d60b7946f8b,2025-02-13,07:30:00,09:00:00,38,APROBADA
fdc58505-fc3b-5233-a88d-17c6e26c4894,7bcb3d0c-2500-5f01-abe8-d24e962af50e,2025-02-16,14:30:00,16:00:00,31,APROBADA
20fd3b6c-4796-5b12-b5df-0b6cfa300abd,dd609563-702d-543d-a49a-0ce27a83f234,2025-03-20,17:00:00,19:00:00,36,APROBADA
7a1f3788-758f-5417-8e6d-409bd9d9b866,d056b3a8-8204-507a-b6c1-1f1203a87651,2025-06-28,09:30:00,10:30:00,31,APROBADA
320f8642-9f63-544c-8386-390eca1228a0,e5da4cff-29aa-5f05-8532-70f093603e74,2024-12-01,10:00:00,11:30:00,39,APROBADA
c7694f7f-b4ba-5f7e-9d2d-116a77da06a1,7d424b25-0f98-5f10-b2a8-ed9ddcd33e7a,2025-04-29,09:00:00,10:30:00,34,APROBADA
00d1b91d-f41b-5ae5-aea5-ac473d9aceae,2574a671-d58d-5db3-8c9f-2518d8a8d790,2025-04-27,07:00:00,10:00:00,40,APROBADA
23a5c689-5d90-5ea8-8eb3-102f7752448d,2574a671-d58d-5db3-8c9f-2518d8a8d790,2025-05-29,17:30:00,19:30:00,37,APROBADA
53635961-1196-512b-b5b4-806c24ea42bc,f5e43a2a-032c-562e-837a-ff3c72abffb4,2025-01-27,08:00:00,09:30:00,25,APROBADA
1216d368-f407-5361-8ef5-39d4c7697409,6d481120-dab0-50c8-8f1b-33cf911e9573,2024-08-16,15:30:00,16:30:00,45,APROBADA
2931bec4-a022-5367-9fa5-3fcd54a94721,a22ee2bf-332c-5ac1-ae12-28ce7b0033a1,2024-09-29,14:30:00,17:30:00,28,APROBADA
cdc5e862-ce17-51f2-8a7a-d0e4ee7ef7c7,45b00d8f-2f79-52ba-8b17-e7d6ee0b476f,2025-04-04,18:00:00,20:00:00,27,APROBADA
73c69ba7-7ed1-53d5-abaa-56c1a4ac7713,e5da4cff-29aa-5f05-8532-70f093603e74,2025-02-12,08:00:00,11:00:00,34,APROBADA
c7cb3b3c-f589-531e-aaa2-848317bba8c9,d7ce39c6-be5b-537a-ae81-d449a1710ff2,2025-02-19,07:00:00,10:00:00,30,APROBADA
e0392b38-3f60-5b9e-ba8e-4be23fce3d15,2574a671-d58d-5db3-8c9f-2518d8a8d790,2025-02-04,15:00:00,17:00:00,30,APROBADA
c887b59d-f38b-50aa-9481-197b2f4351b9,d76d770e-14c2-5fea-bf8b-28f95250e124,2025-01-17,09:00:00,10:00:00,25,APROBADA
4a921785-ebf4-5b27-aa15-ad61ca558e23,dd609563-702d-543d-a49a-0ce27a83f234,2025-06-20,08:00:00,10:00:00,38,APROBADA
f598ac70-eb5b-56b5-8a09-d724473658c9,7bcb3d0c-2500-5f01-abe8-d24e962af50e,2024-12-08,16:00:00,17:30:00,27,APROBADA
81340bc1-4374-5e50-af5b-1acd51fee93a,6c814918-8ba0-52cc-9377-6d60b7946f8b,2024-12-17,12:30:00,14:00:00,40,APROBADA
c055fd6b-2f7d-5a24-9d98-1e3a8306f322,2574a671-d58d-5db3-8c9f-2518d8a8d790,2025-02-02,14:30:00,15:30:00,37,APROBADA
ce4c374b-a1d3-58ed-8f92-9bd251cfd219,e5da4cff-29aa-5f05-8532-70f093603e74,2024-10-04,16:30:00,17:30:00,35,APROBADA
58965272-a024-5f01-9b97-c6049f915a1f,a22ee2bf-332c-5ac1-ae12-28ce7b0033a1,2024-09-12,18:30:00,20:00:00,36,APROBADA
360a0eba-28b8-5f20-bc77-b3e9c08d2612,05a1191e-b84b-597d-b970-b04889cc30ee,2024-11-05,07:30:00,09:30:00,34,APROBADA
29c31e1f-6a20-5611-9999-8a611288f787,a22ee2bf-332c-5ac1-ae12-28ce7b0033a1,2025-02-26,17:30:00,19:00:00,27,APROBADA
a365ef32-a3f6-5dd4-a088-83683c17f354,7bcb3d0c-2500-5f01-abe8-d24e962af50e,2025-04-15,17:00:00,19:00:00,31,APROBADA
30ca7f93-5ef8-5e53-994e-acf5be9eacfa,b46607fb-d28f-5c06-a3a8-091cb9d995ec,2025-04-21,12:30:00,14:00:00,39,APROBADA
6f24a460-621c-562b-8911-ed69a492148d,1dee66e3-0076-5033-8ba0-70dd67e8aea0,2025-06-26,11:30:00,13:00:00,37,APROBADA
941a53f4-460f-5821-acf7-b18028def125,6d481120-dab0-50c8-8f1b-33cf911e9573,2024-10-28,14:30:00,15:30:00,35,APROBADA
1ee1369e-8c7e-5079-b38d-3cdae2b00abe,dd609563-702d-543d-a49a-0ce27a83f234,2024-09-16,15:30:00,17:30:00,27,APROBADA
9811d013-6e0a-53eb-b617-e5e7b3b0c790,2574a671-d58d-5db3-8c9f-2518d8a8d790,2025-06-20,08:00:00,09:30:00,37,APROBADA
85832e80-c3d8-59ac-bbea-38cee5e9d4f9,2574a671-d58d-5db3-8c9f-2518d8a8d790,2025-02-10,17:00:00,20:00:00,40,APROBADA
217d2706-4f22-5ed3-bd58-4c52cf7eaaf4,7bcb3d0c-2500-5f01-abe8-d24e962af50e,2024-12-15,19:00:00,20:00:00,28,APROBADA
43e8adeb-f2ce-5401-88ee-4ad1de7883f4,b8969593-19a7-5a43-84c0-d52e63ac0cb4,2024-08-20,17:00:00,20:00:00,25,APROBADA
574150a9-7799-50e8-afcc-16188398d8f8,7bcb3d0c-2500-5f01-abe8-d24e962af50e,2025-03-01,18:30:00,19:30:00,27,APROBADA
7fae6081-982d-51a2-9f48-d329b4db86d0,ef815f08-b586-5f03-964a-a08004eaebf3,2024-09-17,14:30:00,16:00:00,28,APROBADA
96a2764b-6601-5566-9117-6edb78e34719,45b00d8f-2f79-52ba-8b17-e7d6ee0b476f,2024-11-28,15:30:00,18:30:00,30,APROBADA
3c9e94e4-413c-5503-8fe2-4d46c0b4a944,b46607fb-d28f-5c06-a3a8-091cb9d995ec,2024-08-16,18:30:00,20:00:00,39,APROBADA
dec4bea6-289d-5ae2-b689-50c8f99d88f9,6d481120-dab0-50c8-8f1b-33cf911e9573,2025-01-02,15:00:00,17:00:00,42,APROBADA
ea273f4b-c7af-5f30-88d1-0660ddb26975,23c254ed-4635-5cec-baa9-656efa7fd130,2025-02-23,13:00:00,16:00:00,29,APROBADA
87e0f110-c4fd-5557-939a-bc23417c2db8,0880d439-8834-59c1-bfce-e7f3da722b3f,2025-02-22,11:00:00,12:30:00,26,APROBADA
05a8a075-626f-5650-8e04-359b30fb37e4,6903b35b-c2a6-5770-98e5-743c2bc06b45,2025-02-27,18:30:00,20:00:00,33,APROBADA
081fdc81-96ef-502f-9553-56a3366d4e75,10225e74-7c22-5384-8cdc-396a168ec651,2024-07-31,15:00:00,16:30:00,29,APROBADA
97ec44f2-d6be-52e1-81fe-a8ef049b3646,6d481120-dab0-50c8-8f1b-33cf911e9573,2025-01-18,15:30:00,17:00:00,45,APROBADA
e9ef9af6-b03a-50e7-a654-0d3607c000ff,f5e43a2a-032c-562e-837a-ff3c72abffb4,2024-08-05,11:30:00,13:30:00,29,APROBADA
c82f7595-f174-54e5-ac5d-c57775dc45f6,23c254ed-4635-5cec-baa9-656efa7fd130,2025-04-27,14:30:00,16:30:00,26,APROBADA
e2039318-028d-5ee2-bf57-af7bcb37ffaa,4b4a10f4-36fa-5109-bc5d-14e24370c164,2024-09-14,08:00:00,11:00:00,32,APROBADA
35518df4-7b5e-59ad-b033-71c643a30391,d056b3a8-8204-507a-b6c1-1f1203a87651,2024-12-17,12:30:00,14:30:00,27,APROBADA
9975b1f8-8f31-595d-b222-d736fde45f48,d056b3a8-8204-507a-b6c1-1f1203a87651,2024-10-03,14:30:00,16:30:00,26,APROBADA
36bdcd9e-f99d-50d8-9bd2-2f4de906d412,e5da4cff-29aa-5f05-8532-70f093603e74,2025-06-04,10:30:00,11:30:00,38,APROBADA
39113532-f2ff-5939-b2d1-9e243af00086,a40fe9f0-87fa-5853-968f-5cedd5939e8a,2025-02-07,15:00:00,18:00:00,27,APROBADA
28a7ef52-e728-592b-b912-b1d7029411b9,1dee66e3-0076-5033-8ba0-70dd67e8aea0,2024-07-31,11:30:00,13:30:00,27,APROBADA
4f4ed36a-8d3d-53f1-8200-8bd45144fe8d,1dee66e3-0076-5033-8ba0-70dd67e8aea0,2024-08-14,11:30:00,12:30:00,33,APROBADA
d61bea4f-d890-5771-93af-d837d16d4ceb,8fd4b53b-1d49-5307-8a1a-e184999a4434,2024-12-02,07:00:00,08:00:00,37,APROBADA
e744756c-db99-5c0a-8215-362ddea56cb3,6c814918-8ba0-52cc-9377-6d60b7946f8b,2025-04-12,14:00:00,15:30:00,35,APROBADA
a77eb31b-8613-552a-aa9f-554c41b33a69,1dee66e3-0076-5033-8ba0-70dd67e8aea0,2024-09-18,11:00:00,12:30:00,30,APROBADA
8872a951-63b2-5dee-a33a-9ac85e7a98e2,1a0b71d7-4721-5998-bd82-de26b25b5771,2024-07-04,11:30:00,13:00:00,36,APROBADA
2a46ee62-5204-578f-bbd9-652a1f3b540b,2574a671-d58d-5db3-8c9f-2518d8a8d790,2025-02-11,16:30:00,18:00:00,33,APROBADA
9d8cd0d2-93c1-5a05-b227-9b79d052707d,b8969593-19a7-5a43-84c0-d52e63ac0cb4,2024-07-29,18:00:00,20:00:00,27,APROBADA
31afb06f-b00a-54d3-9900-0aa8cfcaf6d3,10225e74-7c22-5384-8cdc-396a168ec651,2024-08-02,13:00:00,14:30:00,27,APROBADA
a4d8dd5f-9512-530c-a0c6-a4b4e94ee759,ef815f08-b586-5f03-964a-a08004eaebf3,2024-10-14,14:00:00,16:00:00,28,APROBADA
ef647329-f627-542e-933f-af384fbc678d,d7ce39c6-be5b-537a-ae81-d449a1710ff2,2024-08-06,14:00:00,17:00:00,28,APROBADA
e7edb324-f69f-5c55-80d3-2e282ff78b11,7d424b25-0f98-5f10-b2a8-ed9ddcd33e7a,2024-12-03,11:00:00,14:00:00,29,APROBADA
2cd8e065-5521-5ea0-ae0a-7a8782256b28,10225e74-7c22-5384-8cdc-396a168ec651,2025-06-04,16:00:00,18:00:00,30,APROBADA
2e351fcb-51c2-533d-a8dc-ee7e04f6346a,1dee66e3-0076-5033-8ba0-70dd67e8aea0,2025-06-16,09:00:00,10:00:00,30,APROBADA
6b74f69f-47d1-509c-b0f8-6f239ea1f4e3,da1fe6a7-058c-5ad3-a10e-f529804a44b5,2025-06-12,12:30:00,15:30:00,27,APROBADA
6404d0f8-3933-5537-8d74-598116222671,7bcb3d0c-2500-5f01-abe8-d24e962af50e,2025-05-10,19:00:00,20:30:00,29,APROBADA
53a77bd0-4a4b-5a0e-821f-4430c7ffb369,e5da4cff-29aa-5f05-8532-70f093603e74,2024-07-15,17:00:00,18:00:00,38,APROBADA
befc4bab-b3be-503e-be70-8eacc2c529fb,1dee66e3-0076-5033-8ba0-70dd67e8aea0,2024-07-24,09:00:00,11:00:00,26,APROBADA
88004927-dc6c-5a5d-af1d-c545f6b07073,d76d770e-14c2-5fea-bf8b-28f95250e124,2025-06-18,15:30:00,16:30:00,32,APROBADA
001b38fd-05b6-5153-bf98-5221964a877c,8fd4b53b-1d49-5307-8a1a-e184999a4434,2024-08-29,17:30:00,20:30:00,25,APROBADA
8ad444c9-1e7a-5ba9-9d26-08869f6b4bce,c1489a8f-1dff-511e-b025-5a10261901d7,2024-08-29,09:00:00,10:00:00,29,APROBADA
90d81d70-e802-599a-9af7-4bd380d9fb7d,da1fe6a7-058c-5ad3-a10e-f529804a44b5,2025-05-21,14:30:00,16:30:00,27,APROBADA
57d3a40a-b457-57c8-824e-8a41951d5756,7bcb3d0c-2500-5f01-abe8-d24e962af50e,2025-02-21,07:00:00,08:00:00,26,APROBADA
55efb072-8f56-5e22-a7f4-a288aee4a2fa,1dee66e3-0076-5033-8ba0-70dd67e8aea0,2025-03-01,13:30:00,15:30:00,26,APROBADA
5c200f8b-b34a-504a-93dd-f6eae0489b33,a40fe9f0-87fa-5853-968f-5cedd5939e8a,2024-08-07,16:30:00,18:00:00,26,APROBADA
a9355f78-0274-57a7-9858-97a7e802613a,a40fe9f0-87fa-5853-968f-5cedd5939e8a,2025-03-25,09:30:00,11:00:00,31,APROBADA
47cece7c-8797-5b10-a60d-e1a8f146d436,b8969593-19a7-5a43-84c0-d52e63ac0cb4,2024-07-15,08:30:00,10:30:00,28,APROBADA
2adaf9ca-dd24-554a-b8fd-0dba772cdf43,706ea773-fd09-5587-a465-302616f9d571,2025-04-12,16:00:00,17:30:00,34,APROBADA
33d6ed82-0b8b-5efa-b233-d6e3803c832d,706ea773-fd09-5587-a465-302616f9d571,2025-02-06,12:00:00,14:00:00,35,APROBADA
b21cf139-663b-53b4-9cd3-39bc3b1c1c7f,d76d770e-14c2-5fea-bf8b-28f95250e124,2024-10-22,13:00:00,14:30:00,26,APROBADA
01225b43-1cbf-5ca1-87b2-50af241ade8e,c1489a8f-1dff-511e-b025-5a10261901d7,2024-08-28,12:30:00,15:30:00,26,APROBADA
ebc59ac6-74de-5686-afee-94041718ce9b,10225e74-7c22-5384-8cdc-396a168ec651,2024-10-02,18:00:00,20:00:00,33,APROBADA
25994be1-80f0-5cbc-b402-d94f23c88d6f,7d424b25-0f98-5f10-b2a8-ed9ddcd33e7a,2024-11-26,16:30:00,18:30:00,36,APROBADA
dd2044a1-ca5b-5d26-8a75-d9a51d2e9cc8,45b00d8f-2f79-52ba-8b17-e7d6ee0b476f,2025-01-21,16:00:00,18:00:00,29,APROBADA
8804ecf9-cf4d-5543-af2f-168571638e0d,dd609563-702d-543d-a49a-0ce27a83f234,2025-02-13,07:00:00,08:00:00,31,APROBADA
c4623bab-cfca-5253-aac1-d79bb3e5e6cd,45b00d8f-2f79-52ba-8b17-e7d6ee0b476f,2024-11-04,12:00:00,13:30:00,36,APROBADA
1cd6cdcc-8aa2-507c-b218-ae8028c3615d,da1fe6a7-058c-5ad3-a10e-f529804a44b5,2025-05-08,10:30:00,11:30:00,26,APROBADA
58e52608-29bb-5e5b-bae2-6d9322a35ce6,f5e43a2a-032c-562e-837a-ff3c72abffb4,2024-08-16,07:00:00,10:00:00,25,APROBADA
364e3d53-4d2d-5eaf-9123-b4b8651114c7,ef815f08-b586-5f03-964a-a08004eaebf3,2025-05-17,17:00:00,18:00:00,33,APROBADA
32b16105-c4e4-5961-9e44-8f5884d06f4b,b8969593-19a7-5a43-84c0-d52e63ac0cb4,2025-05-07,11:30:00,12:30:00,29,APROBADA
e3e30fbd-3140-52f5-81bd-e279a2bdc4c6,1a0b71d7-4721-5998-bd82-de26b25b5771,2024-09-24,15:00:00,16:00:00,40,APROBADA
df453fe3-2ecc-5145-a6e1-3a47a8b88acf,2574a671-d58d-5db3-8c9f-2518d8a8d790,2025-02-18,15:00:00,16:30:00,33,APROBADA
7226fb88-aadd-5e49-a77f-87ace70f615f,706ea773-fd09-5587-a465-302616f9d571,2025-04-04,07:00:00,10:00:00,32,APROBADA
4819b41c-4c55-5032-97df-dfdbe31c5b7c,706ea773-fd09-5587-a465-302616f9d571,2024-10-10,10:00:00,11:30:00,35,APROBADA
75e35528-78bc-52af-b5c2-c0e9d61f8674,1a0b71d7-4721-5998-bd82-de26b25b5771,2025-05-09,14:00:00,16:00:00,26,APROBADA
76d44467-3ed3-5baa-8227-97c9c9630458,f5e43a2a-032c-562e-837a-ff3c72abffb4,2024-10-11,17:30:00,19:30:00,25,APROBADA
d1c7f1d0-7cba-5329-a7a7-77531ece03f6,7bcb3d0c-2500-5f01-abe8-d24e962af50e,2024-09-04,15:30:00,17:00:00,30,APROBADA
3a038815-0795-5d9f-83cf-f4633f58a027,45b00d8f-2f79-52ba-8b17-e7d6ee0b476f,2024-09-26,12:30:00,13:30:00,30,APROBADA
1411f3fd-efcf-55e6-baf3-50325afdb948,6c814918-8ba0-52cc-9377-6d60b7946f8b,2024-11-28,18:30:00,20:00:00,40,APROBADA
82998215-c4b7-5d57-b9ca-0e2d9ad4494a,da1fe6a7-058c-5ad3-a10e-f529804a44b5,2024-09-21,08:00:00,10:00:00,36,APROBADA
1906a7a0-c249-5e57-96fd-dbba8a466e4c,6d481120-dab0-50c8-8f1b-33cf911e9573,2024-12-04,08:30:00,11:30:00,43,APROBADA
c3aa8ae6-b130-5aaf-af7b-e091173e6a6b,6d481120-dab0-50c8-8f1b-33cf911e9573,2024-12-16,13:00:00,16:00:00,39,APROBADA
aaa94b60-855a-57be-831e-a85ae36f64d9,05a1191e-b84b-597d-b970-b04889cc30ee,2024-07-18,10:30:00,12:30:00,25,APROBADA
99abe7ee-b060-545f-9e77-4401a3a39888,4b4a10f4-36fa-5109-bc5d-14e24370c164,2025-06-28,08:00:00,09:30:00,32,APROBADA
37f1b453-2864-5197-9add-2946e416be80,a22ee2bf-332c-5ac1-ae12-28ce7b0033a1,2024-11-05,17:00:00,18:00:00,28,APROBADA
2733b4b0-d3e1-50ee-ba48-7a8ea35469a2,dd609563-702d-543d-a49a-0ce27a83f234,2025-01-04,15:00:00,16:00:00,26,APROBADA
5a69f8ed-0f24-5349-82fb-fb0c0406b9de,45b00d8f-2f79-52ba-8b17-e7d6ee0b476f,2024-09-20,09:00:00,11:00:00,32,APROBADA
dc587855-5589-58ce-967f-2f853c64ea55,6903b35b-c2a6-5770-98e5-743c2bc06b45,2025-06-27,17:30:00,20:30:00,28,APROBADA
bd6417ad-f5bc-5abe-8f25-52deb1e46888,d7ce39c6-be5b-537a-ae81-d449a1710ff2,2024-07-29,13:30:00,15:30:00,44,APROBADA
d91f45de-ebbd-5dd4-99ed-ef2c44f4d4d7,6d481120-dab0-50c8-8f1b-33cf911e9573,2025-04-20,17:00:00,18:30:00,27,APROBADA
0119e361-27fc-55b4-9f8c-a0fd8e7cad04,da1fe6a7-058c-5ad3-a10e-f529804a44b5,2024-11-09,14:30:00,15:30:00,25,APROBADA
3585685f-171f-5a46-92c2-ff3b1d681db6,1dee66e3-0076-5033-8ba0-70dd67e8aea0,2025-05-15,08:30:00,10:30:00,35,APROBADA
1735b27b-251d-5328-89a7-5fbb8ec9a1a5,8fd4b53b-1d49-5307-8a1a-e184999a4434,2024-11-28,11:30:00,13:30:00,29,APROBADA
2e7b1b35-cd9a-5430-9a3d-728486fa6646,da1fe6a7-058c-5ad3-a10e-f529804a44b5,2025-04-07,10:00:00,12:00:00,26,APROBADA
c34d3c2f-524d-50db-a9ff-a1d620875f16,4b4a10f4-36fa-5109-bc5d-14e24370c164,2025-01-10,17:00:00,20:00:00,32,APROBADA
a22e1b28-f980-56c7-8f4d-ad095cdadd00,8fd4b53b-1d49-5307-8a1a-e184999a4434,2025-05-03,13:00:00,14:00:00,40,APROBADA
93a6e842-bb80-5712-a3c4-4cf0ec71dda6,6d481120-dab0-50c8-8f1b-33cf911e9573,2025-06-11,15:30:00,16:30:00,42,APROBADA
1e8b7c8f-f0c6-53f7-a434-78a3f601c256,e5da4cff-29aa-5f05-8532-70f093603e74,2024-09-12,10:00:00,11:30:00,30,APROBADA
fce1e8f5-f772-5044-92d0-fca8dbc8445f,706ea773-fd09-5587-a465-302616f9d571,2024-07-31,14:00:00,15:30:00,31,APROBADA
98e801d5-56c3-5c90-b7f7-1deef0601d61,23c254ed-4635-5cec-baa9-656efa7fd130,2025-05-26,11:00:00,12:00:00,30,APROBADA
20c44fb6-9d90-5008-93df-cc02c57e0f4f,a40fe9f0-87fa-5853-968f-5cedd5939e8a,2025-05-07,07:00:00,09:00:00,30,APROBADA
daedf975-330b-5b03-85a7-bd679fd52cb4,dd609563-702d-543d-a49a-0ce27a83f234,2024-10-30,17:30:00,19:00:00,35,APROBADA
753ef07b-f58a-5bbe-98b6-2bb3382e2eed,d76d770e-14c2-5fea-bf8b-28f95250e124,2024-08-29,09:30:00,10:30:00,36,APROBADA
f37bf1e2-74cf-5795-a5ef-8edafd129f5c,0880d439-8834-59c1-bfce-e7f3da722b3f,2024-08-01,17:30:00,19:00:00,27,APROBADA
efeaf618-8589-5f17-90f0-297e61ce5534,1dee66e3-0076-5033-8ba0-70dd67e8aea0,2025-06-09,15:30:00,18:30:00,35,APROBADA
1d4f9011-1ebe-56ac-90ac-c7fa35651e89,0880d439-8834-59c1-bfce-e7f3da722b3f,2024-11-22,16:30:00,18:30:00,27,APROBADA
c88e3bd9-84dc-5dcd-9f13-43fc8c36b213,706ea773-fd09-5587-a465-302616f9d571,2025-02-06,12:00:00,14:00:00,34,APROBADA
7298d58b-f838-53c9-97c7-a414ba9d228c,2574a671-d58d-5db3-8c9f-2518d8a8d790,2025-02-24,15:30:00,16:30:00,29,APROBADA
8f99829e-e2fc-5fb8-90ca-f4f896a41513,d7ce39c6-be5b-537a-ae81-d449a1710ff2,2024-09-26,18:30:00,21:30:00,29,APROBADA
7358182f-950f-5fb9-bee5-034ad550a045,d7ce39c6-be5b-537a-ae81-d449a1710ff2,2025-05-13,16:00:00,17:00:00,38,APROBADA
ac0d697e-98cb-5f1e-a525-2b908f8c4c54,ef815f08-b586-5f03-964a-a08004eaebf3,2024-10-07,16:00:00,18:00:00,31,APROBADA
2c0537bd-88a3-57b1-95e3-feb3733d1df9,b46607fb-d28f-5c06-a3a8-091cb9d995ec,2025-01-29,12:30:00,14:30:00,39,APROBADA
9431fd37-1ca2-5229-9d57-d7575ffe25b7,d76d770e-14c2-5fea-bf8b-28f95250e124,2024-07-16,11:00:00,12:00:00,34,APROBADA
1f58bb46-0c60-5e1b-9ba3-8a4193060315,e5da4cff-29aa-5f05-8532-70f093603e74,2024-09-05,16:00:00,17:00:00,31,APROBADA
4fdf4e81-8594-59c5-97ee-c04b09920566,2574a671-d58d-5db3-8c9f-2518d8a8d790,2024-08-20,16:30:00,17:30:00,33,APROBADA
4965949f-b2c6-59a6-a6c9-7f75151afdc8,eb4139b4-3715-5623-a990-d045271440a9,2025-01-01,15:30:00,17:00:00,31,APROBADA
6432f35e-0a46-55ef-9d68-6544734c898e,aad269e7-97f7-5e2d-9c43-cf84b49bd847,2025-01-28,13:30:00,16:30:00,25,APROBADA
1652fa6e-4e99-5899-b8b0-425f78785430,6c814918-8ba0-52cc-9377-6d60b7946f8b,2024-12-18,10:30:00,11:30:00,26,APROBADA
aa0a58f3-5f0c-5f7b-8032-46d23b180821,4b4a10f4-36fa-5109-bc5d-14e24370c164,2024-11-11,16:30:00,17:30:00,27,APROBADA
60a2a3f1-ca84-5d54-9504-6568e59a0d2d,0880d439-8834-59c1-bfce-e7f3da722b3f,2025-06-23,07:00:00,10:00:00,38,APROBADA
d6817ad2-19a9-5233-8f5b-221afd45b113,6c814918-8ba0-52cc-9377-6d60b7946f8b,2025-04-16,09:30:00,12:30:00,28,APROBADA
911145c4-da0e-5d00-b757-e2c64e99fad7,0880d439-8834-59c1-bfce-e7f3da722b3f,2025-02-20,12:30:00,13:30:00,26,APROBADA
fe82cd5a-5115-57bd-a786-0cfbcfeaea34,b46607fb-d28f-5c06-a3a8-091cb9d995ec,2025-03-06,15:30:00,17:30:00,25,APROBADA
73e5a012-40a9-57a7-9c7e-9db49fc16215,ef815f08-b586-5f03-964a-a08004eaebf3,2025-03-08,15:00:00,17:00:00,35,APROBADA
2d2fc8e5-727a-5334-a0c9-76cfdef5d51c,7d424b25-0f98-5f10-b2a8-ed9ddcd33e7a,2024-07-17,11:30:00,13:00:00,34,APROBADA
4e1ce7f4-1282-5da4-884a-daff0fa6c6e1,6d481120-dab0-50c8-8f1b-33cf911e9573,2025-02-15,18:30:00,20:00:00,31,APROBADA
72fa387f-959c-52ea-991b-a5bc9fb4d4c4,45b00d8f-2f79-52ba-8b17-e7d6ee0b476f,2024-07-02,12:00:00,14:00:00,32,APROBADA
689b1cc5-97e2-51eb-8291-40c1e0ad0a7d,8fd4b53b-1d49-5307-8a1a-e184999a4434,2024-12-08,10:00:00,13:00:00,33,APROBADA
eec84cb6-c04e-553a-9d12-7667a7b96121,dd609563-702d-543d-a49a-0ce27a83f234,2024-08-26,13:00:00,15:00:00,35,APROBADA
71032736-5043-5640-b69e-942a061d8134,c1489a8f-1dff-511e-b025-5a10261901d7,2024-07-05,13:00:00,14:00:00,29,APROBADA
a41d10ac-c79e-595c-b0db-a95f3b00871e,b46607fb-d28f-5c06-a3a8-091cb9d995ec,2025-03-04,17:00:00,19:00:00,39,APROBADA
51b83b87-59ca-5d04-a7d7-f32e029c4316,8fd4b53b-1d49-5307-8a1a-e184999a4434,2024-08-13,18:00:00,21:00:00,31,APROBADA
9154b484-a4b6-5283-b0a0-b671d247802f,b46607fb-d28f-5c06-a3a8-091cb9d995ec,2024-10-21,14:00:00,16:00:00,40,APROBADA
50653154-adb2-5949-b248-a3217a155f77,a40fe9f0-87fa-5853-968f-5cedd5939e8a,2025-04-12,13:00:00,14:30:00,30,APROBADA
92aad991-7640-5232-a7c6-790440c7ec83,23c254ed-4635-5cec-baa9-656efa7fd130,2025-04-10,19:00:00,21:00:00,29,APROBADA
b1f707f3-f3c1-5dc0-8498-9d9aa39fc6c2,10225e74-7c22-5384-8cdc-396a168ec651,2025-04-25,11:00:00,13:00:00,28,APROBADA
cc62c85a-27ea-561a-92ec-2c60479c7640,1a0b71d7-4721-5998-bd82-de26b25b5771,2025-01-12,19:00:00,22:00:00,42,APROBADA
3ca8a728-4eb3-5f1d-8ee6-2a50516baaf7,d7ce39c6-be5b-537a-ae81-d449a1710ff2,2025-04-10,16:30:00,17:30:00,26,APROBADA
ac3a4efd-f225-51da-bed0-c17be022048d,05a1191e-b84b-597d-b970-b04889cc30ee,2025-05-22,18:00:00,19:30:00,27,APROBADA
f25d45db-0ae3-5004-b314-68bbe59cb303,d76d770e-14c2-5fea-bf8b-28f95250e124,2024-10-02,09:30:00,10:30:00,28,APROBADA
d53c6376-a8f5-5aeb-b758-5bab6eabb34f,e5da4cff-29aa-5f05-8532-70f093603e74,2024-11-08,11:30:00,14:30:00,39,APROBADA
25b7fbac-555c-5dee-a6c8-b77ef21db9f3,1a0b71d7-4721-5998-bd82-de26b25b5771,2025-03-30,14:30:00,15:30:00,38,APROBADA
2ce5d6b1-8c24-5128-83b0-2024d4692f6d,706ea773-fd09-5587-a465-302616f9d571,2025-06-17,17:30:00,19:30:00,29,APROBADA
898e5df9-7e54-58f7-be9e-029d6ce72359,23c254ed-4635-5cec-baa9-656efa7fd130,2024-07-02,15:00:00,16:00:00,30,APROBADA
4e82b117-80da-5012-ab5f-dbe21928f3e9,e5da4cff-29aa-5f05-8532-70f093603e74,2025-01-11,11:30:00,12:30:00,33,APROBADA
8cc9a0cd-e41f-5655-b2c0-cff967cd2b1f,7d424b25-0f98-5f10-b2a8-ed9ddcd33e7a,2024-11-30,17:00:00,18:30:00,40,APROBADA
bae61cb7-b4d4-548d-a89e-a17aae98a88a,10225e74-7c22-5384-8cdc-396a168ec651,2024-12-01,10:00:00,11:30:00,34,APROBADA
ce042cff-d046-5133-9b60-20cf8532654e,d056b3a8-8204-507a-b6c1-1f1203a87651,2024-09-05,17:30:00,19:00:00,30,APROBADA
8b0fbf19-e3bc-58c4-b31f-fcf70bd06e33,da1fe6a7-058c-5ad3-a10e-f529804a44b5,2025-01-04,10:30:00,13:30:00,36,APROBADA
595ffc54-183c-5423-8063-f3adb922ae24,a22ee2bf-332c-5ac1-ae12-28ce7b0033a1,2024-10-19,16:30:00,19:30:00,30,APROBADA
f51a4d91-7393-5d3f-8e87-e2b457e8d183,c1489a8f-1dff-511e-b025-5a10261901d7,2025-04-13,19:00:00,21:00:00,27,APROBADA
f77f01be-d6f6-5a5f-9964-3db255f86dda,7bcb3d0c-2500-5f01-abe8-d24e962af50e,2024-11-23,12:30:00,15:30:00,25,APROBADA
32d86190-01c7-547a-bed4-922f5bbe845d,ef815f08-b586-5f03-964a-a08004eaebf3,2025-02-17,15:00:00,16:30:00,31,APROBADA
51c039b1-aa1c-5b6c-a18d-d0f42cb37d7f,0880d439-8834-59c1-bfce-e7f3da722b3f,2025-01-06,15:30:00,17:30:00,34,APROBADA
11280985-b36b-5c05-ae05-532f1212ed25,7bcb3d0c-2500-5f01-abe8-d24e962af50e,2025-05-09,15:00:00,16:00:00,31,APROBADA
197620d4-3e12-5d6e-93c5-40f918524702,8fd4b53b-1d49-5307-8a1a-e184999a4434,2025-06-08,16:30:00,18:30:00,37,APROBADA
71e0748e-3e01-5a86-9580-cb62d52aca2a,d76d770e-14c2-5fea-bf8b-28f95250e124,2024-10-22,07:00:00,08:00:00,33,APROBADA
5128ec41-fa51-5b34-a0e9-1d60e57f92f2,6903b35b-c2a6-5770-98e5-743c2bc06b45,2025-01-17,13:30:00,15:00:00,26,APROBADA
aa64e5ad-4672-533b-aca8-40b8ae73b287,45b00d8f-2f79-52ba-8b17-e7d6ee0b476f,2024-12-28,18:30:00,20:00:00,30,APROBADA
8afc603d-1b55-5159-a698-84ef2283ff12,d7ce39c6-be5b-537a-ae81-d449a1710ff2,2025-03-14,13:00:00,16:00:00,45,APROBADA
f9bbbd28-5f91-5d6e-887f-7a43d77755a6,706ea773-fd09-5587-a465-302616f9d571,2025-03-02,17:30:00,18:30:00,33,APROBADA
418a4372-afd2-56de-99aa-6d7d3e328718,05a1191e-b84b-597d-b970-b04889cc30ee,2024-11-17,09:00:00,12:00:00,33,APROBADA
e5dbfc3b-62e1-5951-9abd-472c683ace06,ef815f08-b586-5f03-964a-a08004eaebf3,2025-03-09,07:30:00,09:30:00,28,APROBADA
b76e18e4-0fb5-5056-96ad-70fc5288f6d1,d7ce39c6-be5b-537a-ae81-d449a1710ff2,2025-04-11,15:30:00,17:30:00,28,APROBADA
81c0202e-9e84-5ebf-92fd-7da6aeec17e4,7d424b25-0f98-5f10-b2a8-ed9ddcd33e7a,2024-12-10,18:30:00,20:00:00,29,APROBADA
009397dc-bc68-53f1-949c-865afcf10e2f,da1fe6a7-058c-5ad3-a10e-f529804a44b5,2024-10-29,13:30:00,14:30:00,33,APROBADA
6639ca53-3d5a-5f20-a0b5-bf9d7353b965,706ea773-fd09-5587-a465-302616f9d571,2025-04-25,08:00:00,09:30:00,28,APROBADA
bf0000fe-26a0-5fcc-b76c-c583d958aa1c,0880d439-8834-59c1-bfce-e7f3da722b3f,2024-08-26,15:30:00,18:30:00,26,APROBADA
6a822fd6-e437-589d-85a8-735c056f30ec,d056b3a8-8204-507a-b6c1-1f1203a87651,2025-03-28,19:00:00,20:00:00,31,APROBADA
b1b09bd9-2a84-5d6c-a9ab-54b67c207378,706ea773-fd09-5587-a465-302616f9d571,2024-08-07,17:30:00,18:30:00,25,APROBADA
3806c606-eaa9-5b65-9758-9578dc3969ed,4b4a10f4-36fa-5109-bc5d-14e24370c164,2024-10-22,08:00:00,11:00:00,26,APROBADA
bccdbabe-1b29-5dff-92c3-d205287f1ab5,d056b3a8-8204-507a-b6c1-1f1203a87651,2025-01-16,18:30:00,21:30:00,27,APROBADA
dc52f254-9cfb-5ad6-b6be-ba401d048584,706ea773-fd09-5587-a465-302616f9d571,2024-10-28,13:30:00,15:30:00,38,APROBADA
263ec8e7-920e-5ed3-9354-e655eeafcaef,aad269e7-97f7-5e2d-9c43-cf84b49bd847,2024-08-25,13:30:00,16:30:00,27,APROBADA
b329cbf0-5ff8-54bc-98f3-fec0f26a37bd,7d424b25-0f98-5f10-b2a8-ed9ddcd33e7a,2025-05-01,16:30:00,17:30:00,40,APROBADA
9b42bc0f-cbd0-59ad-8344-790378f9593b,7d424b25-0f98-5f10-b2a8-ed9ddcd33e7a,2025-06-06,15:30:00,17:30:00,28,APROBADA
db0c3c7b-a19f-505f-bd27-a5d5e75b0f55,0880d439-8834-59c1-bfce-e7f3da722b3f,2024-11-15,10:00:00,11:30:00,32,APROBADA
35f36441-b04b-5f06-abea-9089f3ec082d,ef815f08-b586-5f03-964a-a08004eaebf3,2024-12-01,19:00:00,20:30:00,29,APROBADA
a90243ca-a55f-59f4-a198-2d4132fc69c2,6d481120-dab0-50c8-8f1b-33cf911e9573,2024-11-16,12:00:00,13:30:00,42,APROBADA
1a508e70-c563-5492-9839-545cea387daa,ef815f08-b586-5f03-964a-a08004eaebf3,2025-06-20,13:30:00,16:30:00,28,APROBADA
344c59e6-05c8-5231-9f40-c4903e31bfb7,4b4a10f4-36fa-5109-bc5d-14e24370c164,2025-05-04,07:30:00,10:30:00,27,APROBADA
829bf867-5824-5e47-9777-813211a02489,e5da4cff-29aa-5f05-8532-70f093603e74,2025-03-11,19:00:00,22:00:00,33,APROBADA
7ecaad4e-0743-5aa6-8895-54f461dfbc1f,dd609563-702d-543d-a49a-0ce27a83f234,2025-03-30,12:30:00,15:30:00,40,APROBADA
60ca216c-95b0-5db0-bed1-4694b52e54a1,0880d439-8834-59c1-bfce-e7f3da722b3f,2024-07-10,12:00:00,13:00:00,42,APROBADA
1057c580-7956-5993-a51f-a2717af64db7,c1489a8f-1dff-511e-b025-5a10261901d7,2025-03-06,14:00:00,15:30:00,32,APROBADA
6d3daee3-61fe-5066-800f-a560932ce4a9,6903b35b-c2a6-5770-98e5-743c2bc06b45,2024-12-07,07:00:00,08:00:00,33,APROBADA
3553c4ee-403f-52fc-96ab-1dfd71168f3c,dd609563-702d-543d-a49a-0ce27a83f234,2024-09-16,07:30:00,09:30:00,31,APROBADA
dbbb93bc-d471-5dee-ba58-790c5959fe26,706ea773-fd09-5587-a465-302616f9d571,2024-09-28,10:30:00,11:30:00,34,APROBADA
f18ebb17-4f9a-58bd-9c20-da8464586c56,10225e74-7c22-5384-8cdc-396a168ec651,2025-05-20,13:30:00,15:00:00,28,APROBADA
ac5de7ba-3e25-5ea1-8ff1-37bd2e5cb17d,b8969593-19a7-5a43-84c0-d52e63ac0cb4,2024-07-11,12:00:00,13:30:00,30,APROBADA
d9c7c4f7-3059-5e1e-b1fc-537cdd1b7ea4,dd609563-702d-543d-a49a-0ce27a83f234,2025-06-23,17:00:00,19:00:00,28,APROBADA
d60e5e3f-93ac-5278-87a6-0fdbdc248816,b8969593-19a7-5a43-84c0-d52e63ac0cb4,2024-12-24,13:00:00,15:00:00,25,APROBADA
ed639d20-d4c8-53ff-adac-3f29cd7d7df7,e5da4cff-29aa-5f05-8532-70f093603e74,2024-12-01,19:00:00,21:00:00,37,APROBADA
ed652ef3-55f9-56f5-bd16-7077faefdea5,8fd4b53b-1d49-5307-8a1a-e184999a4434,2025-02-22,12:30:00,15:30:00,31,APROBADA
dd6d8826-c5da-543d-969a-70c1a832614e,1a0b71d7-4721-5998-bd82-de26b25b5771,2024-09-18,18:30:00,21:30:00,27,APROBADA
3e974a2b-8194-5243-8e83-1b98f16c6218,a22ee2bf-332c-5ac1-ae12-28ce7b0033a1,2025-02-02,16:30:00,19:30:00,26,APROBADA
43fc26b1-5e86-5b5d-8fbd-a0a1043fc051,10225e74-7c22-5384-8cdc-396a168ec651,2025-01-18,13:30:00,15:30:00,36,APROBADA
82caca21-b5cb-5ad7-9c62-dbf611e8a0e3,7d424b25-0f98-5f10-b2a8-ed9ddcd33e7a,2024-11-02,10:30:00,12:30:00,39,APROBADA
4c5e8d69-0506-5f0c-9129-5d820eca9820,eb4139b4-3715-5623-a990-d045271440a9,2025-05-12,16:30:00,19:30:00,31,APROBADA
f7063ef4-7dd2-56b0-a4f0-a88e39d13d31,6c814918-8ba0-52cc-9377-6d60b7946f8b,2024-10-23,13:30:00,16:30:00,39,APROBADA
990a6edc-1e9b-5435-8e7c-801cc7b0d541,1a0b71d7-4721-5998-bd82-de26b25b5771,2024-08-17,17:00:00,19:00:00,41,APROBADA
52c9efb1-1da6-54f6-a2c7-566c669d774d,1dee66e3-0076-5033-8ba0-70dd67e8aea0,2024-09-01,17:30:00,18:30:00,35,APROBADA
5e955f20-c02c-54aa-b178-a9b0d2f67367,eb4139b4-3715-5623-a990-d045271440a9,2025-06-11,14:00:00,16:00:00,30,APROBADA
e4b37d35-4230-59b9-b75b-9233a48c9805,e5da4cff-29aa-5f05-8532-70f093603e74,2024-10-11,18:00:00,20:00:00,25,APROBADA
f988ee4d-eb93-50bc-a111-c530abaf7bb7,d76d770e-14c2-5fea-bf8b-28f95250e124,2024-09-27,14:00:00,17:00:00,32,APROBADA
5021262c-f5f5-53e4-a92c-23b223e28344,d7ce39c6-be5b-537a-ae81-d449a1710ff2,2024-12-25,07:30:00,09:30:00,25,APROBADA
6b0f4370-ca04-5c12-a63b-b1be55b41448,6903b35b-c2a6-5770-98e5-743c2bc06b45,2024-08-18,07:30:00,09:30:00,35,APROBADA
e56f9c7e-d226-5993-8d51-be183ae26a28,6903b35b-c2a6-5770-98e5-743c2bc06b45,2024-10-24,14:00:00,15:00:00,28,APROBADA
1705b492-c7ce-5d08-ad8a-69e4f5075a3b,23c254ed-4635-5cec-baa9-656efa7fd130,2024-11-21,16:00:00,19:00:00,27,APROBADA
fce89109-1fb6-584f-8fb7-4567c5f93179,6d481120-dab0-50c8-8f1b-33cf911e9573,2025-03-27,12:00:00,13:00:00,43,APROBADA
d9441914-b4d1-5503-9a85-6dec527a9f5b,dd609563-702d-543d-a49a-0ce27a83f234,2024-09-15,13:30:00,16:30:00,32,APROBADA
ad00d33d-e3ab-5840-a3be-8a1cc894eebb,aad269e7-97f7-5e2d-9c43-cf84b49bd847,2024-10-29,16:00:00,17:00:00,29,APROBADA
adba1b25-f6a9-5884-a05f-e7cd832b4224,45b00d8f-2f79-52ba-8b17-e7d6ee0b476f,2024-08-10,10:00:00,12:00:00,34,APROBADA
db2fb42e-0711-540c-b4aa-dcc9f397e566,1dee66e3-0076-5033-8ba0-70dd67e8aea0,2025-02-24,12:30:00,14:30:00,26,APROBADA
f44c88d3-dfb6-5d48-bada-ae966163305e,23c254ed-4635-5cec-baa9-656efa7fd130,2024-07-20,11:30:00,13:00:00,26,APROBADA
1456ede7-fa23-5477-a4aa-832c9fcba7ad,a40fe9f0-87fa-5853-968f-5cedd5939e8a,2025-06-12,13:30:00,16:30:00,29,APROBADA
75aa74ca-cc46-534b-bf1c-9bf4f8bbf63f,c1489a8f-1dff-511e-b025-5a10261901d7,2024-09-03,08:00:00,11:00:00,29,APROBADA
0f7bb6f4-d098-529a-830a-adc7e8a2d3fc,0880d439-8834-59c1-bfce-e7f3da722b3f,2025-01-27,12:00:00,13:30:00,39,APROBADA
52f5fd80-4500-56f4-8179-1e0c51af7ee0,c1489a8f-1dff-511e-b025-5a10261901d7,2024-08-02,18:30:00,19:30:00,32,APROBADA
79e40d85-013c-5c80-a285-cf404a8a000c,23c254ed-4635-5cec-baa9-656efa7fd130,2025-04-01,15:30:00,17:30:00,29,APROBADA
d1e117e9-fecb-5c60-a6b3-1015405caea6,6c814918-8ba0-52cc-9377-6d60b7946f8b,2025-02-09,10:00:00,12:00:00,38,APROBADA
766caceb-0179-5ca5-bd9b-f8e00c0196b5,d76d770e-14c2-5fea-bf8b-28f95250e124,2025-06-16,13:00:00,14:30:00,33,APROBADA
d8c19101-7f27-521f-bb22-e6b0a2c82f28,d7ce39c6-be5b-537a-ae81-d449a1710ff2,2025-01-15,16:00:00,19:00:00,37,APROBADA
411f2131-3d39-55a9-9b97-719629d41970,23c254ed-4635-5cec-baa9-656efa7fd130,2025-02-13,17:00:00,19:00:00,30,APROBADA
76f945b5-a7c9-57ad-8f99-2ba90d21317c,0880d439-8834-59c1-bfce-e7f3da722b3f,2025-02-06,07:30:00,10:30:00,43,APROBADA
91ef0301-3eb6-5ff0-aaa2-16358c8ed639,6c814918-8ba0-52cc-9377-6d60b7946f8b,2025-01-30,19:00:00,20:30:00,40,APROBADA
72e4150c-14cb-5c35-a5a7-d811d3d8d326,ef815f08-b586-5f03-964a-a08004eaebf3,2024-11-08,17:00:00,18:30:00,27,APROBADA
589ede91-9e20-5e0c-b7ab-af7fa3a5db13,6903b35b-c2a6-5770-98e5-743c2bc06b45,2024-10-01,10:30:00,12:30:00,28,APROBADA
5bf6faa4-e816-514e-8735-977027d4e41c,4b4a10f4-36fa-5109-bc5d-14e24370c164,2024-07-21,18:30:00,21:30:00,30,APROBADA
2693a170-1eab-5ae6-b0e2-6af965d5aa7a,6c814918-8ba0-52cc-9377-6d60b7946f8b,2024-12-01,07:30:00,09:00:00,38,APROBADA
9597500f-07dd-5a5e-8816-b22d3d6525ee,0880d439-8834-59c1-bfce-e7f3da722b3f,2024-07-20,11:30:00,13:30:00,45,APROBADA
a8c8b79a-b9fb-5316-b85a-a7c516d47dc3,05a1191e-b84b-597d-b970-b04889cc30ee,2025-01-15,18:00:00,21:00:00,31,APROBADA
b0e075f5-5d94-583b-bbc0-4dac5c664cd4,7d424b25-0f98-5f10-b2a8-ed9ddcd33e7a,2024-11-02,09:00:00,11:00:00,29,APROBADA
ee9ba026-fe40-532b-979b-3ecdbea9f4b0,1dee66e3-0076-5033-8ba0-70dd67e8aea0,2024-08-20,17:00:00,19:00:00,33,APROBADA
ab46e475-3c22-5b58-a1f0-a132c3d06e32,1a0b71d7-4721-5998-bd82-de26b25b5771,2025-04-16,14:00:00,15:30:00,35,APROBADA
4eddbf42-72e0-50e8-a780-2fda512744a7,ef815f08-b586-5f03-964a-a08004eaebf3,2025-03-07,17:30:00,18:30:00,27,APROBADA
4dd0a5a4-0537-5f1f-9365-e74d14721a2c,a40fe9f0-87fa-5853-968f-5cedd5939e8a,2025-05-20,17:00:00,18:00:00,31,APROBADA
1f70046a-39c3-5b2e-863e-dbd16193572e,45b00d8f-2f79-52ba-8b17-e7d6ee0b476f,2024-07-12,17:00:00,20:00:00,25,APROBADA
2ae337ee-3f5c-5249-b6be-526935d6462c,23c254ed-4635-5cec-baa9-656efa7fd130,2024-10-15,19:00:00,20:00:00,25,APROBADA
1730b455-4973-5fc0-ae17-b3fc7371f2c4,706ea773-fd09-5587-a465-302616f9d571,2025-04-07,10:30:00,12:30:00,27,APROBADA
0498564a-9658-55d9-b8b2-d2053b96de8b,8fd4b53b-1d49-5307-8a1a-e184999a4434,2024-11-06,18:30:00,19:30:00,29,APROBADA
f684a67e-b0f1-58f2-803c-3b598b8e3fb3,0880d439-8834-59c1-bfce-e7f3da722b3f,2025-01-16,16:30:00,18:30:00,27,APROBADA
1bbf95e3-96cd-597d-be39-03f4826ae029,6c814918-8ba0-52cc-9377-6d60b7946f8b,2025-05-01,14:30:00,17:30:00,35,APROBADA
bf39a199-7f24-5194-9d0a-6150b2cc31f4,6903b35b-c2a6-5770-98e5-743c2bc06b45,2025-06-01,10:00:00,11:00:00,25,APROBADA
1dcea732-01c5-5a06-a98e-42960ef293a1,6c814918-8ba0-52cc-9377-6d60b7946f8b,2024-12-04,10:30:00,11:30:00,40,APROBADA
06039783-e8d2-5c2e-aaa2-9bf45070ec10,eb4139b4-3715-5623-a990-d045271440a9,2025-06-16,11:30:00,13:00:00,28,APROBADA
8194a822-7a69-55e6-b941-ec22b10dab12,c1489a8f-1dff-511e-b025-5a10261901d7,2024-07-07,11:30:00,12:30:00,25,APROBADA
c619f03b-1d3c-5aa6-a2ad-aa0fbd20deb6,23c254ed-4635-5cec-baa9-656efa7fd130,2025-03-26,09:00:00,10:00:00,26,APROBADA
5136e74d-831a-5cff-9265-f160a68cbd26,6d481120-dab0-50c8-8f1b-33cf911e9573,2025-02-22,19:00:00,21:00:00,42,APROBADA
b61955e3-cc8b-529a-8d91-12bd383d5405,a22ee2bf-332c-5ac1-ae12-28ce7b0033a1,2025-06-19,11:30:00,12:30:00,30,APROBADA
5c177b31-4d86-5330-8bf1-5fb6c8816329,7bcb3d0c-2500-5f01-abe8-d24e962af50e,2024-12-10,17:00:00,19:00:00,25,APROBADA
b0de3104-cea4-58a6-8091-1a9053368882,dd609563-702d-543d-a49a-0ce27a83f234,2025-03-29,16:00:00,17:00:00,29,APROBADA
86977d6f-2cd8-5708-a523-f319fdec2b8f,10225e74-7c22-5384-8cdc-396a168ec651,2025-03-31,07:30:00,09:30:00,33,APROBADA
bab9ebf1-f731-585c-826a-513fb4c1cf5d,706ea773-fd09-5587-a465-302616f9d571,2024-11-11,18:00:00,19:00:00,39,APROBADA
4e680727-19c5-587e-b8cb-009eaa2ace58,d76d770e-14c2-5fea-bf8b-28f95250e124,2024-11-26,11:30:00,14:30:00,26,APROBADA
ce931218-c5ca-5b29-a1b7-4d1f4f6474d7,1dee66e3-0076-5033-8ba0-70dd67e8aea0,2024-09-26,15:00:00,16:30:00,44,APROBADA
65137c3b-6821-5977-9755-649139b9506d,b46607fb-d28f-5c06-a3a8-091cb9d995ec,2025-05-17,17:30:00,19:00:00,27,APROBADA
aa2caf3d-a754-56b2-b24b-79733cd49b6b,a40fe9f0-87fa-5853-968f-5cedd5939e8a,2024-12-15,18:30:00,19:30:00,25,APROBADA
7234d41e-91bb-5457-becf-a13dd708950d,05a1191e-b84b-597d-b970-b04889cc30ee,2024-07-14,18:30:00,20:00:00,33,APROBADA
21edc839-a172-5daf-aa7e-14d892948766,7d424b25-0f98-5f10-b2a8-ed9ddcd33e7a,2024-09-24,07:00:00,08:00:00,27,APROBADA
405746bd-3b55-58fc-8890-dd22b8ff911f,dd609563-702d-543d-a49a-0ce27a83f234,2025-02-08,17:00:00,20:00:00,36,APROBADA
0e827b1b-3335-57fc-b3b8-e27f35525d8c,7d424b25-0f98-5f10-b2a8-ed9ddcd33e7a,2025-03-15,10:30:00,11:30:00,38,APROBADA
00dcc016-9721-5bc5-93f1-fbea5e13ccc2,a40fe9f0-87fa-5853-968f-5cedd5939e8a,2024-08-27,07:30:00,09:00:00,30,APROBADA
66609eab-cef2-5bb5-9863-8e51377cc97b,da1fe6a7-058c-5ad3-a10e-f529804a44b5,2024-12-24,17:30:00,19:00:00,32,APROBADA
ef860674-40d5-5457-8b1c-8fd35e7d2334,6d481120-dab0-50c8-8f1b-33cf911e9573,2024-07-28,10:30:00,12:30:00,26,APROBADA
4cbdef31-1421-5e64-a1ee-382d0456978c,eb4139b4-3715-5623-a990-d045271440a9,2024-11-07,17:30:00,20:30:00,31,APROBADA
72280e51-e821-5f27-bac8-404f4c75429f,eb4139b4-3715-5623-a990-d045271440a9,2025-03-21,09:30:00,10:30:00,25,APROBADA
f04efd2d-d8ae-551e-b728-f3c1134d0060,8fd4b53b-1d49-5307-8a1a-e184999a4434,2025-05-13,07:00:00,10:00:00,31,APROBADA
2054a09c-088d-5a07-9323-650252ab8f02,ef815f08-b586-5f03-964a-a08004eaebf3,2025-01-06,15:00:00,16:30:00,29,APROBADA
0daae12b-5c62-5fe4-8c14-151f561dc180,7bcb3d0c-2500-5f01-abe8-d24e962af50e,2025-06-22,17:00:00,18:00:00,29,APROBADA
5903f227-6728-5db1-9ea0-01262e41a3fa,05a1191e-b84b-597d-b970-b04889cc30ee,2025-04-26,14:30:00,16:00:00,26,APROBADA
4ad189fc-1a0e-56e5-8425-84503d79c67d,10225e74-7c22-5384-8cdc-396a168ec651,2024-11-19,16:30:00,18:00:00,26,APROBADA
357250a6-816d-5573-b1df-642216a39745,45b00d8f-2f79-52ba-8b17-e7d6ee0b476f,2024-09-12,13:00:00,15:00:00,26,APROBADA
ef7ae691-0d17-5b79-bf42-9bcdf0b4d2de,6903b35b-c2a6-5770-98e5-743c2bc06b45,2025-05-01,08:00:00,09:30:00,26,APROBADA
fe54c7fc-00aa-5107-9170-94e0b8a596ce,8fd4b53b-1d49-5307-8a1a-e184999a4434,2024-10-17,17:00:00,18:00:00,29,APROBADA
3e0aeb0e-cf4f-5319-a90b-bf9525be5b96,1dee66e3-0076-5033-8ba0-70dd67e8aea0,2024-08-06,17:00:00,18:30:00,30,APROBADA
4697f236-a2f1-5c99-84dc-3b56e29732f2,1dee66e3-0076-5033-8ba0-70dd67e8aea0,2024-12-17,16:00:00,17:00:00,37,APROBADA
b518c245-8e0f-5777-8e43-e04fd3408136,2574a671-d58d-5db3-8c9f-2518d8a8d790,2025-05-20,10:00:00,11:00:00,30,APROBADA
e54f1e38-f871-508a-b48a-944da8e92934,10225e74-7c22-5384-8cdc-396a168ec651,2025-05-19,12:30:00,14:30:00,26,APROBADA
8f9ffd99-8a8c-5a95-8fff-175b01f03379,706ea773-fd09-5587-a465-302616f9d571,2024-07-18,13:00:00,14:30:00,39,APROBADA
e3eedc7d-2b92-54ce-b1a8-2c8d29720382,1a0b71d7-4721-5998-bd82-de26b25b5771,2024-10-07,19:00:00,20:00:00,32,APROBADA
3c3e594d-e39c-51ad-b654-d66f6873b1bd,1dee66e3-0076-5033-8ba0-70dd67e8aea0,2024-07-28,19:00:00,22:00:00,42,APROBADA
03db94c9-9d87-5176-be61-f6e960fee883,10225e74-7c22-5384-8cdc-396a168ec651,2024-11-17,16:30:00,17:30:00,35,APROBADA
809c2be8-e2d9-5e7b-98a4-9dcdcb25e359,10225e74-7c22-5384-8cdc-396a168ec651,2025-02-06,18:00:00,21:00:00,31,APROBADA
4b58fabd-a6e4-5b71-812f-e2e7b76f0861,6d481120-dab0-50c8-8f1b-33cf911e9573,2024-09-13,11:30:00,13:30:00,39,APROBADA
9e127935-054e-5d10-b11e-db5b5f5db353,1a0b71d7-4721-5998-bd82-de26b25b5771,2025-01-07,14:30:00,16:00:00,25,APROBADA
44e19428-71a6-540b-802d-267d075584f9,23c254ed-4635-5cec-baa9-656efa7fd130,2025-03-02,14:00:00,15:30:00,30,APROBADA
86e62371-3ad5-5b26-9284-2a5e20726ff6,6c814918-8ba0-52cc-9377-6d60b7946f8b,2024-10-14,17:30:00,20:30:00,37,APROBADA
52e88c0d-9f4a-5112-b219-057b5df92865,f5e43a2a-032c-562e-837a-ff3c72abffb4,2025-04-27,08:00:00,09:30:00,27,APROBADA
df7a3e68-0ca2-5ada-9e22-bf1b8a731bbb,8fd4b53b-1d49-5307-8a1a-e184999a4434,2025-03-26,18:30:00,20:30:00,31,APROBADA
5e0771ae-dbe7-5d52-8d04-9297e68fcf68,a40fe9f0-87fa-5853-968f-5cedd5939e8a,2025-03-11,13:00:00,16:00:00,31,APROBADA
aa31dd8e-b534-5ac7-a854-937d9ff8d78a,0880d439-8834-59c1-bfce-e7f3da722b3f,2024-11-10,18:30:00,21:30:00,26,APROBADA
df2fa454-25b7-5505-81f2-4b9ed3e31dc5,1dee66e3-0076-5033-8ba0-70dd67e8aea0,2024-09-13,08:00:00,09:00:00,33,APROBADA
968b516d-7df4-549e-939a-bd9cc7d907d5,d7ce39c6-be5b-537a-ae81-d449a1710ff2,2024-09-27,10:30:00,12:30:00,28,APROBADA
6da37d8f-01b1-58b0-a4a6-5c0660108732,8fd4b53b-1d49-5307-8a1a-e184999a4434,2024-10-06,13:30:00,14:30:00,28,APROBADA
bca3ca57-a69c-592e-8846-1e1054359d00,b8969593-19a7-5a43-84c0-d52e63ac0cb4,2024-07-14,17:30:00,19:00:00,27,APROBADA
994a4acc-c722-5573-9345-e6faf5fe6e4a,1a0b71d7-4721-5998-bd82-de26b25b5771,2024-08-04,16:30:00,19:30:00,38,APROBADA
3304c2f0-f7c3-5308-833f-6e1066c24d0d,da1fe6a7-058c-5ad3-a10e-f529804a44b5,2024-10-02,08:30:00,11:30:00,32,APROBADA
0815527b-2aba-5403-875e-bdaa806b0283,0880d439-8834-59c1-bfce-e7f3da722b3f,2024-11-24,14:00:00,17:00:00,26,APROBADA
ce4f436a-448e-59fe-96cc-812729a72a0f,8fd4b53b-1d49-5307-8a1a-e184999a4434,2025-06-17,17:30:00,20:30:00,28,APROBADA
865432de-0cb6-5519-bebf-e833674c8d83,1dee66e3-0076-5033-8ba0-70dd67e8aea0,2025-03-08,10:30:00,12:00:00,29,APROBADA
11af0bb3-d8e5-590d-b3f1-2a487a80eff2,2574a671-d58d-5db3-8c9f-2518d8a8d790,2025-02-18,07:30:00,09:30:00,29,APROBADA
de7aae39-8a3d-5520-9222-2c4c8d314557,da1fe6a7-058c-5ad3-a10e-f529804a44b5,2024-10-23,08:00:00,09:30:00,25,APROBADA
bc02bbd6-74c1-5deb-b7e3-5119d61613d0,8fd4b53b-1d49-5307-8a1a-e184999a4434,2025-01-01,17:00:00,20:00:00,32,APROBADA
2be07c95-2d09-5cd8-bc20-2dff849a197d,eb4139b4-3715-5623-a990-d045271440a9,2025-01-16,07:30:00,10:30:00,27,APROBADA
7f05cef9-0b18-5a65-ab82-36d07d18144f,b8969593-19a7-5a43-84c0-d52e63ac0cb4,2025-04-02,13:00:00,14:30:00,27,APROBADA
f1e74df9-ffcc-5af3-822f-c110ef313994,2574a671-d58d-5db3-8c9f-2518d8a8d790,2025-01-15,11:00:00,13:00:00,40,APROBADA
c54660bb-bd6d-5f24-82f4-d6e466787adb,1a0b71d7-4721-5998-bd82-de26b25b5771,2024-08-17,09:00:00,10:00:00,44,APROBADA
40385e0c-603c-508c-a539-4267ee995367,45b00d8f-2f79-52ba-8b17-e7d6ee0b476f,2024-11-30,18:30:00,20:30:00,33,APROBADA
7105e27f-406e-5afd-93f5-c32f33297cfe,4b4a10f4-36fa-5109-bc5d-14e24370c164,2024-10-09,10:30:00,11:30:00,26,APROBADA
28984481-0576-5011-b6be-df1ee90387db,ef815f08-b586-5f03-964a-a08004eaebf3,2025-01-24,15:30:00,17:00:00,25,APROBADA
df4d8229-ed6d-54a0-af6f-f2fe06d71375,e5da4cff-29aa-5f05-8532-70f093603e74,2024-12-06,13:00:00,14:00:00,31,APROBADA
95967b7b-5c5f-5b79-9267-569c5d3334eb,1a0b71d7-4721-5998-bd82-de26b25b5771,2025-02-24,10:30:00,13:30:00,40,APROBADA
d4cb4862-9a72-5582-89e8-9f947456bb69,0880d439-8834-59c1-bfce-e7f3da722b3f,2025-06-13,09:00:00,12:00:00,45,APROBADA
5dbb74de-8c57-59d2-8285-8cd4de828086,6c814918-8ba0-52cc-9377-6d60b7946f8b,2024-12-03,11:30:00,13:00:00,36,APROBADA
88002c02-cc55-5e00-8fe8-17fccc166157,b46607fb-d28f-5c06-a3a8-091cb9d995ec,2025-04-19,18:00:00,21:00:00,26,APROBADA
ec56f072-4109-5659-80d6-62d43a636751,7d424b25-0f98-5f10-b2a8-ed9ddcd33e7a,2024-10-06,14:30:00,16:30:00,32,APROBADA
14fd2c20-d10e-5205-a573-673694f3ac41,a22ee2bf-332c-5ac1-ae12-28ce7b0033a1,2024-12-07,09:00:00,12:00:00,32,APROBADA
63b7ba91-cada-5056-b868-4163b397a8f2,0880d439-8834-59c1-bfce-e7f3da722b3f,2024-12-19,16:30:00,19:30:00,32,APROBADA
4a2d59d5-4665-5e7f-8a47-4b1efe85f28d,10225e74-7c22-5384-8cdc-396a168ec651,2025-05-01,11:00:00,13:00:00,26,APROBADA
e47cdee5-f135-5fc0-8079-f7ac8d9870d3,ef815f08-b586-5f03-964a-a08004eaebf3,2024-07-21,10:30:00,12:00:00,28,APROBADA
5bd732ed-765f-5110-bbb2-57fcb686d3b3,a22ee2bf-332c-5ac1-ae12-28ce7b0033a1,2025-04-26,19:00:00,20:00:00,36,APROBADA
0dac15fa-5b81-54ff-a3cb-e0d2d4ee8272,8fd4b53b-1d49-5307-8a1a-e184999a4434,2025-03-25,09:00:00,12:00:00,26,APROBADA
fad724f1-d2c4-5fb3-b588-3b56aaabd4e7,7d424b25-0f98-5f10-b2a8-ed9ddcd33e7a,2024-11-24,19:00:00,20:00:00,27,APROBADA
af95cbc9-edec-5b4a-8159-14bbc265b621,7bcb3d0c-2500-5f01-abe8-d24e962af50e,2025-04-08,10:30:00,12:30:00,26,APROBADA
cbcd6a74-a57b-5ce4-a5f3-56e007a10cb8,b8969593-19a7-5a43-84c0-d52e63ac0cb4,2025-04-24,09:30:00,11:00:00,25,APROBADA
ca588f9f-c33a-5d61-819c-254718a3ea91,e5da4cff-29aa-5f05-8532-70f093603e74,2024-07-17,14:30:00,17:30:00,38,APROBADA
e9d13df9-42a1-5d6d-873f-1981709327a5,6d481120-dab0-50c8-8f1b-33cf911e9573,2024-10-16,14:30:00,17:30:00,30,APROBADA
3e10e1c6-e03a-5ca9-80a6-ae173067d50e,23c254ed-4635-5cec-baa9-656efa7fd130,2025-04-18,09:00:00,10:00:00,30,APROBADA
e22e2a2c-9fe9-5ad0-ae03-b3f5da69b231,1dee66e3-0076-5033-8ba0-70dd67e8aea0,2024-08-18,08:00:00,10:00:00,35,APROBADA
37214976-e73d-523e-9329-b781cfa84cd3,b46607fb-d28f-5c06-a3a8-091cb9d995ec,2024-08-07,12:00:00,13:30:00,40,APROBADA
383e8035-cff9-52dd-9e12-4400f5e27063,a22ee2bf-332c-5ac1-ae12-28ce7b0033a1,2024-12-13,19:00:00,22:00:00,28,APROBADA
b4c53bcb-e177-5097-a46e-70310cf5b38b,c1489a8f-1dff-511e-b025-5a10261901d7,2025-06-17,16:30:00,19:30:00,30,APROBADA
496f97f6-9070-563c-8863-98b13d8018ec,7d424b25-0f98-5f10-b2a8-ed9ddcd33e7a,2025-06-21,12:00:00,13:30:00,27,APROBADA
abc40321-1358-5d06-8d8c-e27cf768496d,2574a671-d58d-5db3-8c9f-2518d8a8d790,2025-05-05,14:30:00,16:00:00,30,APROBADA
c0f188a7-6813-577b-9a05-f5a626d9a579,1dee66e3-0076-5033-8ba0-70dd67e8aea0,2025-04-26,14:00:00,15:00:00,28,APROBADA
db7bf450-363f-5e76-8ed8-a41129a7b7c3,1a0b71d7-4721-5998-bd82-de26b25b5771,2024-07-10,17:00:00,18:30:00,30,APROBADA
815c56e5-f84f-5e45-aa06-9616ccc190db,6c814918-8ba0-52cc-9377-6d60b7946f8b,2024-09-09,14:30:00,16:30:00,30,APROBADA
9c257b16-21c8-55fd-b1fb-615fe4e592b4,eb4139b4-3715-5623-a990-d045271440a9,2024-11-19,12:00:00,13:30:00,29,APROBADA
ee0a28da-bd13-5759-83b9-aef123a0d831,1dee66e3-0076-5033-8ba0-70dd67e8aea0,2025-01-23,09:30:00,12:30:00,34,APROBADA
b6dbbd2c-d5f6-5f89-96af-baf667389fcf,dd609563-702d-543d-a49a-0ce27a83f234,2024-10-08,18:30:00,21:30:00,38,APROBADA
8dff4129-f06a-5c31-bbda-953ebf39177e,aad269e7-97f7-5e2d-9c43-cf84b49bd847,2024-11-26,13:30:00,16:30:00,27,APROBADA
820b97b3-1e43-510f-9a12-61ecbc7bfd08,6c814918-8ba0-52cc-9377-6d60b7946f8b,2025-05-04,14:30:00,16:00:00,31,APROBADA
ddde5336-04d1-519c-a428-c1bd085a28a5,d056b3a8-8204-507a-b6c1-1f1203a87651,2025-03-10,14:00:00,17:00:00,25,APROBADA
b5da5b7b-3031-5113-9d39-01a2292b6295,0880d439-8834-59c1-bfce-e7f3da722b3f,2025-03-29,09:30:00,12:30:00,25,APROBADA
1c1be293-9f25-5695-a8d4-9008521e1f36,4b4a10f4-36fa-5109-bc5d-14e24370c164,2024-08-14,07:30:00,08:30:00,31,APROBADA
838ff221-c831-5cb9-a483-01e0f78b0508,2574a671-d58d-5db3-8c9f-2518d8a8d790,2024-10-28,08:30:00,10:30:00,39,APROBADA
03782781-6acb-5c1c-8a00-75cde8a8cf4b,4b4a10f4-36fa-5109-bc5d-14e24370c164,2025-06-24,08:00:00,11:00:00,32,APROBADA
468803eb-cbdc-5e6a-b0a8-8760df6b1ee5,eb4139b4-3715-5623-a990-d045271440a9,2024-12-24,08:30:00,10:30:00,26,APROBADA
1762b9be-9782-596f-afc1-a0d6d428f177,6c814918-8ba0-52cc-9377-6d60b7946f8b,2024-09-03,08:30:00,09:30:00,28,APROBADA
e6d74ac8-534f-5032-b2ae-42e1b720bd0a,aad269e7-97f7-5e2d-9c43-cf84b49bd847,2025-04-12,18:00:00,19:30:00,28,APROBADA
bf178fe1-5a96-5973-8642-5c9a86c76b74,d056b3a8-8204-507a-b6c1-1f1203a87651,2025-04-28,16:30:00,17:30:00,29,APROBADA
f1e2e96a-690b-5d94-b46a-62d16bbc9cb9,45b00d8f-2f79-52ba-8b17-e7d6ee0b476f,2025-05-02,15:30:00,16:30:00,28,APROBADA
f620d96b-ebf8-56e6-9856-f8904d02a30e,23c254ed-4635-5cec-baa9-656efa7fd130,2024-08-06,15:00:00,18:00:00,31,APROBADA
47feea38-3378-5c5f-9dd7-f8025706189d,e5da4cff-29aa-5f05-8532-70f093603e74,2024-07-27,18:00:00,20:00:00,35,APROBADA
d2dd9b19-10c0-5a72-826a-9fa65b31b446,10225e74-7c22-5384-8cdc-396a168ec651,2025-05-15,17:00:00,18:30:00,34,APROBADA
edaef583-6000-5ba9-a2c1-6d23e303a4ee,ef815f08-b586-5f03-964a-a08004eaebf3,2024-09-25,11:00:00,14:00:00,29,APROBADA
9de16ff8-8ba5-582b-a965-a9df6bba6d29,0880d439-8834-59c1-bfce-e7f3da722b3f,2025-05-01,17:30:00,18:30:00,43,APROBADA
46351530-b783-58d2-97df-84ea55c057e5,706ea773-fd09-5587-a465-302616f9d571,2024-09-29,19:00:00,20:00:00,36,APROBADA
a0906679-6c86-519a-aacd-fd82fde5c7a7,1dee66e3-0076-5033-8ba0-70dd67e8aea0,2024-08-19,08:30:00,10:30:00,44,APROBADA
3185e686-8dbd-5739-9bd4-d3c285b4a112,a40fe9f0-87fa-5853-968f-5cedd5939e8a,2024-12-26,13:00:00,14:00:00,28,APROBADA
4559e829-0c93-536b-bb0e-4c75f2e0c81d,6d481120-dab0-50c8-8f1b-33cf911e9573,2025-01-01,13:30:00,14:30:00,25,APROBADA
15c84544-786b-52f8-9178-0c9ca9fe7fa8,23c254ed-4635-5cec-baa9-656efa7fd130,2025-06-26,11:00:00,12:00:00,32,APROBADA
cfb149a1-c81a-5a8e-becf-a6f936607a67,2574a671-d58d-5db3-8c9f-2518d8a8d790,2025-02-05,08:30:00,11:30:00,26,APROBADA
b1eb3f48-839f-5e0a-bd43-95850a4ca63e,e5da4cff-29aa-5f05-8532-70f093603e74,2025-03-21,13:00:00,15:00:00,40,APROBADA
cd915f0c-4cff-58ed-88a9-2f396e71bb99,e5da4cff-29aa-5f05-8532-70f093603e74,2025-03-12,11:30:00,12:30:00,25,APROBADA
a9e0676b-d21e-5362-85b9-2dd680eca450,f5e43a2a-032c-562e-837a-ff3c72abffb4,2025-02-05,17:00:00,20:00:00,26,APROBADA
d92ebf80-3355-52a3-ac20-ef8d146c4c7a,a22ee2bf-332c-5ac1-ae12-28ce7b0033a1,2024-10-23,14:30:00,15:30:00,25,APROBADA
70fd6742-3471-5560-9733-442579804501,eb4139b4-3715-5623-a990-d045271440a9,2025-05-03,18:00:00,19:00:00,31,APROBADA
de8480dd-e43f-5509-99ff-22bed170d8f2,23c254ed-4635-5cec-baa9-656efa7fd130,2025-05-20,09:30:00,12:30:00,30,APROBADA
1d875531-f8c6-50fb-8231-41ec3b750202,a40fe9f0-87fa-5853-968f-5cedd5939e8a,2025-01-13,13:00:00,14:00:00,27,APROBADA
dbbe7775-eb0d-5161-b4ec-d8d5b94a4136,a22ee2bf-332c-5ac1-ae12-28ce7b0033a1,2025-06-01,08:00:00,09:00:00,27,APROBADA
2eec5d00-162d-5c43-99b9-91b825d9b3bb,d056b3a8-8204-507a-b6c1-1f1203a87651,2024-10-04,14:00:00,16:00:00,26,APROBADA
9c382dd4-d838-536c-8cee-3b74f38bac07,05a1191e-b84b-597d-b970-b04889cc30ee,2025-06-10,14:30:00,17:30:00,31,APROBADA
0ba53b54-542f-5ef3-a9ba-381269cce8d9,b8969593-19a7-5a43-84c0-d52e63ac0cb4,2025-03-31,11:30:00,12:30:00,25,APROBADA
0e359577-945a-59b2-a55d-630908c80dcf,eb4139b4-3715-5623-a990-d045271440a9,2024-09-22,15:30:00,17:30:00,28,APROBADA
f170f61a-47e5-5206-958e-8a5039ee6713,b8969593-19a7-5a43-84c0-d52e63ac0cb4,2025-06-09,08:00:00,10:00:00,25,APROBADA
cc722fe9-8381-5ff1-a5dc-7614026fe6d5,706ea773-fd09-5587-a465-302616f9d571,2024-11-23,19:00:00,21:00:00,38,APROBADA
edd18df3-8e0c-5e36-8f88-23deb26570f5,45b00d8f-2f79-52ba-8b17-e7d6ee0b476f,2024-08-07,07:00:00,09:00:00,30,APROBADA
ffb77061-ba40-5b1e-bf6e-fb67a5d1a540,7bcb3d0c-2500-5f01-abe8-d24e962af50e,2024-07-23,11:00:00,14:00:00,32,APROBADA
3f3b501a-b01f-5e53-8e9d-d7cd8568c3f4,a22ee2bf-332c-5ac1-ae12-28ce7b0033a1,2025-01-09,13:00:00,15:00:00,36,APROBADA
93112596-d344-5302-b292-093772f9637d,706ea773-fd09-5587-a465-302616f9d571,2024-09-25,19:00:00,21:00:00,27,APROBADA
b5c7adcc-8a8c-54a8-ab8d-bf579130a30e,a22ee2bf-332c-5ac1-ae12-28ce7b0033a1,2024-09-18,15:00:00,18:00:00,27,APROBADA
6a14dee1-8934-515e-93d5-0c63d5e63bd0,e5da4cff-29aa-5f05-8532-70f093603e74,2024-08-05,11:00:00,13:00:00,32,APROBADA
9c241246-345a-5466-9b21-6ad97825363d,b46607fb-d28f-5c06-a3a8-091cb9d995ec,2025-01-29,14:30:00,15:30:00,39,APROBADA
dd0fb8d4-7830-5cb2-8a06-d79b9447d056,aad269e7-97f7-5e2d-9c43-cf84b49bd847,2025-03-19,14:00:00,17:00:00,27,APROBADA
6acb0751-975c-5ca1-b72d-a636432daef5,6d481120-dab0-50c8-8f1b-33cf911e9573,2024-09-23,18:00:00,19:00:00,35,APROBADA
1f9e87a0-ae68-551b-835f-55ba8e37cc64,da1fe6a7-058c-5ad3-a10e-f529804a44b5,2025-03-30,17:30:00,19:30:00,33,APROBADA
e2fc19ce-96b4-5612-be41-208983f11d94,da1fe6a7-058c-5ad3-a10e-f529804a44b5,2024-11-25,12:00:00,13:00:00,34,APROBADA
0bd8cd8f-c95f-515b-aed5-0f207f0d1d8c,10225e74-7c22-5384-8cdc-396a168ec651,2024-11-21,08:00:00,11:00:00,33,APROBADA
3e62ea39-eabf-5a9e-85d6-ac3a8e5ffe73,d76d770e-14c2-5fea-bf8b-28f95250e124,2025-05-09,18:00:00,21:00:00,26,APROBADA
26f8adc9-8f2f-5dd1-88e6-9869768650fe,1a0b71d7-4721-5998-bd82-de26b25b5771,2025-01-15,09:00:00,11:00:00,28,APROBADA
74179263-b6b2-51a5-ab8d-3551fdffefdb,6d481120-dab0-50c8-8f1b-33cf911e9573,2024-10-19,10:00:00,13:00:00,39,APROBADA
b6437d5f-925c-5e9d-a347-c7a54b6a2ebe,7d424b25-0f98-5f10-b2a8-ed9ddcd33e7a,2024-11-13,17:30:00,19:30:00,39,APROBADA
2c016c25-a259-50a5-9798-5e0fa7e4275d,ef815f08-b586-5f03-964a-a08004eaebf3,2025-01-14,07:00:00,08:00:00,30,APROBADA
81fc8a1b-dba3-5ad2-a4f1-889e874f9651,6c814918-8ba0-52cc-9377-6d60b7946f8b,2024-09-14,18:00:00,21:00:00,35,APROBADA
45f14c7a-8e2b-5553-a19d-f2a0615a6609,8fd4b53b-1d49-5307-8a1a-e184999a4434,2025-06-06,09:00:00,10:00:00,40,APROBADA
cf18006e-da13-5616-a505-089ecc61b620,dd609563-702d-543d-a49a-0ce27a83f234,2025-02-20,10:30:00,13:30:00,36,APROBADA
5207be86-1d23-5b63-a624-801369839f71,8fd4b53b-1d49-5307-8a1a-e184999a4434,2025-04-24,15:00:00,18:00:00,30,APROBADA
c0fb90b7-b6d1-55af-8e13-bdeffec7d6d5,6903b35b-c2a6-5770-98e5-743c2bc06b45,2024-08-13,14:00:00,15:30:00,26,APROBADA
74a2d063-df60-5992-be1f-6661b9cb4876,c1489a8f-1dff-511e-b025-5a10261901d7,2025-06-04,14:00:00,15:30:00,28,APROBADA
04192845-1e60-57dc-9249-cd8899309226,6d481120-dab0-50c8-8f1b-33cf911e9573,2025-06-16,12:00:00,14:00:00,29,APROBADA
2d943779-e4eb-5994-a9ca-27f286a9e289,8fd4b53b-1d49-5307-8a1a-e184999a4434,2025-05-21,15:30:00,18:30:00,39,APROBADA
ce77f25d-ee9d-5ee4-bf9b-ec6b7eb2c8a8,4b4a10f4-36fa-5109-bc5d-14e24370c164,2025-06-30,11:30:00,13:30:00,31,APROBADA
753e15cf-048f-53d0-a991-d2e43e40abac,05a1191e-b84b-597d-b970-b04889cc30ee,2025-06-29,09:00:00,12:00:00,30,APROBADA
751f18f8-ec96-5221-aafd-c07bf9f9064d,a40fe9f0-87fa-5853-968f-5cedd5939e8a,2025-03-14,17:00:00,20:00:00,26,APROBADA
90d94f9f-8524-5ffe-98f8-72d7794ac832,05a1191e-b84b-597d-b970-b04889cc30ee,2025-05-29,12:30:00,15:30:00,26,APROBADA
d74d5bd5-897f-5e05-8ffc-6eba935b9aa1,706ea773-fd09-5587-a465-302616f9d571,2024-11-07,17:30:00,18:30:00,36,APROBADA
9ca49c82-341d-5670-917f-eb9c88e98b3a,aad269e7-97f7-5e2d-9c43-cf84b49bd847,2025-03-31,18:30:00,20:30:00,29,APROBADA
f56300ca-7125-5ee2-8104-607e2655a0de,1dee66e3-0076-5033-8ba0-70dd67e8aea0,2024-09-02,17:00:00,18:30:00,35,APROBADA
ca32ea80-0718-5c46-8eb5-1d0c675e8137,d76d770e-14c2-5fea-bf8b-28f95250e124,2025-02-27,19:00:00,21:00:00,38,APROBADA
0e083df7-3773-5786-9640-fe25f660ab8d,23c254ed-4635-5cec-baa9-656efa7fd130,2025-02-13,13:00:00,15:00:00,32,APROBADA
a8232caa-5597-5d62-8e62-ed65061b7e9d,6903b35b-c2a6-5770-98e5-743c2bc06b45,2025-03-23,10:00:00,11:30:00,35,APROBADA
e89207b2-5e2f-5ab5-a20d-c50456fe0ce5,c1489a8f-1dff-511e-b025-5a10261901d7,2025-05-07,14:30:00,15:30:00,31,APROBADA
d4a6bea5-ed3e-5881-8569-bdeb1146396c,0880d439-8834-59c1-bfce-e7f3da722b3f,2024-11-06,16:00:00,17:30:00,42,APROBADA
0c10b2b0-43c2-54b0-ac66-377d04b4a7ce,4b4a10f4-36fa-5109-bc5d-14e24370c164,2024-11-22,14:00:00,16:00:00,32,APROBADA
5c9bea6b-3cb3-529b-89c3-f30471191d42,6c814918-8ba0-52cc-9377-6d60b7946f8b,2025-06-14,14:00:00,17:00:00,31,APROBADA
a1d5d0ff-eea6-50a2-8cfd-45a7c0d6a261,d7ce39c6-be5b-537a-ae81-d449a1710ff2,2024-07-25,17:00:00,18:30:00,42,APROBADA
2768629e-84fe-50f0-8c9a-83b5ee2936ee,6903b35b-c2a6-5770-98e5-743c2bc06b45,2024-12-25,10:00:00,13:00:00,36,APROBADA
d64b6d83-3324-50c7-adae-ca69af22f224,b46607fb-d28f-5c06-a3a8-091cb9d995ec,2025-01-08,07:30:00,09:30:00,31,APROBADA
9fe61e02-6c37-5095-a9e5-60e7e0b3ef8b,2574a671-d58d-5db3-8c9f-2518d8a8d790,2024-10-25,09:00:00,12:00:00,34,APROBADA
62983207-ee39-5dbd-8e63-a2f27688cc25,45b00d8f-2f79-52ba-8b17-e7d6ee0b476f,2024-09-06,10:30:00,12:00:00,35,APROBADA
a2aec566-ae7c-520f-97c9-3fbdbca19b02,6d481120-dab0-50c8-8f1b-33cf911e9573,2025-06-27,15:00:00,18:00:00,32,APROBADA
268c2b93-d231-5155-bb94-9fa569fe1722,1dee66e3-0076-5033-8ba0-70dd67e8aea0,2025-05-28,19:00:00,22:00:00,41,APROBADA
4c00648b-529b-5612-8e42-a47d1110ee2b,7d424b25-0f98-5f10-b2a8-ed9ddcd33e7a,2024-09-11,18:30:00,21:30:00,29,APROBADA
7e2cd105-5cb6-5a48-984b-0b17afb34041,706ea773-fd09-5587-a465-302616f9d571,2025-05-19,17:30:00,20:30:00,38,APROBADA
91f94819-a0d3-5b9e-996a-f85c64a5118e,da1fe6a7-058c-5ad3-a10e-f529804a44b5,2024-09-12,10:30:00,12:00:00,35,APROBADA
d70d423c-2ae2-59e9-bb0f-dc8daf835205,10225e74-7c22-5384-8cdc-396a168ec651,2024-08-09,16:30:00,19:30:00,29,APROBADA
f0599423-c743-5c96-94e6-b764c21ec370,a22ee2bf-332c-5ac1-ae12-28ce7b0033a1,2025-03-05,12:30:00,14:00:00,25,APROBADA
123ebe5e-0912-5616-83c7-0340b99bfa44,7bcb3d0c-2500-5f01-abe8-d24e962af50e,2025-02-11,14:30:00,15:30:00,30,APROBADA
2bbf3745-f6fb-5e49-b0cd-ed678182f156,d7ce39c6-be5b-537a-ae81-d449a1710ff2,2025-01-17,08:00:00,09:30:00,27,APROBADA
499eb7cf-1bc8-5bb1-82c0-6d7e0c92b3c4,f5e43a2a-032c-562e-837a-ff3c72abffb4,2024-11-29,18:00:00,20:00:00,28,APROBADA
cf37efaf-713b-5567-9680-91041888e2f6,ef815f08-b586-5f03-964a-a08004eaebf3,2024-12-08,16:30:00,19:30:00,35,APROBADA
4b3eb3e4-2719-5e5f-a4bc-92651c9af24c,6c814918-8ba0-52cc-9377-6d60b7946f8b,2024-11-20,08:00:00,09:00:00,37,APROBADA
6ffba3c2-7a93-58e5-b93a-338bc3257f9b,0880d439-8834-59c1-bfce-e7f3da722b3f,2025-01-18,07:30:00,09:00:00,45,APROBADA
f6f9d8c3-6c02-513a-b9e9-4de220b767b2,2574a671-d58d-5db3-8c9f-2518d8a8d790,2025-06-24,18:00:00,19:30:00,39,APROBADA
c09c7834-7de3-5726-8c07-d005416fd406,e5da4cff-29aa-5f05-8532-70f093603e74,2024-10-01,09:00:00,10:30:00,31,APROBADA
e1f9cd4d-efe3-5e88-b23c-630b4926e662,a22ee2bf-332c-5ac1-ae12-28ce7b0033a1,2025-03-12,16:00:00,19:00:00,30,APROBADA
f916c28b-c735-54e4-8649-4de99150d26c,1dee66e3-0076-5033-8ba0-70dd67e8aea0,2025-05-25,07:00:00,08:00:00,30,APROBADA
ff611eb9-5210-5cb0-9314-8af22d5228d3,6d481120-dab0-50c8-8f1b-33cf911e9573,2025-06-22,11:00:00,13:00:00,36,APROBADA
9350f2a8-2b3c-523f-a582-446291dc3f10,dd609563-702d-543d-a49a-0ce27a83f234,2025-05-03,10:00:00,11:00:00,40,APROBADA
51fb0bae-6701-5f5b-8b8c-5433c04e7579,a40fe9f0-87fa-5853-968f-5cedd5939e8a,2025-02-01,18:00:00,19:30:00,30,APROBADA
3dc87abe-33c8-5f36-af7e-e5168be10653,6d481120-dab0-50c8-8f1b-33cf911e9573,2025-01-03,17:00:00,18:00:00,42,APROBADA
2117511b-0827-5fac-9726-11ec00482ba2,b46607fb-d28f-5c06-a3a8-091cb9d995ec,2025-01-06,13:30:00,15:00:00,30,APROBADA
6da789d9-3c0e-58bb-b63a-c6847162a753,d7ce39c6-be5b-537a-ae81-d449a1710ff2,2025-06-23,17:00:00,18:00:00,35,APROBADA
4760786c-3d29-5833-82be-e1908acc17e8,eb4139b4-3715-5623-a990-d045271440a9,2024-10-01,13:30:00,14:30:00,28,APROBADA
01252e98-6cd2-5a61-9a8d-1f604eea44fb,6c814918-8ba0-52cc-9377-6d60b7946f8b,2024-12-23,12:30:00,14:00:00,35,APROBADA
807975d8-8cfa-5049-bc54-94ac61d5156a,2574a671-d58d-5db3-8c9f-2518d8a8d790,2024-10-02,11:30:00,13:30:00,34,APROBADA
875658df-fd10-5e71-80f7-073cc1f93884,d7ce39c6-be5b-537a-ae81-d449a1710ff2,2025-03-21,16:00:00,17:00:00,36,APROBADA
81bafe20-fa74-5e21-8226-1a602b1f71ce,f5e43a2a-032c-562e-837a-ff3c72abffb4,2025-01-28,17:30:00,20:30:00,26,APROBADA
364d4a76-628f-508d-a6cb-b21664b27357,1a0b71d7-4721-5998-bd82-de26b25b5771,2025-04-17,17:00:00,19:00:00,34,APROBADA
4235b549-e61b-5e4d-b46e-56d08fa2bf1b,ef815f08-b586-5f03-964a-a08004eaebf3,2025-01-02,07:00:00,10:00:00,26,APROBADA
9c6bfe17-adc7-5852-8b00-540d65b9f806,6903b35b-c2a6-5770-98e5-743c2bc06b45,2024-12-09,08:00:00,09:30:00,32,APROBADA
a499f666-9eff-5732-b3f9-a2a952a1cb21,7d424b25-0f98-5f10-b2a8-ed9ddcd33e7a,2025-05-27,16:30:00,17:30:00,31,APROBADA
fe526652-bec2-5df2-84c8-4938c074520e,dd609563-702d-543d-a49a-0ce27a83f234,2025-03-27,18:30:00,20:30:00,28,APROBADA
d66ca7ab-b9e7-5d62-a932-0519575dc4da,d76d770e-14c2-5fea-bf8b-28f95250e124,2024-08-17,18:00:00,19:00:00,28,APROBADA
30e52441-cac3-5941-bc66-a3452b7114c0,a40fe9f0-87fa-5853-968f-5cedd5939e8a,2024-11-20,13:30:00,15:00:00,29,APROBADA
f47a1ca6-0324-58eb-83be-13d3917756e6,6d481120-dab0-50c8-8f1b-33cf911e9573,2024-08-28,07:30:00,10:30:00,41,APROBADA
03db07e1-f9e5-5d17-95d9-8f1f0416328a,d7ce39c6-be5b-537a-ae81-d449a1710ff2,2024-11-04,15:30:00,17:30:00,40,APROBADA
7d737f92-245b-5268-83f2-8cfe566f5421,6903b35b-c2a6-5770-98e5-743c2bc06b45,2024-11-01,07:00:00,08:00:00,35,APROBADA
dbb27bc8-e008-575a-9630-df5a18339457,7d424b25-0f98-5f10-b2a8-ed9ddcd33e7a,2025-06-03,18:30:00,20:00:00,36,APROBADA
ea8fd525-e708-5e6e-8dc3-56825948b750,dd609563-702d-543d-a49a-0ce27a83f234,2024-09-07,14:00:00,15:30:00,28,APROBADA
c647faf6-045c-5dfc-9549-186dd9dfe1da,23c254ed-4635-5cec-baa9-656efa7fd130,2025-02-17,14:30:00,17:30:00,28,APROBADA
4caae211-2276-5eaa-9255-717121b9e0e2,2574a671-d58d-5db3-8c9f-2518d8a8d790,2024-07-10,15:00:00,16:00:00,38,APROBADA
2e449946-b018-5262-8ae8-1f19ae56f8ac,45b00d8f-2f79-52ba-8b17-e7d6ee0b476f,2024-09-28,15:30:00,18:30:00,33,APROBADA
0e9d69e8-120a-5b09-981d-db12ceee6aef,8fd4b53b-1d49-5307-8a1a-e184999a4434,2025-03-02,14:30:00,15:30:00,26,APROBADA
b53d71f1-196a-5569-9011-1d89cb0afdbb,45b00d8f-2f79-52ba-8b17-e7d6ee0b476f,2025-05-26,07:30:00,09:30:00,34,APROBADA
068bfada-14d2-59f2-af3d-5af57a7a46c7,d76d770e-14c2-5fea-bf8b-28f95250e124,2024-11-10,11:00:00,12:30:00,31,APROBADA
9aaf2ae9-3060-5070-ba7b-a359e395eb36,0880d439-8834-59c1-bfce-e7f3da722b3f,2024-10-27,14:30:00,16:30:00,44,APROBADA
5c29fe20-118a-5361-8fc6-0137b4cf3259,6d481120-dab0-50c8-8f1b-33cf911e9573,2024-07-08,09:30:00,11:30:00,39,APROBADA
e218a939-66b3-59f7-92f6-ab1c861bb856,05a1191e-b84b-597d-b970-b04889cc30ee,2025-04-13,14:00:00,15:00:00,28,APROBADA
6af7d2a0-0795-5457-bac7-3ce87366cd16,4b4a10f4-36fa-5109-bc5d-14e24370c164,2025-03-22,15:30:00,17:30:00,30,APROBADA
22307b5c-caaf-53da-9db5-04ca0eccd0df,8fd4b53b-1d49-5307-8a1a-e184999a4434,2025-03-01,07:00:00,09:00:00,40,APROBADA
975bd881-677b-5a0e-9b63-7a1483325bd6,ef815f08-b586-5f03-964a-a08004eaebf3,2024-10-04,09:30:00,12:30:00,35,APROBADA
ffc4313c-04f8-5ccd-ac66-d281c4f7e109,da1fe6a7-058c-5ad3-a10e-f529804a44b5,2024-07-08,08:30:00,11:30:00,33,APROBADA
5d834c3f-9c2a-536a-82b9-173a860ac9f5,706ea773-fd09-5587-a465-302616f9d571,2024-12-03,08:00:00,09:00:00,27,APROBADA
35cc7170-d4ea-5104-8467-a14c02d7687a,7bcb3d0c-2500-5f01-abe8-d24e962af50e,2025-02-12,15:30:00,16:30:00,30,APROBADA
e0e89bc5-73e5-534a-8b6e-f5d60baa818c,6d481120-dab0-50c8-8f1b-33cf911e9573,2024-08-27,16:30:00,18:00:00,25,APROBADA
c13af19f-dcc2-50d9-912b-d697168c7d45,0880d439-8834-59c1-bfce-e7f3da722b3f,2025-06-04,15:00:00,18:00:00,41,APROBADA
56d16add-be14-574d-9d95-6382a23b7f2d,6d481120-dab0-50c8-8f1b-33cf911e9573,2025-03-01,11:00:00,14:00:00,39,APROBADA
c3309c74-ea1f-52c7-a168-1bb8d0425438,2574a671-d58d-5db3-8c9f-2518d8a8d790,2025-05-29,14:00:00,15:00:00,36,APROBADA
b3c7d505-b259-5fbb-add6-d6630aab3eda,d7ce39c6-be5b-537a-ae81-d449a1710ff2,2024-10-28,18:30:00,20:00:00,41,APROBADA
40c05d84-12e3-5770-8b76-7b47605fa845,6d481120-dab0-50c8-8f1b-33cf911e9573,2025-05-06,14:00:00,17:00:00,32,APROBADA
b439c5cb-49eb-51d1-9a86-26b77ebabe11,4b4a10f4-36fa-5109-bc5d-14e24370c164,2025-06-09,14:00:00,15:00:00,31,APROBADA
78d4f4ba-333e-5efd-a8f6-e51e17d041e1,1a0b71d7-4721-5998-bd82-de26b25b5771,2025-03-14,16:00:00,17:30:00,28,APROBADA
02f1ee92-4e3a-5307-93fb-6f347ab23edf,10225e74-7c22-5384-8cdc-396a168ec651,2025-06-25,07:30:00,09:00:00,33,APROBADA
3e4490a0-79e5-5b90-8984-c07a2a8fe9af,1dee66e3-0076-5033-8ba0-70dd67e8aea0,2025-01-30,07:30:00,09:00:00,38,APROBADA
076fd6f6-5695-52b5-9367-f530d2b78783,6d481120-dab0-50c8-8f1b-33cf911e9573,2025-04-28,13:00:00,14:30:00,35,APROBADA
969ca9f0-6744-5e6c-8ef9-e5fa3c6d45db,05a1191e-b84b-597d-b970-b04889cc30ee,2024-12-21,14:00:00,15:30:00,30,APROBADA
1f6448c4-f8ff-502b-bc06-0b778562e2fd,a40fe9f0-87fa-5853-968f-5cedd5939e8a,2024-10-08,07:30:00,10:30:00,31,APROBADA
5dea0c02-c851-5502-9eed-4d46034e13b3,23c254ed-4635-5cec-baa9-656efa7fd130,2025-03-01,13:00:00,14:00:00,27,APROBADA
d6842d0c-91c2-5304-8035-c1a3edbdf800,2574a671-d58d-5db3-8c9f-2518d8a8d790,2024-10-18,11:30:00,12:30:00,28,APROBADA
9033ba92-a387-523e-920c-56609fd24112,d7ce39c6-be5b-537a-ae81-d449a1710ff2,2025-01-02,16:30:00,18:00:00,32,APROBADA
21afda41-4dc5-5910-a307-720525748b04,1a0b71d7-4721-5998-bd82-de26b25b5771,2024-07-02,11:00:00,13:00:00,27,APROBADA
77d96219-f716-5c8d-bac4-ffc423734960,d76d770e-14c2-5fea-bf8b-28f95250e124,2025-06-16,11:00:00,12:00:00,39,APROBADA
92f0e169-051a-5d78-aafd-3f06307000c3,da1fe6a7-058c-5ad3-a10e-f529804a44b5,2025-03-11,12:00:00,14:00:00,31,APROBADA
838a4206-4bbe-5486-aaf1-53868488b762,6903b35b-c2a6-5770-98e5-743c2bc06b45,2024-12-11,10:00:00,12:00:00,33,APROBADA
50e501a6-4d97-51ac-8499-1d0f883f364e,706ea773-fd09-5587-a465-302616f9d571,2025-05-04,16:00:00,17:00:00,25,APROBADA
d8bb35f3-b7d1-5afd-ae96-13b8114c6691,1a0b71d7-4721-5998-bd82-de26b25b5771,2024-10-10,10:00:00,12:00:00,36,APROBADA
b20e0a0c-f324-596e-bdea-1111e075327f,706ea773-fd09-5587-a465-302616f9d571,2024-09-20,10:30:00,11:30:00,37,APROBADA
3c03dcf9-4f74-5463-af48-efe2a3e1b840,dd609563-702d-543d-a49a-0ce27a83f234,2024-12-10,12:30:00,15:30:00,40,APROBADA
d652ecaf-c0c0-552b-93ec-5c125d5b81b7,e5da4cff-29aa-5f05-8532-70f093603e74,2025-04-16,19:00:00,22:00:00,36,APROBADA
44f4ccbe-2d3a-5006-b282-3eacdef8230e,7d424b25-0f98-5f10-b2a8-ed9ddcd33e7a,2024-10-27,15:00:00,16:30:00,32,APROBADA
9500c46f-67ad-5485-9c35-e9e8e1a78812,b8969593-19a7-5a43-84c0-d52e63ac0cb4,2025-04-03,08:30:00,10:00:00,29,APROBADA
21701bb5-acc8-5ca7-8f2e-a4ac0f14275e,45b00d8f-2f79-52ba-8b17-e7d6ee0b476f,2025-02-25,08:00:00,09:00:00,25,APROBADA
e70a4300-5d45-59cf-928b-120d79da0a7b,b8969593-19a7-5a43-84c0-d52e63ac0cb4,2024-07-13,11:30:00,13:00:00,28,APROBADA
9577877b-d900-5c51-a55f-91a266077f29,1a0b71d7-4721-5998-bd82-de26b25b5771,2024-09-21,10:30:00,12:00:00,44,APROBADA
02cdf4ef-b243-5885-9b16-0f9928ff04ec,1dee66e3-0076-5033-8ba0-70dd67e8aea0,2024-11-08,11:30:00,14:30:00,44,APROBADA
7774ba8c-591e-5672-9edf-848f9deb61c4,dd609563-702d-543d-a49a-0ce27a83f234,2025-05-27,17:30:00,20:30:00,26,APROBADA
d2184b71-e06b-5f43-9816-3ac4d6e339fa,1dee66e3-0076-5033-8ba0-70dd67e8aea0,2025-05-04,19:00:00,22:00:00,44,APROBADA
9d8b819c-a55b-5e6e-9bbe-1ed1c2a416dc,d76d770e-14c2-5fea-bf8b-28f95250e124,2024-07-01,17:30:00,19:30:00,33,APROBADA
12289fc5-d647-5d34-9bf7-33054b3211cc,0880d439-8834-59c1-bfce-e7f3da722b3f,2025-02-20,13:00:00,14:00:00,45,APROBADA
5862934a-62af-594c-8cc7-4a9423746638,d76d770e-14c2-5fea-bf8b-28f95250e124,2025-02-11,07:30:00,09:30:00,32,APROBADA
afe2c4c9-fbb3-519c-9ea8-7cc53c50d29d,0880d439-8834-59c1-bfce-e7f3da722b3f,2025-05-11,08:30:00,11:30:00,37,APROBADA
a50c0173-e489-52d2-a54a-19675635c99e,05a1191e-b84b-597d-b970-b04889cc30ee,2025-03-10,19:00:00,22:00:00,34,APROBADA
495ca2e1-e9c0-54a7-9dbf-7078f934f6ec,a22ee2bf-332c-5ac1-ae12-28ce7b0033a1,2025-05-24,13:30:00,14:30:00,26,APROBADA
32def5b4-5a5d-5307-af86-c8dafa25cb5c,706ea773-fd09-5587-a465-302616f9d571,2025-06-16,10:00:00,11:00:00,39,APROBADA
c3d1464d-83ea-52dd-aee8-9f8b0eef100d,eb4139b4-3715-5623-a990-d045271440a9,2025-03-07,12:00:00,15:00:00,30,APROBADA
ee199667-b885-55d2-bfba-15a9b624f422,6c814918-8ba0-52cc-9377-6d60b7946f8b,2025-06-10,12:00:00,13:30:00,29,APROBADA
29fa5b91-b4f8-5971-bdf9-cbdb9b823187,b8969593-19a7-5a43-84c0-d52e63ac0cb4,2024-12-14,16:30:00,17:30:00,26,APROBADA
d72a7931-1e5b-5039-b90b-34d5520ef1a3,a22ee2bf-332c-5ac1-ae12-28ce7b0033a1,2024-12-27,13:00:00,14:00:00,32,APROBADA
6ccd32d5-fd7e-5cf0-8e34-607dd10878fe,7d424b25-0f98-5f10-b2a8-ed9ddcd33e7a,2024-08-16,10:30:00,11:30:00,40,APROBADA
1b24b90b-e6f5-5bb2-8ba2-51af1a6984ef,6d481120-dab0-50c8-8f1b-33cf911e9573,2024-11-14,17:00:00,18:30:00,34,APROBADA
7a2314fd-7e8d-5798-b92e-a80fb236f39f,1a0b71d7-4721-5998-bd82-de26b25b5771,2025-03-12,19:00:00,22:00:00,30,APROBADA
45987245-414a-595b-9e93-83a2d110a507,6903b35b-c2a6-5770-98e5-743c2bc06b45,2025-01-18,13:00:00,16:00:00,28,APROBADA
4f7a5aff-e461-5a7d-b22c-24f7fee9e330,10225e74-7c22-5384-8cdc-396a168ec651,2025-05-02,12:00:00,15:00:00,33,APROBADA
c20195fe-f288-580d-9780-16c72db27121,8fd4b53b-1d49-5307-8a1a-e184999a4434,2025-05-10,10:00:00,12:00:00,39,APROBADA
c10ee328-47a0-5f68-9835-baddd8e5e7f9,10225e74-7c22-5384-8cdc-396a168ec651,2024-10-04,10:30:00,13:30:00,29,APROBADA
10bee1f1-080a-5c90-8fb8-45d68616dc6c,7d424b25-0f98-5f10-b2a8-ed9ddcd33e7a,2024-09-06,08:00:00,09:30:00,33,APROBADA
9bca6279-8af0-5631-8a62-41d10f6d64b4,05a1191e-b84b-597d-b970-b04889cc30ee,2025-05-25,17:30:00,19:30:00,27,APROBADA
5d7133e3-2260-50d8-8b65-86c4a4d0f0fc,e5da4cff-29aa-5f05-8532-70f093603e74,2025-02-27,12:30:00,13:30:00,28,APROBADA
8f165a8e-9a46-5513-9015-5dd1691d7354,706ea773-fd09-5587-a465-302616f9d571,2024-11-14,08:00:00,11:00:00,28,APROBADA
ac2b0644-bab4-5da6-8051-c2ddd9d2b995,dd609563-702d-543d-a49a-0ce27a83f234,2025-03-18,10:30:00,13:30:00,28,APROBADA
35954ab9-07a5-5edd-a38b-2b6292d5d556,8fd4b53b-1d49-5307-8a1a-e184999a4434,2024-09-08,07:30:00,09:30:00,39,APROBADA
e01064cf-aa94-547c-8fef-387803f8a8f0,7d424b25-0f98-5f10-b2a8-ed9ddcd33e7a,2024-10-24,10:30:00,12:00:00,26,APROBADA
bb6b7df3-9560-5095-b663-8a82405d4a50,0880d439-8834-59c1-bfce-e7f3da722b3f,2025-04-29,16:00:00,17:00:00,40,APROBADA
ddbec3e0-06e5-51dd-be26-6cc6d9e4802b,e5da4cff-29aa-5f05-8532-70f093603e74,2025-01-15,10:30:00,13:30:00,26,APROBADA
6ccb452e-cd60-5974-978b-7abfd0ee2e64,dd609563-702d-543d-a49a-0ce27a83f234,2025-06-04,18:30:00,21:30:00,40,APROBADA
d94888ad-e662-5c32-9b67-c60839e60cca,c1489a8f-1dff-511e-b025-5a10261901d7,2025-03-19,15:00:00,16:00:00,32,APROBADA
a8cdb6eb-6e94-519e-8c5b-abd4dc57605b,da1fe6a7-058c-5ad3-a10e-f529804a44b5,2024-10-09,14:30:00,16:30:00,28,APROBADA
215d246c-bd71-5538-828d-c463c0c3690b,f5e43a2a-032c-562e-837a-ff3c72abffb4,2024-09-21,10:30:00,11:30:00,30,APROBADA
8c85f580-95ac-5184-ac2b-a1a8fa1de6f3,2574a671-d58d-5db3-8c9f-2518d8a8d790,2025-06-10,10:30:00,13:30:00,32,APROBADA
2215bf54-26db-5081-b3f0-9700df2975c9,da1fe6a7-058c-5ad3-a10e-f529804a44b5,2024-10-12,19:00:00,20:00:00,29,APROBADA
d55720dc-b091-5bdb-9dbb-015d48d7eb42,05a1191e-b84b-597d-b970-b04889cc30ee,2025-06-29,08:00:00,11:00:00,31,APROBADA
0b075705-a711-58de-8e6b-cf5989378018,0880d439-8834-59c1-bfce-e7f3da722b3f,2024-12-05,09:30:00,11:00:00,42,APROBADA
8e9c826e-4a53-54a1-a8ad-7bfbd5627ba6,1dee66e3-0076-5033-8ba0-70dd67e8aea0,2025-06-18,17:00:00,20:00:00,40,APROBADA
84e0b2a7-a9cc-59ee-87c2-3817e7cd51a7,d7ce39c6-be5b-537a-ae81-d449a1710ff2,2025-04-12,13:00:00,14:30:00,26,APROBADA
b53d11a0-e1a9-56c4-875d-77719a34e242,4b4a10f4-36fa-5109-bc5d-14e24370c164,2025-05-24,13:00:00,14:30:00,26,APROBADA
a4a0af28-434f-59e0-a674-5f3acd070e60,d76d770e-14c2-5fea-bf8b-28f95250e124,2024-09-22,12:00:00,15:00:00,32,APROBADA
b153a44b-0f0c-566c-b61b-38b5cf0ec46a,c1489a8f-1dff-511e-b025-5a10261901d7,2025-06-13,19:00:00,21:00:00,29,APROBADA
c47e7df7-d1e8-56fa-844c-9384a68f83e5,c1489a8f-1dff-511e-b025-5a10261901d7,2024-07-02,17:00:00,18:00:00,30,APROBADA
35164116-6475-5623-bd23-80768b953fc7,1a0b71d7-4721-5998-bd82-de26b25b5771,2024-11-18,13:30:00,15:30:00,30,APROBADA
73d550c2-c72d-59f3-9b83-a7d2368e189f,1a0b71d7-4721-5998-bd82-de26b25b5771,2024-10-28,16:00:00,18:00:00,33,APROBADA
71f8a55b-eb6b-5752-9875-cdf1acd3a41d,706ea773-fd09-5587-a465-302616f9d571,2025-06-22,12:30:00,15:30:00,38,APROBADA
6f378381-2f2b-5a61-b363-0f98ab5bfee9,ef815f08-b586-5f03-964a-a08004eaebf3,2024-09-22,14:30:00,17:30:00,30,APROBADA
71af6d50-7697-5797-b9c0-6f28e2069a33,7bcb3d0c-2500-5f01-abe8-d24e962af50e,2025-03-14,11:30:00,14:30:00,31,APROBADA
31511a46-ff09-588b-9f49-4350fd5dc53f,4b4a10f4-36fa-5109-bc5d-14e24370c164,2025-02-07,11:30:00,13:30:00,29,APROBADA
48f2cae1-0584-5fba-9b88-72f34b625c24,a40fe9f0-87fa-5853-968f-5cedd5939e8a,2025-06-03,15:00:00,18:00:00,30,APROBADA
c04ec9ab-081b-5f9e-8985-f8c8b2bbd22d,d056b3a8-8204-507a-b6c1-1f1203a87651,2025-01-16,12:30:00,14:00:00,27,APROBADA
92226a0d-95fa-5aa7-9e86-a283a1f27ebd,45b00d8f-2f79-52ba-8b17-e7d6ee0b476f,2025-06-21,18:30:00,19:30:00,32,APROBADA
fcb6a795-cc41-59a6-9988-f347be4da1e1,4b4a10f4-36fa-5109-bc5d-14e24370c164,2024-10-12,16:30:00,19:30:00,26,APROBADA
e916454e-32f8-5306-b4e4-0574424c085e,706ea773-fd09-5587-a465-302616f9d571,2024-07-24,13:30:00,15:00:00,38,APROBADA
0750d2f0-a42a-520f-9109-8fd9133186ba,10225e74-7c22-5384-8cdc-396a168ec651,2024-11-08,09:30:00,11:00:00,25,APROBADA
96dbe0fa-7c4b-5987-a6c4-72259a38ba91,6903b35b-c2a6-5770-98e5-743c2bc06b45,2025-01-24,16:30:00,18:30:00,35,APROBADA
b9cd4d02-e84f-5fe5-97b1-367536527383,a40fe9f0-87fa-5853-968f-5cedd5939e8a,2024-08-05,16:30:00,18:30:00,27,APROBADA
b2a462a8-9413-5ba9-917d-bfcb24c83e3a,c1489a8f-1dff-511e-b025-5a10261901d7,2025-05-03,11:30:00,14:30:00,28,APROBADA
0a6fe393-7682-564e-b5d9-9e4cd9b30f8a,b46607fb-d28f-5c06-a3a8-091cb9d995ec,2025-06-28,19:00:00,22:00:00,38,APROBADA
9cd99d83-f083-54ad-a669-28b34afbf11f,23c254ed-4635-5cec-baa9-656efa7fd130,2024-07-09,08:30:00,09:30:00,29,APROBADA
e296fe37-831e-5dc0-bcdc-5f5c9bd57552,0880d439-8834-59c1-bfce-e7f3da722b3f,2024-10-13,09:30:00,10:30:00,28,APROBADA
3202eac2-13dc-5ead-9a7a-71c281882948,d76d770e-14c2-5fea-bf8b-28f95250e124,2024-09-13,11:00:00,13:00:00,28,APROBADA
11f2cdca-7e17-54ad-8772-292f940830e1,8fd4b53b-1d49-5307-8a1a-e184999a4434,2024-11-08,07:00:00,09:00:00,32,APROBADA
3625ee0a-97e2-53a0-adb2-8411831ca59b,da1fe6a7-058c-5ad3-a10e-f529804a44b5,2024-09-24,16:00:00,18:00:00,27,APROBADA
81df2a90-0c24-551b-a953-11e22bc80f23,10225e74-7c22-5384-8cdc-396a168ec651,2025-04-01,12:30:00,14:00:00,32,APROBADA
a48fad73-7e71-58a8-9559-163dfb764c54,706ea773-fd09-5587-a465-302616f9d571,2024-08-24,14:30:00,15:30:00,31,APROBADA
cc3455ae-d0ed-53fc-852a-31117be23bab,d76d770e-14c2-5fea-bf8b-28f95250e124,2024-12-08,16:30:00,17:30:00,30,APROBADA
08b1d9a2-7fc4-52a3-8c79-e094d1be52c8,2574a671-d58d-5db3-8c9f-2518d8a8d790,2024-10-31,15:30:00,16:30:00,27,APROBADA
be2a51ff-7bc0-5b54-8aa5-954b814b1c14,dd609563-702d-543d-a49a-0ce27a83f234,2025-01-28,16:30:00,19:30:00,33,APROBADA
7b4a290f-d899-5b31-b866-02dbb6416535,45b00d8f-2f79-52ba-8b17-e7d6ee0b476f,2025-04-10,13:30:00,16:30:00,29,APROBADA
a18056a0-5c1b-5346-9227-7f687cd9c3a7,f5e43a2a-032c-562e-837a-ff3c72abffb4,2024-09-16,09:00:00,12:00:00,29,APROBADA
033955af-ebfe-5cc2-8440-e1d2ee69d4ab,45b00d8f-2f79-52ba-8b17-e7d6ee0b476f,2024-12-04,11:30:00,13:30:00,34,APROBADA
75acedaa-67ba-581a-b53d-bae3e297f310,eb4139b4-3715-5623-a990-d045271440a9,2025-03-29,12:00:00,14:00:00,25,APROBADA
035adc85-b92a-533d-a75b-226dc42fab4a,7bcb3d0c-2500-5f01-abe8-d24e962af50e,2025-02-11,09:00:00,10:00:00,29,APROBADA
efdfc7b0-574f-5b84-93e2-810003bb2ff1,7d424b25-0f98-5f10-b2a8-ed9ddcd33e7a,2025-01-17,15:00:00,17:00:00,39,APROBADA
5d2a6fa6-af69-5483-a19c-892d4087c050,da1fe6a7-058c-5ad3-a10e-f529804a44b5,2024-11-27,11:00:00,13:00:00,29,APROBADA
219c5718-f7f2-5071-a397-f650b70d029c,45b00d8f-2f79-52ba-8b17-e7d6ee0b476f,2025-02-09,07:00:00,09:00:00,29,APROBADA
b792bbde-c705-5b90-a172-cdd83338848f,b8969593-19a7-5a43-84c0-d52e63ac0cb4,2025-03-22,19:00:00,20:30:00,30,APROBADA
31a8d463-4c0d-563a-859d-03b82275adbe,aad269e7-97f7-5e2d-9c43-cf84b49bd847,2025-05-15,12:00:00,13:00:00,27,APROBADA
10ac5915-66ad-5a21-945b-72e6460fc28d,0880d439-8834-59c1-bfce-e7f3da722b3f,2024-08-11,15:00:00,17:00:00,40,APROBADA
c34cb64d-1ab3-58f1-b4d2-aaf7cfd6ec98,e5da4cff-29aa-5f05-8532-70f093603e74,2025-01-12,18:30:00,19:30:00,40,APROBADA
93a338bb-4f2d-5903-b9c4-c51c5e29a9e2,4b4a10f4-36fa-5109-bc5d-14e24370c164,2024-12-01,10:00:00,11:30:00,26,APROBADA
10d72ecc-2ffe-5b07-b271-0d6aa926ad61,7bcb3d0c-2500-5f01-abe8-d24e962af50e,2025-03-06,13:30:00,15:30:00,25,APROBADA
91925736-a68d-59c1-94fc-0aa2edccc974,4b4a10f4-36fa-5109-bc5d-14e24370c164,2025-05-30,08:30:00,10:00:00,25,APROBADA
4647a93b-3f76-5a21-87cb-38a036af74cf,2574a671-d58d-5db3-8c9f-2518d8a8d790,2025-02-20,19:00:00,20:00:00,30,APROBADA
7f7640db-afc3-5f18-9925-b1c27db3f53d,7d424b25-0f98-5f10-b2a8-ed9ddcd33e7a,2024-10-23,08:30:00,10:30:00,29,APROBADA
31aa0520-1e8d-5346-96df-f5735dc51887,eb4139b4-3715-5623-a990-d045271440a9,2024-11-22,09:00:00,11:00:00,27,APROBADA
5a8ceaee-9b44-5b60-af44-5a7ebe2e743f,1a0b71d7-4721-5998-bd82-de26b25b5771,2024-10-06,08:00:00,11:00:00,29,APROBADA
9667c06c-4e34-5f3e-bee1-8b9594d3973d,aad269e7-97f7-5e2d-9c43-cf84b49bd847,2024-11-20,15:00:00,16:30:00,29,APROBADA
c329fe11-7796-54f9-89e2-bdde74de7c0a,6c814918-8ba0-52cc-9377-6d60b7946f8b,2024-09-24,10:30:00,11:30:00,32,APROBADA
b7a267b2-17f5-593b-a4c0-a887d51d270f,eb4139b4-3715-5623-a990-d045271440a9,2024-09-18,18:00:00,19:30:00,31,APROBADA
ca3643d2-83d5-57e5-914e-52e6c82a5900,d76d770e-14c2-5fea-bf8b-28f95250e124,2024-08-12,18:30:00,21:30:00,31,APROBADA
5686686e-4891-578c-bf7d-731af2597b61,45b00d8f-2f79-52ba-8b17-e7d6ee0b476f,2024-11-17,18:30:00,19:30:00,28,APROBADA
4bb911d4-cefb-598a-b6d3-fa4875cb2262,706ea773-fd09-5587-a465-302616f9d571,2025-02-03,07:00:00,10:00:00,29,APROBADA
f097f430-6bc9-570e-96a6-825f7a98b383,7bcb3d0c-2500-5f01-abe8-d24e962af50e,2024-11-22,14:00:00,17:00:00,27,APROBADA
368f6bbf-17ed-5c70-9637-785e86e77a92,2574a671-d58d-5db3-8c9f-2518d8a8d790,2024-08-13,13:00:00,14:30:00,26,APROBADA
dd1716a6-de61-5ac3-94ce-6322bed80e3d,b8969593-19a7-5a43-84c0-d52e63ac0cb4,2024-10-09,17:00:00,20:00:00,25,APROBADA
601ca0db-57b7-5c04-8968-2eab0de6f1d7,8fd4b53b-1d49-5307-8a1a-e184999a4434,2024-11-07,15:00:00,18:00:00,36,APROBADA
46ad8a2a-d405-591a-8242-6e8988098f9b,da1fe6a7-058c-5ad3-a10e-f529804a44b5,2024-08-08,14:30:00,16:30:00,34,APROBADA
19a6df94-2ecf-5c7b-ac3d-36da6e5d33ef,f5e43a2a-032c-562e-837a-ff3c72abffb4,2024-08-30,09:00:00,11:00:00,25,APROBADA
659ae839-79c4-563c-9221-6c68a4dfc206,23c254ed-4635-5cec-baa9-656efa7fd130,2024-10-23,07:30:00,10:30:00,27,APROBADA
58dfd304-631b-515f-a051-07be6c519720,8fd4b53b-1d49-5307-8a1a-e184999a4434,2024-12-23,15:00:00,18:00:00,31,APROBADA
9473e5ac-3fd7-5fab-ad5f-378d8eea208a,6c814918-8ba0-52cc-9377-6d60b7946f8b,2025-05-13,11:30:00,13:00:00,27,APROBADA
0d290289-29bd-5a4c-9526-a5ac1108ccfb,0880d439-8834-59c1-bfce-e7f3da722b3f,2025-06-09,13:00:00,14:30:00,36,APROBADA
9da64f12-2201-54e3-93d0-ab4e9e2697ab,aad269e7-97f7-5e2d-9c43-cf84b49bd847,2024-11-11,11:30:00,13:00:00,28,APROBADA
c98266b1-7b99-5268-bdde-1b34a11e25c4,6d481120-dab0-50c8-8f1b-33cf911e9573,2025-06-07,08:30:00,10:00:00,25,APROBADA
a4eda367-5765-5325-995d-d9578b5614b2,1a0b71d7-4721-5998-bd82-de26b25b5771,2025-03-14,15:00:00,17:00:00,44,APROBADA
979955c7-63b1-5667-80e6-b7e130531811,d7ce39c6-be5b-537a-ae81-d449a1710ff2,2024-08-02,10:00:00,11:00:00,32,APROBADA
a539d8a2-0a8a-5e69-89ed-19cfe1fd11f7,1a0b71d7-4721-5998-bd82-de26b25b5771,2025-02-26,15:30:00,18:30:00,37,APROBADA
b7c9a4d6-e65c-54f3-a791-f7c480b9675b,23c254ed-4635-5cec-baa9-656efa7fd130,2025-04-17,15:00:00,16:30:00,30,APROBADA
551ef8a6-a8cf-5875-bbb4-71710cb8d14f,da1fe6a7-058c-5ad3-a10e-f529804a44b5,2024-09-08,16:00:00,17:30:00,36,APROBADA
240ffc1a-feb2-5277-8fce-32b819a13fc5,b46607fb-d28f-5c06-a3a8-091cb9d995ec,2024-11-07,12:00:00,13:30:00,32,APROBADA
661ef3ca-8bc1-5da2-a8f0-7416b9c11f6c,d7ce39c6-be5b-537a-ae81-d449a1710ff2,2024-11-19,12:00:00,15:00:00,42,APROBADA
544b11c1-c27f-597b-b405-e007a83d167c,ef815f08-b586-5f03-964a-a08004eaebf3,2025-04-11,15:30:00,17:00:00,25,APROBADA
5dd3bf6b-c42c-5213-9483-32e8f5d89168,f5e43a2a-032c-562e-837a-ff3c72abffb4,2024-10-21,17:30:00,18:30:00,29,APROBADA
27002c8d-ec08-54b6-96c6-ed35e1ed8ae3,b8969593-19a7-5a43-84c0-d52e63ac0cb4,2024-10-15,14:00:00,16:00:00,28,APROBADA
c1850bff-790a-5874-8308-7319ac49c712,45b00d8f-2f79-52ba-8b17-e7d6ee0b476f,2025-06-08,19:00:00,20:00:00,26,APROBADA
b008553b-7d98-51fc-8798-5fdb3a74f095,aad269e7-97f7-5e2d-9c43-cf84b49bd847,2024-08-01,11:00:00,12:30:00,26,APROBADA
c968e2e4-4e33-5a5c-bf21-0e4781d74c4a,05a1191e-b84b-597d-b970-b04889cc30ee,2024-11-15,09:00:00,12:00:00,28,APROBADA
ec0b55b2-fd57-5eda-a8bd-7180ccd9c24c,ef815f08-b586-5f03-964a-a08004eaebf3,2025-03-05,16:30:00,18:30:00,36,APROBADA
90613ebc-9019-558e-811d-966a9a07b2b9,e5da4cff-29aa-5f05-8532-70f093603e74,2025-05-21,10:00:00,13:00:00,37,APROBADA
3959719c-4507-587f-a62d-3b763b25ca14,6903b35b-c2a6-5770-98e5-743c2bc06b45,2025-06-14,10:30:00,11:30:00,28,APROBADA
91c629b2-1c82-5493-b458-9410f44c0fa4,b46607fb-d28f-5c06-a3a8-091cb9d995ec,2025-03-04,09:00:00,11:00:00,28,APROBADA
4781922d-c091-53ae-9fce-73c879105aa4,6c814918-8ba0-52cc-9377-6d60b7946f8b,2024-08-21,14:00:00,15:30:00,40,APROBADA
4f1db516-3dad-598d-a8e3-f32602c82590,d7ce39c6-be5b-537a-ae81-d449a1710ff2,2025-05-31,09:30:00,10:30:00,33,APROBADA
9e7ebe15-e216-5579-895e-52fe9bee8282,7bcb3d0c-2500-5f01-abe8-d24e962af50e,2024-11-10,12:00:00,14:00:00,31,APROBADA
b4006d0b-18c1-54d3-9527-899a0c3da66f,aad269e7-97f7-5e2d-9c43-cf84b49bd847,2025-03-09,17:30:00,20:30:00,26,APROBADA
b5d7dfdd-6a03-5330-bf5e-7371fbac2983,aad269e7-97f7-5e2d-9c43-cf84b49bd847,2024-12-11,14:30:00,15:30:00,25,APROBADA
e2c3d6c0-a3b9-5421-95d2-a1d652583025,706ea773-fd09-5587-a465-302616f9d571,2024-11-30,19:00:00,20:30:00,29,APROBADA
61fea7e3-ea21-571c-a1db-e20fcbc971d1,d76d770e-14c2-5fea-bf8b-28f95250e124,2025-03-07,12:00:00,14:00:00,36,APROBADA
a6e37b8b-19b9-51e5-ad72-88619ed9d0d6,b8969593-19a7-5a43-84c0-d52e63ac0cb4,2025-02-11,17:00:00,18:00:00,28,APROBADA
db80aa17-7c74-5687-8b4a-e030f564607a,0880d439-8834-59c1-bfce-e7f3da722b3f,2024-08-22,18:30:00,20:30:00,45,APROBADA
8d7a85a5-6b27-5c31-81dd-826919cde2a9,2574a671-d58d-5db3-8c9f-2518d8a8d790,2024-12-17,07:00:00,08:30:00,28,APROBADA
4b2b66ed-c664-54e6-87b2-0572a3a4ebdc,7d424b25-0f98-5f10-b2a8-ed9ddcd33e7a,2025-06-28,16:30:00,18:00:00,38,APROBADA
fee957ca-2f01-5682-87a7-578f66de59a0,7d424b25-0f98-5f10-b2a8-ed9ddcd33e7a,2024-08-11,10:00:00,12:00:00,31,APROBADA
56ec0fa3-f185-5303-a562-46d3d2be6e5c,0880d439-8834-59c1-bfce-e7f3da722b3f,2024-09-01,08:30:00,10:30:00,35,APROBADA
e8228127-25c0-563c-8337-924c4605989a,1a0b71d7-4721-5998-bd82-de26b25b5771,2025-06-13,11:00:00,13:00:00,43,APROBADA
bbbd14da-913a-5251-b457-2e5996836b83,2574a671-d58d-5db3-8c9f-2518d8a8d790,2024-07-31,16:30:00,18:00:00,32,APROBADA
b8d28134-20cb-5d37-8fb7-2aa490145574,aad269e7-97f7-5e2d-9c43-cf84b49bd847,2025-04-13,18:00:00,19:30:00,30,APROBADA
7cbe8b94-e33a-5121-95fb-eaf63efc2980,10225e74-7c22-5384-8cdc-396a168ec651,2025-05-22,17:30:00,19:00:00,31,APROBADA
cc0a4ae6-b7e7-5f44-8eba-c759d1ed02ca,e5da4cff-29aa-5f05-8532-70f093603e74,2024-12-12,11:00:00,12:30:00,25,APROBADA
b0e6a261-fe33-5f83-8446-86968473d0ca,706ea773-fd09-5587-a465-302616f9d571,2025-06-02,16:00:00,17:00:00,31,APROBADA
100d5bfe-eb5f-524f-b224-29a68ce01c37,23c254ed-4635-5cec-baa9-656efa7fd130,2025-06-28,15:00:00,17:00:00,31,APROBADA
5ab09aa9-a43b-5c71-9809-82c951c784ac,6903b35b-c2a6-5770-98e5-743c2bc06b45,2025-02-03,15:30:00,16:30:00,27,APROBADA
0ea9acf1-7ffb-58ae-9d67-d5570bcde7c8,1a0b71d7-4721-5998-bd82-de26b25b5771,2025-04-04,08:00:00,09:30:00,41,APROBADA
41de13d6-777d-50fa-a484-b83df40761d8,7d424b25-0f98-5f10-b2a8-ed9ddcd33e7a,2025-02-11,14:00:00,15:30:00,40,APROBADA
21fa98c6-64cf-5cf2-91bc-716fc8c66cae,2574a671-d58d-5db3-8c9f-2518d8a8d790,2025-05-12,13:30:00,14:30:00,40,APROBADA
0bdd71a6-b734-5716-a5d9-f32f53bbd295,c1489a8f-1dff-511e-b025-5a10261901d7,2024-07-17,13:00:00,16:00:00,25,APROBADA
af10abd9-c169-5694-bc93-21c87cb20cfb,dd609563-702d-543d-a49a-0ce27a83f234,2025-03-07,07:00:00,09:00:00,39,APROBADA
8ba8c162-d18d-5da7-8ce1-b0f3aa4205fa,7bcb3d0c-2500-5f01-abe8-d24e962af50e,2024-08-04,14:00:00,16:00:00,29,APROBADA
9235e0bc-5f01-567b-8bfe-698810c3f373,23c254ed-4635-5cec-baa9-656efa7fd130,2025-06-30,09:00:00,10:30:00,25,APROBADA
7abd9ff4-bc80-55e4-994f-073847876379,e5da4cff-29aa-5f05-8532-70f093603e74,2024-11-17,09:30:00,11:30:00,25,APROBADA
07ffc4c6-1d49-58c9-94a1-9d45ecff6436,1dee66e3-0076-5033-8ba0-70dd67e8aea0,2024-08-04,08:00:00,11:00:00,31,APROBADA
8fe64ace-e474-5d14-9acb-066ec51e628b,f5e43a2a-032c-562e-837a-ff3c72abffb4,2025-03-17,07:30:00,09:00:00,27,APROBADA
d7a5025d-7565-5407-ac69-52b7726bd18d,6c814918-8ba0-52cc-9377-6d60b7946f8b,2024-07-07,13:30:00,15:00:00,30,APROBADA
76de78ef-dd23-5004-a069-0efb2f0116f9,da1fe6a7-058c-5ad3-a10e-f529804a44b5,2025-02-19,13:30:00,15:00:00,29,APROBADA
32699bab-5466-580a-bc04-7daddf403db6,1a0b71d7-4721-5998-bd82-de26b25b5771,2024-07-17,16:30:00,18:00:00,42,APROBADA
17f4b2da-acc0-5efb-9b5e-e1ea3994e231,d76d770e-14c2-5fea-bf8b-28f95250e124,2024-07-10,12:00:00,13:00:00,32,APROBADA
b3154555-15d0-5cb1-96c2-862b5a2d7679,f5e43a2a-032c-562e-837a-ff3c72abffb4,2024-09-09,07:00:00,09:00:00,28,APROBADA
21ad5c0c-d89d-539e-b930-292d7170c053,a40fe9f0-87fa-5853-968f-5cedd5939e8a,2025-04-22,08:30:00,10:30:00,25,APROBADA
031e159c-0089-5da7-9da4-e91cd99d71d0,ef815f08-b586-5f03-964a-a08004eaebf3,2025-01-18,11:30:00,13:30:00,33,APROBADA
375be55a-1e4f-5f5c-9ebb-8935b85814d1,1dee66e3-0076-5033-8ba0-70dd67e8aea0,2024-07-10,13:30:00,15:30:00,38,APROBADA
2623fdc6-5446-544b-a22a-c34252b20b8b,1dee66e3-0076-5033-8ba0-70dd67e8aea0,2024-09-01,11:30:00,13:30:00,39,APROBADA
609539c0-3d0e-547a-a3e7-38f1347ec063,6d481120-dab0-50c8-8f1b-33cf911e9573,2025-01-18,17:30:00,20:30:00,30,APROBADA
20f88022-7c97-5e68-810a-d29714cd1c54,8fd4b53b-1d49-5307-8a1a-e184999a4434,2025-01-09,15:30:00,17:30:00,34,APROBADA
f29cae6b-da09-5d8b-921d-82a1814a4eb2,ef815f08-b586-5f03-964a-a08004eaebf3,2025-04-12,16:30:00,18:30:00,36,APROBADA
ef80f17e-dfb1-5a05-ae01-05dc1a1f7ba9,6c814918-8ba0-52cc-9377-6d60b7946f8b,2025-05-18,12:30:00,15:30:00,30,APROBADA
65b1805e-8ea2-58d0-87c7-2f5ecc55ec0c,7bcb3d0c-2500-5f01-abe8-d24e962af50e,2025-04-05,08:30:00,10:00:00,31,APROBADA
0d92c302-cab6-5fa7-98a2-ce07e38d42a7,1a0b71d7-4721-5998-bd82-de26b25b5771,2024-11-17,17:00:00,18:30:00,41,APROBADA
ecef39a7-720e-5fae-8bb2-5a92ec206297,6d481120-dab0-50c8-8f1b-33cf911e9573,2024-12-03,14:30:00,16:30:00,38,APROBADA
4575a753-9f9a-5ee6-a4af-d608dbef2995,ef815f08-b586-5f03-964a-a08004eaebf3,2024-09-29,15:00:00,16:30:00,29,APROBADA
104de261-100e-5d55-9fbd-cd40c224b53f,da1fe6a7-058c-5ad3-a10e-f529804a44b5,2025-06-03,07:00:00,09:00:00,34,APROBADA
06aabfa7-1add-51ed-9016-9a1bbebdea08,dd609563-702d-543d-a49a-0ce27a83f234,2024-08-24,12:30:00,15:30:00,29,APROBADA
b9389dbe-ac06-5405-a376-db5b93c12a9d,eb4139b4-3715-5623-a990-d045271440a9,2024-11-02,13:30:00,15:00:00,25,APROBADA
4de8b955-273b-52e9-867c-b92627dc2612,dd609563-702d-543d-a49a-0ce27a83f234,2025-04-06,15:00:00,17:00:00,25,APROBADA
83a09038-f882-54c4-9e64-8ceb32b2b885,23c254ed-4635-5cec-baa9-656efa7fd130,2024-10-04,17:30:00,19:30:00,26,APROBADA
37abbf7a-2115-530a-a885-b3c3595632e1,8fd4b53b-1d49-5307-8a1a-e184999a4434,2024-09-24,12:30:00,14:00:00,40,APROBADA
2ec6b32a-1670-51e1-bd25-9ef0cf65d440,e5da4cff-29aa-5f05-8532-70f093603e74,2024-10-27,16:00:00,17:30:00,32,APROBADA
280b5f27-b473-5bf3-8f58-628cbe8ce931,2574a671-d58d-5db3-8c9f-2518d8a8d790,2024-08-18,16:00:00,17:30:00,28,APROBADA
2f514e14-6f8f-5a23-a790-551dc44d519f,eb4139b4-3715-5623-a990-d045271440a9,2024-07-28,13:00:00,16:00:00,28,APROBADA
5faf76e7-a9a9-574d-a121-9dfe767a775c,b46607fb-d28f-5c06-a3a8-091cb9d995ec,2024-09-06,17:30:00,19:30:00,27,APROBADA
348c4dbc-e85f-5701-a16e-8c7c16bd4a8b,b8969593-19a7-5a43-84c0-d52e63ac0cb4,2024-09-19,11:30:00,13:00:00,28,APROBADA
b8badd0b-4bf4-593d-9220-0d417872abef,706ea773-fd09-5587-a465-302616f9d571,2024-11-16,08:30:00,11:30:00,29,APROBADA
73467176-635b-5d44-b9fa-56b4e7378fdf,0880d439-8834-59c1-bfce-e7f3da722b3f,2025-03-15,07:00:00,08:00:00,32,APROBADA
543c566d-d2dc-5659-8b49-810e0c0eef0f,ef815f08-b586-5f03-964a-a08004eaebf3,2025-04-01,16:30:00,18:00:00,35,APROBADA
e45ce4e6-9992-5229-8a80-dd3f89805560,ef815f08-b586-5f03-964a-a08004eaebf3,2024-08-04,12:00:00,13:00:00,26,APROBADA
ae880fb2-8328-56e2-bc1a-cd709009c4d0,1dee66e3-0076-5033-8ba0-70dd67e8aea0,2024-11-12,13:30:00,14:30:00,30,APROBADA
5bbdf572-8e7f-53c6-b64a-2ec81a485e1e,e5da4cff-29aa-5f05-8532-70f093603e74,2025-05-17,13:30:00,14:30:00,26,APROBADA
d1896ce6-42d2-5a9f-b087-4fef80f058a3,da1fe6a7-058c-5ad3-a10e-f529804a44b5,2025-04-25,19:00:00,20:30:00,36,APROBADA
1e5fda12-afed-5f19-8bcb-ccb9a4b77581,e5da4cff-29aa-5f05-8532-70f093603e74,2024-08-11,10:00:00,11:30:00,35,APROBADA
79ce94ec-e27c-5d19-9d04-7936f8fdc928,d7ce39c6-be5b-537a-ae81-d449a1710ff2,2025-05-01,18:00:00,21:00:00,36,APROBADA
0dbf5dff-a716-5854-a80a-14e41aa34876,d7ce39c6-be5b-537a-ae81-d449a1710ff2,2025-01-22,09:30:00,11:30:00,38,APROBADA
36d73ea1-8dbf-5d3f-952e-582885666a95,d76d770e-14c2-5fea-bf8b-28f95250e124,2025-06-20,14:30:00,17:30:00,32,APROBADA
b5bbf3de-df31-58d3-961d-ae804d1de466,45b00d8f-2f79-52ba-8b17-e7d6ee0b476f,2025-01-19,10:30:00,12:30:00,28,APROBADA
66415ec2-86e8-55d6-9057-32e93d81fb97,0880d439-8834-59c1-bfce-e7f3da722b3f,2024-12-06,15:30:00,17:00:00,42,APROBADA
4c668208-8f2f-54a2-8d0f-703cbd5a222f,b8969593-19a7-5a43-84c0-d52e63ac0cb4,2024-07-22,18:30:00,21:30:00,30,APROBADA
07df1568-6c00-5c9c-a154-e37ad683fee2,c1489a8f-1dff-511e-b025-5a10261901d7,2024-10-30,08:30:00,09:30:00,30,APROBADA
8d76ebca-b53b-58b4-ab12-2d3f4d66d18f,e5da4cff-29aa-5f05-8532-70f093603e74,2025-05-23,17:30:00,19:00:00,38,APROBADA
59c7bde1-e366-56c0-91d3-319dec5e19a1,4b4a10f4-36fa-5109-bc5d-14e24370c164,2025-06-15,10:00:00,12:00:00,25,APROBADA
e56ad768-0086-590b-80d3-149e27e68fb9,e5da4cff-29aa-5f05-8532-70f093603e74,2024-07-16,09:30:00,11:30:00,36,APROBADA
06098a7f-23c1-5e10-9547-ad287ebdfe35,7bcb3d0c-2500-5f01-abe8-d24e962af50e,2025-06-23,09:30:00,12:30:00,26,APROBADA
cad1a80f-0d62-590c-9ee8-4bdb918ec02d,2574a671-d58d-5db3-8c9f-2518d8a8d790,2025-03-29,07:30:00,08:30:00,36,APROBADA
c8bde1a9-55ea-5a57-b375-ae0d96202df8,05a1191e-b84b-597d-b970-b04889cc30ee,2024-10-13,19:00:00,21:00:00,28,APROBADA
891c3ce8-d540-5986-8a81-4915549f1912,706ea773-fd09-5587-a465-302616f9d571,2024-07-31,08:00:00,11:00:00,25,APROBADA
67240073-c38e-5804-b162-699fef322f9b,6d481120-dab0-50c8-8f1b-33cf911e9573,2025-03-05,09:30:00,11:30:00,33,APROBADA
136b6137-dba9-5a9e-a8fc-2f972bfd38fd,e5da4cff-29aa-5f05-8532-70f093603e74,2024-12-07,18:30:00,20:30:00,32,APROBADA
e2eb3095-e316-538b-b979-836ba00bd8bc,2574a671-d58d-5db3-8c9f-2518d8a8d790,2025-04-15,08:00:00,09:00:00,26,APROBADA
8d7bf849-cb2f-5515-b235-bc329a5c9d8e,4b4a10f4-36fa-5109-bc5d-14e24370c164,2025-05-07,18:00:00,19:30:00,25,APROBADA
65a3610f-a4f6-58b9-9aa1-0acf415788e5,aad269e7-97f7-5e2d-9c43-cf84b49bd847,2025-02-03,07:00:00,10:00:00,29,APROBADA
ec8761bc-0571-5480-8213-55ca41fb64fd,7bcb3d0c-2500-5f01-abe8-d24e962af50e,2024-11-18,09:00:00,11:00:00,32,APROBADA
70667b52-86b3-594c-b786-c1a3fd0a5d16,c1489a8f-1dff-511e-b025-5a10261901d7,2024-12-07,09:00:00,10:30:00,30,APROBADA
84ab4757-cfe2-50ef-af9a-1295d56f28fc,da1fe6a7-058c-5ad3-a10e-f529804a44b5,2025-06-09,15:00:00,18:00:00,28,APROBADA
10b83fb0-4340-556a-8c4a-55eec9f404b9,f5e43a2a-032c-562e-837a-ff3c72abffb4,2024-09-01,15:30:00,17:30:00,29,APROBADA
71055822-62cb-5dfa-905d-8f15bb2febc9,0880d439-8834-59c1-bfce-e7f3da722b3f,2025-04-28,11:00:00,13:00:00,34,APROBADA
06b8643a-64e1-5fac-8922-77f38e8e97f2,6c814918-8ba0-52cc-9377-6d60b7946f8b,2024-07-23,17:00:00,19:00:00,26,APROBADA
93d51e07-3e9e-522f-a624-ce674957ce35,0880d439-8834-59c1-bfce-e7f3da722b3f,2025-02-28,14:00:00,17:00:00,43,APROBADA
d57f9c21-566f-55ec-8e1d-1c6956c67250,0880d439-8834-59c1-bfce-e7f3da722b3f,2025-04-15,16:00:00,18:00:00,42,APROBADA
171872d9-9696-59af-96a0-3882210368f0,7d424b25-0f98-5f10-b2a8-ed9ddcd33e7a,2024-07-26,11:30:00,14:30:00,31,APROBADA
092a8021-bcce-50e1-aff3-e950351e4e96,7d424b25-0f98-5f10-b2a8-ed9ddcd33e7a,2025-03-22,18:30:00,20:00:00,36,APROBADA
33ae4eba-6e28-59f0-9a17-b6223ec83d5c,d7ce39c6-be5b-537a-ae81-d449a1710ff2,2024-08-28,18:30:00,21:30:00,29,APROBADA
05e93841-0824-50a6-8531-7536e47a4592,ef815f08-b586-5f03-964a-a08004eaebf3,2024-08-20,09:30:00,12:30:00,30,APROBADA
58ac9ddb-8362-579d-9314-d1479580dd61,10225e74-7c22-5384-8cdc-396a168ec651,2024-11-12,18:30:00,19:30:00,26,APROBADA
0c23b9df-2ea2-51d7-ba79-ef25c4d347c9,b8969593-19a7-5a43-84c0-d52e63ac0cb4,2025-03-08,19:00:00,22:00:00,27,APROBADA
92eaca3c-9469-57d3-8fc5-2c74c4c93db8,ef815f08-b586-5f03-964a-a08004eaebf3,2024-09-25,07:30:00,10:30:00,26,APROBADA
85ef00f0-e744-56b1-bd66-4e12aca8b2fa,05a1191e-b84b-597d-b970-b04889cc30ee,2025-03-10,11:00:00,14:00:00,29,APROBADA
b93c93a2-44a0-5f8c-ba76-3df0f1da2e2b,05a1191e-b84b-597d-b970-b04889cc30ee,2024-09-22,08:30:00,11:30:00,31,APROBADA
c05e17a1-5f56-55a7-85a7-7ab33acbdc7f,05a1191e-b84b-597d-b970-b04889cc30ee,2025-06-21,13:00:00,14:00:00,31,APROBADA
3fe4a2f2-ac8b-5b78-ac72-325104696644,05a1191e-b84b-597d-b970-b04889cc30ee,2024-12-16,14:00:00,15:00:00,31,APROBADA
17461378-4572-5183-b47f-aeb31a80b451,1dee66e3-0076-5033-8ba0-70dd67e8aea0,2025-06-21,18:00:00,19:30:00,25,APROBADA
fca407a3-7a82-52b5-95fc-3ab1d2212ba7,23c254ed-4635-5cec-baa9-656efa7fd130,2024-10-19,14:00:00,15:00:00,26,APROBADA
8d7cf38c-dcbf-5aa2-b2f6-c2c7b000792b,7bcb3d0c-2500-5f01-abe8-d24e962af50e,2024-11-23,11:30:00,13:30:00,31,APROBADA
ba32a731-7519-55ce-aadc-b0b563b18e34,2574a671-d58d-5db3-8c9f-2518d8a8d790,2025-02-17,19:00:00,20:00:00,28,APROBADA
6882140d-3367-5deb-b239-a3205c8ca6c5,7d424b25-0f98-5f10-b2a8-ed9ddcd33e7a,2024-09-04,08:00:00,10:00:00,28,APROBADA
a8206e12-891c-5a9a-a3ce-bdabd8aa8543,0880d439-8834-59c1-bfce-e7f3da722b3f,2024-11-19,14:30:00,16:00:00,35,APROBADA
d47a97eb-50bc-5001-8481-4c197e39247d,dd609563-702d-543d-a49a-0ce27a83f234,2025-05-28,08:00:00,10:00:00,31,APROBADA
da4a2195-1cc0-5890-abae-ce5a75342627,6d481120-dab0-50c8-8f1b-33cf911e9573,2025-06-09,09:00:00,10:30:00,44,APROBADA
3609653f-43d3-5334-81ec-91c83dd60673,1a0b71d7-4721-5998-bd82-de26b25b5771,2025-03-10,15:00:00,16:30:00,26,APROBADA
b6424b39-5aaa-5fb0-b37b-6a947370b1aa,8fd4b53b-1d49-5307-8a1a-e184999a4434,2024-11-05,10:30:00,12:00:00,40,APROBADA
b2a871a6-b455-5f0f-9936-717769504d93,8fd4b53b-1d49-5307-8a1a-e184999a4434,2024-08-01,19:00:00,20:30:00,26,APROBADA
c53b51fb-55b1-5f84-b2fd-4ddb5854f512,1a0b71d7-4721-5998-bd82-de26b25b5771,2024-08-26,12:00:00,13:30:00,37,APROBADA
6e1e1b36-c5d6-52ae-8a03-d06ee1f590ad,1a0b71d7-4721-5998-bd82-de26b25b5771,2025-03-05,19:00:00,20:00:00,34,APROBADA
f55118ac-cfe2-51d2-bf39-61cc31fbcf01,2574a671-d58d-5db3-8c9f-2518d8a8d790,2024-11-10,15:00:00,16:00:00,37,APROBADA
e2ddb639-69d3-53e9-8fa8-2912e29ea996,4b4a10f4-36fa-5109-bc5d-14e24370c164,2024-08-28,07:30:00,10:30:00,26,APROBADA
2dd2379c-c92c-5566-ad80-4f99b59f850c,ef815f08-b586-5f03-964a-a08004eaebf3,2024-09-03,08:00:00,11:00:00,29,APROBADA
8dd11bc3-5990-509d-8fcc-0558c070b38f,706ea773-fd09-5587-a465-302616f9d571,2025-01-10,13:30:00,15:30:00,35,APROBADA
4a35baf8-0975-5fb9-8f27-9d6d8677b16f,b8969593-19a7-5a43-84c0-d52e63ac0cb4,2025-05-30,19:00:00,21:00:00,30,APROBADA
be8eb3d9-3795-51ef-80c2-9cca7f380a8f,2574a671-d58d-5db3-8c9f-2518d8a8d790,2024-08-22,07:30:00,09:30:00,33,APROBADA
c13886a3-4638-59c4-9e0c-3ee8deede7b8,1a0b71d7-4721-5998-bd82-de26b25b5771,2024-12-13,11:30:00,14:30:00,30,APROBADA
d218d66e-888d-5887-a75c-8062a91bb22a,45b00d8f-2f79-52ba-8b17-e7d6ee0b476f,2025-06-24,09:00:00,11:00:00,35,APROBADA
9eece55c-23ff-5437-b66d-6bb56cfca7a1,d76d770e-14c2-5fea-bf8b-28f95250e124,2024-10-20,14:30:00,16:00:00,40,APROBADA
fbb59128-c9c8-53a4-b1de-5b6a9b7fbf75,2574a671-d58d-5db3-8c9f-2518d8a8d790,2024-10-13,16:00:00,17:00:00,34,APROBADA
19cc0585-94c9-5bd3-af03-6357c4b512c0,da1fe6a7-058c-5ad3-a10e-f529804a44b5,2025-02-19,14:30:00,17:30:00,32,APROBADA
f3a9744c-0855-588d-b08f-fc2d4f09362c,05a1191e-b84b-597d-b970-b04889cc30ee,2025-05-04,19:00:00,21:00:00,31,APROBADA
cd1e468e-6d12-5606-a004-26cb38c833cc,a40fe9f0-87fa-5853-968f-5cedd5939e8a,2024-12-24,08:00:00,09:00:00,30,APROBADA
b856ceba-9e7b-5fce-9a1e-6e59e9ad2f41,10225e74-7c22-5384-8cdc-396a168ec651,2024-10-22,12:00:00,13:00:00,26,APROBADA
6df6cb10-0d54-51af-9f63-ebcd254f118a,eb4139b4-3715-5623-a990-d045271440a9,2024-10-16,07:30:00,09:30:00,26,APROBADA
93d76e12-81af-5c37-9a33-94e74e5ea467,10225e74-7c22-5384-8cdc-396a168ec651,2025-02-04,12:30:00,15:30:00,25,APROBADA
37e84635-b430-5800-8494-a93a4102a3ca,4b4a10f4-36fa-5109-bc5d-14e24370c164,2025-03-21,13:30:00,15:00:00,31,APROBADA
7b2f9164-13fa-5f1b-aeab-41ecca5e9da8,45b00d8f-2f79-52ba-8b17-e7d6ee0b476f,2024-08-15,16:00:00,18:00:00,33,APROBADA
9da794a2-a753-555e-be0d-93df859e9980,ef815f08-b586-5f03-964a-a08004eaebf3,2025-03-27,16:00:00,17:30:00,28,APROBADA
fb134c07-ec40-55d0-b55f-4a7163b8fdcb,a40fe9f0-87fa-5853-968f-5cedd5939e8a,2025-01-08,11:00:00,12:00:00,25,APROBADA
b63b17aa-c36e-5577-bf08-b7bdae0bbb59,1dee66e3-0076-5033-8ba0-70dd67e8aea0,2025-01-19,17:30:00,19:30:00,29,APROBADA
67c0b185-42d7-5f7d-a972-f95ec39773b8,e5da4cff-29aa-5f05-8532-70f093603e74,2025-06-19,10:00:00,11:30:00,26,APROBADA
64aeb3fa-845a-594f-b544-30cdbfe62b6a,2574a671-d58d-5db3-8c9f-2518d8a8d790,2024-07-17,14:30:00,16:00:00,40,APROBADA
c25e3c9b-663f-5af2-889c-01be4fee7f65,10225e74-7c22-5384-8cdc-396a168ec651,2024-12-03,14:00:00,17:00:00,29,APROBADA
3685e469-9f78-59eb-a340-cd2a2d534897,8fd4b53b-1d49-5307-8a1a-e184999a4434,2025-05-13,07:30:00,09:30:00,37,APROBADA
db4b7fab-0d83-538b-9dbd-9f04f5a57085,0880d439-8834-59c1-bfce-e7f3da722b3f,2025-03-12,07:00:00,10:00:00,31,APROBADA
dacca59d-c38c-58b6-bd1b-443499e8d78e,c1489a8f-1dff-511e-b025-5a10261901d7,2025-03-31,07:30:00,09:30:00,28,APROBADA
47f44e17-8f8d-5b50-8348-886dd29a3ef6,ef815f08-b586-5f03-964a-a08004eaebf3,2024-10-29,11:00:00,14:00:00,32,APROBADA
0108ed9a-8720-52f5-a168-e927cb664331,2574a671-d58d-5db3-8c9f-2518d8a8d790,2024-12-15,07:30:00,10:30:00,40,APROBADA
41ab9b98-7363-5709-bb44-30b76a354d41,ef815f08-b586-5f03-964a-a08004eaebf3,2024-09-13,10:30:00,12:30:00,34,APROBADA
b3b7eea9-714f-556a-92d0-8be8aaad2222,e5da4cff-29aa-5f05-8532-70f093603e74,2025-02-14,10:00:00,11:00:00,40,APROBADA
02127e75-db36-5b53-8fc7-fab6f24a7d7a,da1fe6a7-058c-5ad3-a10e-f529804a44b5,2025-01-07,18:30:00,19:30:00,34,APROBADA
008cdecd-1c62-5264-95a1-b1186f855ae0,e5da4cff-29aa-5f05-8532-70f093603e74,2024-09-15,15:00:00,16:00:00,40,APROBADA
f5562fb1-7fdb-5470-8942-4a249e5c7314,dd609563-702d-543d-a49a-0ce27a83f234,2025-06-10,09:00:00,10:30:00,27,APROBADA
c75c47ca-57ab-5186-927c-303da7d5a609,1a0b71d7-4721-5998-bd82-de26b25b5771,2024-07-17,14:00:00,16:00:00,32,APROBADA
9811878f-4bd6-5708-8d84-5ecbdf820749,d7ce39c6-be5b-537a-ae81-d449a1710ff2,2024-07-31,07:00:00,10:00:00,39,APROBADA
1c708084-22fe-5d2b-89eb-1226afada5c9,b8969593-19a7-5a43-84c0-d52e63ac0cb4,2025-02-22,09:00:00,10:00:00,27,APROBADA
953daa11-bc80-5600-8570-9a1ed7dde7ff,1a0b71d7-4721-5998-bd82-de26b25b5771,2024-11-13,08:00:00,09:00:00,42,APROBADA
3f97e416-3f25-5762-98fd-dea4779d3d64,e5da4cff-29aa-5f05-8532-70f093603e74,2025-03-19,19:00:00,20:00:00,33,APROBADA
58d3eee0-2880-5937-afd2-9762fc894965,aad269e7-97f7-5e2d-9c43-cf84b49bd847,2025-04-09,19:00:00,22:00:00,27,APROBADA
24b3e42a-a8a6-55f2-859a-aa60524bd453,a40fe9f0-87fa-5853-968f-5cedd5939e8a,2025-03-14,16:30:00,18:00:00,27,APROBADA
2ca34378-6c7a-5a35-b08c-980b2ecbaa35,f5e43a2a-032c-562e-837a-ff3c72abffb4,2024-07-17,17:00:00,20:00:00,26,APROBADA
1b47496e-d3b2-51f4-a514-94ce2a4057f3,aad269e7-97f7-5e2d-9c43-cf84b49bd847,2024-10-01,18:30:00,20:30:00,26,APROBADA
62ae140e-4195-52ce-9864-510a0b26a469,d7ce39c6-be5b-537a-ae81-d449a1710ff2,2025-06-12,07:00:00,09:00:00,44,APROBADA
5e25b322-2312-52fd-bea5-3510bc177119,aad269e7-97f7-5e2d-9c43-cf84b49bd847,2024-10-22,18:30:00,21:30:00,30,APROBADA
f14ca044-2e1f-55eb-89a7-bedf7b0c294d,a40fe9f0-87fa-5853-968f-5cedd5939e8a,2025-03-12,18:30:00,20:30:00,27,APROBADA
eee3c04d-07ed-530b-8187-862f30dfaf81,1dee66e3-0076-5033-8ba0-70dd67e8aea0,2025-01-13,14:00:00,15:30:00,26,APROBADA
5f1a53f9-5db3-56f7-afb2-bf18d84d2700,aad269e7-97f7-5e2d-9c43-cf84b49bd847,2024-10-11,08:30:00,10:30:00,28,APROBADA
df0939fb-349b-517f-b49b-a019e3910124,a22ee2bf-332c-5ac1-ae12-28ce7b0033a1,2025-01-01,18:00:00,20:00:00,26,APROBADA
dc255636-8834-5906-83d3-01d6431d7ef5,aad269e7-97f7-5e2d-9c43-cf84b49bd847,2025-05-03,07:00:00,08:00:00,25,APROBADA
e20c175a-3393-5bc7-8104-59cc0970abdd,6c814918-8ba0-52cc-9377-6d60b7946f8b,2025-06-23,09:00:00,12:00:00,33,APROBADA
2b7d464a-2406-523b-840f-93057180cda1,4b4a10f4-36fa-5109-bc5d-14e24370c164,2025-06-10,11:00:00,12:00:00,31,APROBADA
84042eef-7641-5ee8-9a18-47b0462b51ff,a22ee2bf-332c-5ac1-ae12-28ce7b0033a1,2024-10-30,18:00:00,19:30:00,34,APROBADA
92b2bef6-debc-5ef0-9dd8-dc023f5e5cc3,dd609563-702d-543d-a49a-0ce27a83f234,2025-06-01,07:30:00,08:30:00,33,APROBADA
0ca54934-02ef-527b-8c9c-97b116da47dd,7bcb3d0c-2500-5f01-abe8-d24e962af50e,2025-05-24,09:00:00,12:00:00,26,APROBADA
65cf4c5e-ec3d-5f09-bc4d-76a8d82b0479,6d481120-dab0-50c8-8f1b-33cf911e9573,2024-10-22,08:30:00,09:30:00,42,APROBADA
896481c9-03ea-5ef7-9c5e-f39297e33e19,f5e43a2a-032c-562e-837a-ff3c72abffb4,2024-08-20,11:30:00,12:30:00,28,APROBADA
ccfcc972-0ee8-547e-8c13-975889dd7f30,b46607fb-d28f-5c06-a3a8-091cb9d995ec,2025-05-29,11:30:00,13:00:00,32,APROBADA
6214de8e-fe79-5904-8341-cd4183940fa3,23c254ed-4635-5cec-baa9-656efa7fd130,2024-10-25,15:00:00,16:30:00,31,APROBADA
e71aa97c-f1c5-5268-a008-eee5151ca4a6,b46607fb-d28f-5c06-a3a8-091cb9d995ec,2025-05-11,17:30:00,19:00:00,29,APROBADA
c7499a62-e313-5dd5-b28f-fb12b09d27e7,d76d770e-14c2-5fea-bf8b-28f95250e124,2025-03-28,18:00:00,21:00:00,31,APROBADA
dc2ac5b4-ca38-5d5a-b2e0-fe1b2979121b,aad269e7-97f7-5e2d-9c43-cf84b49bd847,2025-04-28,15:00:00,16:00:00,27,APROBADA
5053d422-ceb1-5905-9ba9-05cf869dca3a,6903b35b-c2a6-5770-98e5-743c2bc06b45,2024-08-06,18:30:00,21:30:00,27,APROBADA
0822bc91-bda6-5ad8-93eb-4164b076b7d0,ef815f08-b586-5f03-964a-a08004eaebf3,2025-04-11,17:00:00,19:00:00,35,APROBADA
181155dc-8101-5e86-8478-110f761625b6,c1489a8f-1dff-511e-b025-5a10261901d7,2025-04-12,09:00:00,10:00:00,32,APROBADA
92a9421e-83ba-5f76-ae84-111ee174235f,706ea773-fd09-5587-a465-302616f9d571,2025-06-23,07:30:00,09:00:00,31,APROBADA
5c18790d-d5c1-50fd-982b-146afe94c5de,1dee66e3-0076-5033-8ba0-70dd67e8aea0,2025-06-13,13:00:00,14:00:00,31,APROBADA
3512121d-eba6-5eee-a859-f406e8950dc7,dd609563-702d-543d-a49a-0ce27a83f234,2025-05-07,12:30:00,14:00:00,37,APROBADA
86ee2de0-3ba8-590c-aef2-2e8ce7f987d8,d7ce39c6-be5b-537a-ae81-d449a1710ff2,2024-11-29,13:30:00,16:30:00,45,APROBADA
4f944758-7150-55aa-8c23-20d7ac9663b3,1a0b71d7-4721-5998-bd82-de26b25b5771,2025-01-27,11:30:00,13:30:00,43,APROBADA
c4eb1ad3-3762-578b-9a3d-bb05f9981693,a22ee2bf-332c-5ac1-ae12-28ce7b0033a1,2024-11-18,14:30:00,15:30:00,27,APROBADA
ba6f30f8-1913-59cd-a329-f162ee25f14e,dd609563-702d-543d-a49a-0ce27a83f234,2024-11-18,07:00:00,10:00:00,40,APROBADA
b14ee60b-c611-5279-bb59-3557a87b36ad,2574a671-d58d-5db3-8c9f-2518d8a8d790,2025-02-28,15:00:00,16:30:00,32,APROBADA
38380781-3be7-5c06-966c-c659e8af5c52,f5e43a2a-032c-562e-837a-ff3c72abffb4,2025-01-10,11:30:00,12:30:00,28,APROBADA
8561acc7-a0bf-557e-b56f-6ceab5409caa,45b00d8f-2f79-52ba-8b17-e7d6ee0b476f,2025-04-23,16:00:00,18:00:00,31,APROBADA
1aeb285c-324d-5541-9f37-3d71ddf632b0,a22ee2bf-332c-5ac1-ae12-28ce7b0033a1,2025-02-05,16:00:00,18:00:00,28,APROBADA
ca4dd29c-6889-5d40-ad50-1779478a594e,d76d770e-14c2-5fea-bf8b-28f95250e124,2024-08-03,08:30:00,10:30:00,31,APROBADA
0638d62a-0a7e-584f-a67d-f0f41dbf2da9,8fd4b53b-1d49-5307-8a1a-e184999a4434,2025-02-17,16:30:00,17:30:00,32,APROBADA
e1eafb95-1a76-57a1-9e71-5c17e8c3990e,ef815f08-b586-5f03-964a-a08004eaebf3,2025-04-24,07:30:00,09:30:00,26,APROBADA
299b552f-68fd-5d9e-a7d7-e914a887f303,0880d439-8834-59c1-bfce-e7f3da722b3f,2025-03-08,09:00:00,10:30:00,29,APROBADA
7062fc89-9976-5338-bfb3-5d493ca9e236,dd609563-702d-543d-a49a-0ce27a83f234,2024-08-28,17:00:00,19:00:00,38,APROBADA
edb5cad0-6453-54a4-84d9-6dcccd5af109,6903b35b-c2a6-5770-98e5-743c2bc06b45,2025-04-29,15:00:00,16:30:00,30,APROBADA
5ffd1082-6e87-5845-9ac7-6eba3e9c3be4,2574a671-d58d-5db3-8c9f-2518d8a8d790,2025-06-10,09:00:00,10:00:00,28,APROBADA
d41b6c53-c894-56cb-ba2c-3a3f2f81bb39,2574a671-d58d-5db3-8c9f-2518d8a8d790,2025-04-17,09:00:00,10:30:00,37,APROBADA
76bf9de9-eea4-51c6-b368-fd22597c333c,0880d439-8834-59c1-bfce-e7f3da722b3f,2025-03-10,07:00:00,09:00:00,38,APROBADA
0285a24c-1cb8-513e-94d2-d093951dfb0f,1dee66e3-0076-5033-8ba0-70dd67e8aea0,2024-10-24,12:00:00,13:30:00,30,APROBADA
76ca833d-1ea1-59e2-b441-77e90d2dc6de,da1fe6a7-058c-5ad3-a10e-f529804a44b5,2025-05-10,13:30:00,15:30:00,34,APROBADA
50769872-4a9a-57db-a626-d2b41f24c266,7d424b25-0f98-5f10-b2a8-ed9ddcd33e7a,2025-05-25,11:30:00,13:00:00,28,APROBADA
1ec10291-82ec-5844-bb76-20f53c9aecad,dd609563-702d-543d-a49a-0ce27a83f234,2025-05-24,09:00:00,12:00:00,27,APROBADA
8ff0b967-fa13-5a77-a9d6-46e15c15f8c1,8fd4b53b-1d49-5307-8a1a-e184999a4434,2025-01-12,13:30:00,14:30:00,39,APROBADA
f61c4d31-9dc8-5065-9d36-a9c34545c825,8fd4b53b-1d49-5307-8a1a-e184999a4434,2025-04-06,07:30:00,08:30:00,40,APROBADA
1a45c19c-c390-5ca0-a1c7-953a1e5b2071,eb4139b4-3715-5623-a990-d045271440a9,2025-03-08,07:00:00,09:00:00,26,APROBADA
f49f19e2-76b6-592e-933d-2982c59a257f,da1fe6a7-058c-5ad3-a10e-f529804a44b5,2025-01-06,17:00:00,18:00:00,26,APROBADA
4cf556d5-990b-5bdb-8979-dc3e4b098d16,6d481120-dab0-50c8-8f1b-33cf911e9573,2024-08-14,15:00:00,16:30:00,33,APROBADA
16f07940-bcaa-5075-99f7-6ed50899dced,706ea773-fd09-5587-a465-302616f9d571,2024-12-25,12:30:00,13:30:00,28,APROBADA
53390045-56e4-5a03-9121-61eaacb0ce0f,23c254ed-4635-5cec-baa9-656efa7fd130,2024-10-14,15:30:00,17:00:00,28,APROBADA
5319dd87-d4c0-59c9-896d-bb58a619483f,4b4a10f4-36fa-5109-bc5d-14e24370c164,2024-12-09,12:30:00,14:00:00,28,APROBADA
35b0ad07-dfea-5dbc-8396-cb55841645aa,1dee66e3-0076-5033-8ba0-70dd67e8aea0,2025-04-20,13:30:00,15:30:00,26,APROBADA
9870aec0-d782-5653-ab6d-f65e1ac09606,6903b35b-c2a6-5770-98e5-743c2bc06b45,2025-04-13,13:30:00,15:00:00,35,APROBADA
357fbd7f-5096-5970-ac6b-5246d7cc410d,8fd4b53b-1d49-5307-8a1a-e184999a4434,2025-01-08,10:00:00,13:00:00,37,APROBADA
b55e237a-85aa-50b7-8c85-14f446cd8acc,1dee66e3-0076-5033-8ba0-70dd67e8aea0,2024-07-05,13:00:00,14:00:00,35,APROBADA
ea9e1a95-730b-526d-b94b-f720a82f36b1,b8969593-19a7-5a43-84c0-d52e63ac0cb4,2024-08-05,09:30:00,11:30:00,29,APROBADA
8b1c9ab3-d963-5d63-8536-0e9946d31523,b46607fb-d28f-5c06-a3a8-091cb9d995ec,2025-01-11,13:30:00,14:30:00,26,APROBADA
86430176-a3ea-5a8a-84d1-bf4663a61832,6d481120-dab0-50c8-8f1b-33cf911e9573,2024-10-04,07:30:00,09:30:00,33,APROBADA
21725776-8d68-5e05-b2cb-bd637f51c87c,1a0b71d7-4721-5998-bd82-de26b25b5771,2024-09-13,18:00:00,19:30:00,42,APROBADA
4a441e1d-1ad7-542a-8059-4db3325c5677,f5e43a2a-032c-562e-837a-ff3c72abffb4,2025-01-03,13:30:00,14:30:00,29,APROBADA
f55e24b2-afe1-5859-94a3-da2d999c95a3,0880d439-8834-59c1-bfce-e7f3da722b3f,2025-02-21,15:30:00,16:30:00,36,APROBADA
ba07f8a0-d5b1-50e8-bffd-1b48c57ec9a9,0880d439-8834-59c1-bfce-e7f3da722b3f,2025-06-10,16:30:00,17:30:00,40,APROBADA
49fb3b43-fdfe-502f-bae3-d99a50d83cdb,8fd4b53b-1d49-5307-8a1a-e184999a4434,2025-05-11,14:30:00,15:30:00,31,APROBADA
17472346-57c1-5416-99c7-38fd781b9028,45b00d8f-2f79-52ba-8b17-e7d6ee0b476f,2024-09-16,08:00:00,09:30:00,27,APROBADA
65243ecb-bbd6-5691-b624-20f18adc080a,05a1191e-b84b-597d-b970-b04889cc30ee,2025-04-25,11:30:00,13:00:00,35,APROBADA
dca52da4-ae42-560d-aa9b-ebb3ee9e4b5d,b46607fb-d28f-5c06-a3a8-091cb9d995ec,2025-05-26,18:00:00,21:00:00,33,APROBADA
00e13e31-04a0-5d50-a485-fe3aefd0900e,d7ce39c6-be5b-537a-ae81-d449a1710ff2,2025-02-21,07:00:00,10:00:00,38,APROBADA
74e6a0a4-d0d3-597e-a071-fa406aea3718,1a0b71d7-4721-5998-bd82-de26b25b5771,2024-07-07,08:00:00,09:00:00,39,APROBADA
2971b077-edd8-5ba5-a7f9-e219807e2d51,8fd4b53b-1d49-5307-8a1a-e184999a4434,2024-07-14,08:00:00,09:00:00,26,APROBADA
9b9e9074-7834-54b5-8682-76bc4ddcb3a8,23c254ed-4635-5cec-baa9-656efa7fd130,2024-10-29,13:30:00,15:30:00,29,APROBADA
9fc942fe-c732-5dfb-b20b-2762bde40545,ef815f08-b586-5f03-964a-a08004eaebf3,2025-02-20,18:00:00,20:00:00,28,APROBADA
55d920c4-566c-5122-8518-4a32a6f65753,d76d770e-14c2-5fea-bf8b-28f95250e124,2024-09-02,07:30:00,08:30:00,35,APROBADA
e27e01aa-013e-50b8-9d3f-4198bbb4132f,6c814918-8ba0-52cc-9377-6d60b7946f8b,2025-02-18,07:30:00,09:00:00,38,APROBADA
b6b786ff-aa48-5e80-94a2-2fc2a91e5146,0880d439-8834-59c1-bfce-e7f3da722b3f,2024-12-30,09:30:00,11:30:00,34,APROBADA
81fbfe73-06c1-5600-990b-a4fac1f60e6c,ef815f08-b586-5f03-964a-a08004eaebf3,2025-01-16,07:30:00,09:30:00,32,APROBADA
4b851071-7c4c-55a4-a048-63866054e173,a40fe9f0-87fa-5853-968f-5cedd5939e8a,2024-09-09,15:30:00,16:30:00,30,APROBADA
45cee47c-0d7a-51ef-8cb3-a067aaccc59f,f5e43a2a-032c-562e-837a-ff3c72abffb4,2025-04-20,19:00:00,21:00:00,29,APROBADA
493e3b2b-20f9-50d1-88ab-0d3c9b7403e4,4b4a10f4-36fa-5109-bc5d-14e24370c164,2024-07-13,19:00:00,20:30:00,29,APROBADA
3af1830e-89de-5300-afb0-45685931de3a,ef815f08-b586-5f03-964a-a08004eaebf3,2024-10-17,16:00:00,17:30:00,31,APROBADA
e3f7179f-69a1-5f72-9667-b11657df2e19,aad269e7-97f7-5e2d-9c43-cf84b49bd847,2025-01-22,10:30:00,12:30:00,27,APROBADA
1066dfe7-7f85-58b1-860b-0893d4c6a16d,7bcb3d0c-2500-5f01-abe8-d24e962af50e,2024-12-28,15:30:00,17:30:00,25,APROBADA
d4a4bf56-0dc7-5991-b321-db1863df47d9,d7ce39c6-be5b-537a-ae81-d449a1710ff2,2025-06-22,09:00:00,10:00:00,31,APROBADA
e9839961-f36d-5ef8-bb6e-2cdf0db3383f,e5da4cff-29aa-5f05-8532-70f093603e74,2024-10-18,15:30:00,17:00:00,36,APROBADA
720d98a4-d8d5-5246-abc5-499c1706c5ca,d056b3a8-8204-507a-b6c1-1f1203a87651,2024-07-08,18:30:00,21:30:00,27,APROBADA
3e2f4e2d-2cda-5342-8a48-2a7b3feb8d3e,b8969593-19a7-5a43-84c0-d52e63ac0cb4,2024-07-08,08:30:00,11:30:00,26,APROBADA
983ef8b6-57b5-51e3-832d-4e0a738a398f,e5da4cff-29aa-5f05-8532-70f093603e74,2025-01-31,09:00:00,10:00:00,31,APROBADA
ef9679d1-fa7a-54e8-8380-f15139ff8920,0880d439-8834-59c1-bfce-e7f3da722b3f,2024-12-13,18:00:00,19:30:00,43,APROBADA
3fc93525-409c-5755-8132-5134252e4420,7bcb3d0c-2500-5f01-abe8-d24e962af50e,2025-06-08,17:00:00,18:00:00,29,APROBADA
44e63654-b1d3-513a-8413-b4cbe5e52f27,6c814918-8ba0-52cc-9377-6d60b7946f8b,2025-02-20,14:30:00,15:30:00,33,APROBADA
ee9138db-348a-5050-8554-044395915b0f,6c814918-8ba0-52cc-9377-6d60b7946f8b,2025-06-24,17:00:00,18:30:00,40,APROBADA
26d397cc-2cec-5976-9d73-324263655ca0,6c814918-8ba0-52cc-9377-6d60b7946f8b,2025-04-07,13:30:00,15:00:00,33,APROBADA
83a95d25-5fec-59e9-bfb9-a5833c4546c8,7d424b25-0f98-5f10-b2a8-ed9ddcd33e7a,2024-10-25,14:30:00,16:00:00,38,APROBADA
5a297850-3131-5670-8bdd-1e04c387f9e4,6c814918-8ba0-52cc-9377-6d60b7946f8b,2025-02-22,09:00:00,11:00:00,35,APROBADA
1848acbd-d5e7-5f36-8b7e-74ce670f1a14,d7ce39c6-be5b-537a-ae81-d449a1710ff2,2024-10-06,17:00:00,18:30:00,31,APROBADA
e4f959be-8c7b-5036-b151-924d6d3f3b53,7bcb3d0c-2500-5f01-abe8-d24e962af50e,2025-01-25,14:00:00,17:00:00,26,APROBADA
43c44cec-939a-528c-9a71-c489c4f5b5ba,a40fe9f0-87fa-5853-968f-5cedd5939e8a,2024-11-13,16:30:00,18:30:00,31,APROBADA
56b897f1-0d7e-5254-a7ee-301f87eb6be6,ef815f08-b586-5f03-964a-a08004eaebf3,2024-08-19,12:30:00,14:00:00,30,APROBADA
26e16f5b-a320-5f90-8a35-b503bfdb8934,8fd4b53b-1d49-5307-8a1a-e184999a4434,2024-12-22,16:30:00,17:30:00,40,APROBADA
bb13d0ea-dad1-569d-bffd-f6c783e2e811,2574a671-d58d-5db3-8c9f-2518d8a8d790,2025-06-01,09:00:00,10:00:00,25,APROBADA
28c58946-56a5-56c2-a49c-c1c46f4445df,eb4139b4-3715-5623-a990-d045271440a9,2025-01-11,12:00:00,15:00:00,27,APROBADA
4c158156-2e2d-533f-9154-7999b6250618,ef815f08-b586-5f03-964a-a08004eaebf3,2025-05-08,16:30:00,17:30:00,35,APROBADA
b8e0b231-9a0a-5562-a631-284ea2e20bf6,6c814918-8ba0-52cc-9377-6d60b7946f8b,2025-03-12,11:30:00,12:30:00,27,APROBADA
fd275ae6-4c3a-5941-8695-71670425ed2a,706ea773-fd09-5587-a465-302616f9d571,2024-12-29,09:30:00,12:30:00,30,APROBADA
d1480aab-7f48-507c-9e06-f84f659c24fa,0880d439-8834-59c1-bfce-e7f3da722b3f,2024-10-30,16:30:00,18:30:00,42,APROBADA
82096ac2-9cde-576e-bb7d-72abb6067493,05a1191e-b84b-597d-b970-b04889cc30ee,2025-05-24,14:30:00,15:30:00,31,APROBADA
d0c4b24b-f745-5704-a570-39d136c09f3c,d7ce39c6-be5b-537a-ae81-d449a1710ff2,2025-04-06,08:30:00,09:30:00,39,APROBADA
9651f50a-04b0-55ff-84c7-02888a17a2f1,b8969593-19a7-5a43-84c0-d52e63ac0cb4,2024-12-08,07:30:00,10:30:00,26,APROBADA
05730fb1-c1f5-5684-bde2-c7dfa4ea0063,6c814918-8ba0-52cc-9377-6d60b7946f8b,2024-12-07,13:30:00,15:00:00,33,APROBADA
52c2bd4c-970e-5476-b635-365bd3e85604,23c254ed-4635-5cec-baa9-656efa7fd130,2025-04-06,10:30:00,12:30:00,30,APROBADA
6e6c6d33-49bf-5e8b-961f-e945ae8400d5,6903b35b-c2a6-5770-98e5-743c2bc06b45,2025-02-07,10:30:00,11:30:00,36,APROBADA
e4af7a3d-da0a-53ac-b1f5-cfd897b9d109,6c814918-8ba0-52cc-9377-6d60b7946f8b,2024-08-27,14:00:00,17:00:00,30,APROBADA
1b91e011-0eb2-5c56-a387-a54633056ac5,2574a671-d58d-5db3-8c9f-2518d8a8d790,2024-12-25,13:00:00,16:00:00,34,APROBADA
d8b63b54-b174-502c-bad6-db8308947ad4,6903b35b-c2a6-5770-98e5-743c2bc06b45,2025-05-01,09:00:00,11:00:00,34,APROBADA
7c344a58-53f8-511e-9509-0e9b57e53515,1a0b71d7-4721-5998-bd82-de26b25b5771,2024-11-15,12:30:00,14:30:00,39,APROBADA
f961f9c9-6a18-5334-b559-4da0b093086f,706ea773-fd09-5587-a465-302616f9d571,2024-10-09,19:00:00,21:00:00,29,APROBADA
e3af7604-8ad7-505c-8c66-57373c41abdd,dd609563-702d-543d-a49a-0ce27a83f234,2025-01-20,18:00:00,21:00:00,26,APROBADA
a3b58c65-0d87-5252-bdf3-b82d5d4f9146,1dee66e3-0076-5033-8ba0-70dd67e8aea0,2025-05-21,07:00:00,10:00:00,41,APROBADA
af76319f-88be-5351-afcd-184ba8148496,d76d770e-14c2-5fea-bf8b-28f95250e124,2024-12-28,08:30:00,10:30:00,36,APROBADA
cc887894-d992-54e7-9a5a-18e2f9997ecb,6d481120-dab0-50c8-8f1b-33cf911e9573,2025-03-19,14:30:00,15:30:00,43,APROBADA
768c57fa-e7bb-595d-ac8d-440e3d2fc86e,d76d770e-14c2-5fea-bf8b-28f95250e124,2025-06-20,16:30:00,19:30:00,27,APROBADA
b287bc24-99de-5f99-8ef3-171d5b3b9448,e5da4cff-29aa-5f05-8532-70f093603e74,2025-06-15,16:00:00,19:00:00,33,APROBADA
dfa382e5-df18-5dcd-947f-9748d37fb333,d7ce39c6-be5b-537a-ae81-d449a1710ff2,2024-08-29,12:00:00,14:00:00,31,APROBADA
6cb89468-800b-5408-a0c3-c76dd8836614,b8969593-19a7-5a43-84c0-d52e63ac0cb4,2025-02-24,13:00:00,14:00:00,25,APROBADA
d629903e-d348-5a62-976c-37e2d05262ae,05a1191e-b84b-597d-b970-b04889cc30ee,2025-01-08,17:30:00,19:00:00,28,APROBADA
3b69821f-c053-552d-b003-887a78466fd2,7d424b25-0f98-5f10-b2a8-ed9ddcd33e7a,2024-09-26,11:00:00,12:30:00,33,APROBADA
fd494358-215e-5135-bba2-75068b65748b,e5da4cff-29aa-5f05-8532-70f093603e74,2025-05-07,12:00:00,13:00:00,37,APROBADA
62fe5640-d0a2-51ed-90d9-b87230163e73,c1489a8f-1dff-511e-b025-5a10261901d7,2025-02-13,12:00:00,13:30:00,32,APROBADA
ddd4aab2-c1e5-5904-8bd8-0f50755e04fa,ef815f08-b586-5f03-964a-a08004eaebf3,2024-08-15,10:00:00,12:00:00,28,APROBADA
2d04a75f-6394-5e20-b727-5f4b1c1fb913,6903b35b-c2a6-5770-98e5-743c2bc06b45,2025-01-24,13:00:00,14:00:00,34,APROBADA
387870f7-e227-5c58-9a94-9714a76e3de9,d76d770e-14c2-5fea-bf8b-28f95250e124,2024-08-04,12:00:00,13:00:00,33,APROBADA
2e8d2f83-0e21-5229-8442-452390093da9,c1489a8f-1dff-511e-b025-5a10261901d7,2025-04-26,07:00:00,08:00:00,27,APROBADA
0c60eb56-2fc4-55e8-a8a9-47dc1bf77bf2,6c814918-8ba0-52cc-9377-6d60b7946f8b,2025-04-30,13:00:00,14:30:00,38,APROBADA
94a69238-b7b4-518a-96e1-253c1fe3d4ab,c1489a8f-1dff-511e-b025-5a10261901d7,2025-04-24,14:00:00,15:30:00,32,APROBADA
9f1ddafe-67ba-5c22-95b6-fe4806c3171f,d7ce39c6-be5b-537a-ae81-d449a1710ff2,2024-07-05,09:00:00,10:00:00,35,APROBADA
ceb47ad8-91d2-5867-9406-855124fe0aaf,2574a671-d58d-5db3-8c9f-2518d8a8d790,2024-07-21,10:00:00,11:00:00,30,APROBADA
60dd6341-4b47-5ce3-b773-5cb25ef0ed7d,da1fe6a7-058c-5ad3-a10e-f529804a44b5,2024-08-15,07:00:00,08:30:00,34,APROBADA
d76e791f-27ba-578d-a278-98acea98e4eb,1dee66e3-0076-5033-8ba0-70dd67e8aea0,2024-07-12,09:00:00,11:00:00,38,APROBADA
bd21924a-7fd8-506e-935c-5caf69ecc882,05a1191e-b84b-597d-b970-b04889cc30ee,2024-10-14,09:00:00,12:00:00,25,APROBADA
93cedc16-388f-5127-bb89-2bb8c5bcf43e,1a0b71d7-4721-5998-bd82-de26b25b5771,2024-08-12,16:30:00,19:30:00,39,APROBADA
f4b80b6e-1513-50c9-ab14-c0c4b5b5e163,dd609563-702d-543d-a49a-0ce27a83f234,2025-04-16,07:30:00,10:30:00,32,APROBADA
b3e5bf63-fefb-5eb9-b471-0fd419b3b935,7d424b25-0f98-5f10-b2a8-ed9ddcd33e7a,2025-02-20,16:00:00,17:00:00,40,APROBADA
0707636b-d2e9-527e-ad53-ea295d2b5162,dd609563-702d-543d-a49a-0ce27a83f234,2024-08-13,11:00:00,12:30:00,30,APROBADA
9dd55bb8-5827-5da7-be5f-5adaec4a7134,aad269e7-97f7-5e2d-9c43-cf84b49bd847,2024-07-29,07:00:00,08:30:00,29,APROBADA
1ba639bb-8fe4-5a52-b7dd-536bd9ad07b3,6d481120-dab0-50c8-8f1b-33cf911e9573,2024-07-10,18:30:00,20:30:00,42,APROBADA
9fc4157b-5ac7-52f8-8c8d-3b35d249c24b,0880d439-8834-59c1-bfce-e7f3da722b3f,2024-09-03,08:00:00,10:00:00,33,APROBADA
b2ca4216-46dc-59b6-a7f6-14d6095cee53,f5e43a2a-032c-562e-837a-ff3c72abffb4,2025-02-25,10:30:00,12:30:00,26,APROBADA
76f081dc-6319-53c2-a3a2-f70543ddb5d4,8fd4b53b-1d49-5307-8a1a-e184999a4434,2024-11-05,10:30:00,12:30:00,38,APROBADA
aa0aca01-5608-557d-90a8-adf036670224,6903b35b-c2a6-5770-98e5-743c2bc06b45,2025-04-17,07:30:00,08:30:00,26,APROBADA
51b0c5a4-a040-5b06-8dfc-c2350db3a25f,7d424b25-0f98-5f10-b2a8-ed9ddcd33e7a,2025-06-05,16:00:00,17:30:00,34,APROBADA
ae471bbf-8f4a-52f9-a244-863589be8725,1dee66e3-0076-5033-8ba0-70dd67e8aea0,2025-04-04,07:30:00,09:00:00,30,APROBADA
04c116ac-3930-574a-8237-86e2db426a35,ef815f08-b586-5f03-964a-a08004eaebf3,2025-03-09,14:30:00,16:30:00,32,APROBADA
36de9279-1df1-5169-ad4d-6391e5820a4e,6c814918-8ba0-52cc-9377-6d60b7946f8b,2024-11-25,08:00:00,09:30:00,28,APROBADA
7ef0824b-4667-583f-a8a8-3d21d0925bf3,0880d439-8834-59c1-bfce-e7f3da722b3f,2024-09-20,17:30:00,19:30:00,25,APROBADA
ee1e8299-02d6-52a3-a728-73668f7e2ffe,05a1191e-b84b-597d-b970-b04889cc30ee,2024-07-08,07:30:00,09:00:00,35,APROBADA
5355e5f0-7ba8-5b95-82ce-87c165186b7f,dd609563-702d-543d-a49a-0ce27a83f234,2024-11-30,12:30:00,13:30:00,26,APROBADA
b1ce094c-1293-56c0-8146-7c6494ebf638,23c254ed-4635-5cec-baa9-656efa7fd130,2025-04-24,16:30:00,17:30:00,25,APROBADA
6cdaa428-88ba-5d06-9bcc-909cb9d9027c,23c254ed-4635-5cec-baa9-656efa7fd130,2024-08-17,09:30:00,11:30:00,30,APROBADA
733cd92b-3aa7-545e-a7f4-d7378b9befec,10225e74-7c22-5384-8cdc-396a168ec651,2024-09-26,18:00:00,19:00:00,34,APROBADA
a310fe70-1d5e-51f2-8e69-c2333967c80c,a22ee2bf-332c-5ac1-ae12-28ce7b0033a1,2024-11-30,11:30:00,12:30:00,33,APROBADA
a03b44ce-abaa-50e7-bcda-b0930bb5423d,ef815f08-b586-5f03-964a-a08004eaebf3,2024-10-19,15:00:00,17:00:00,28,APROBADA
67a33c08-6a72-56d6-bb0a-8210fe3fe47f,23c254ed-4635-5cec-baa9-656efa7fd130,2025-05-31,11:00:00,14:00:00,32,APROBADA
ec1385e3-e769-52c8-981a-fc882c2711ae,23c254ed-4635-5cec-baa9-656efa7fd130,2025-03-16,07:30:00,08:30:00,25,APROBADA
1d71d2e2-4ae3-551b-9016-526682d630a3,7d424b25-0f98-5f10-b2a8-ed9ddcd33e7a,2024-12-17,15:00:00,17:00:00,37,APROBADA
a162d5fb-fb8d-5774-8339-30d95ceb2282,b46607fb-d28f-5c06-a3a8-091cb9d995ec,2024-07-31,12:00:00,13:30:00,40,APROBADA
7d6fccd2-c24d-515b-81c1-dd79b4e1a960,da1fe6a7-058c-5ad3-a10e-f529804a44b5,2025-03-16,09:00:00,12:00:00,34,APROBADA
cf4b767d-4c48-570c-b30f-4a68d91be15a,da1fe6a7-058c-5ad3-a10e-f529804a44b5,2025-03-18,12:30:00,14:00:00,32,APROBADA
160bfab2-ebe8-506b-9d9d-728f1fa5f6f3,ef815f08-b586-5f03-964a-a08004eaebf3,2024-09-25,09:00:00,11:00:00,33,APROBADA
b2725e5b-000f-5861-b01d-c171f6bc6b77,a22ee2bf-332c-5ac1-ae12-28ce7b0033a1,2024-10-22,14:30:00,16:30:00,30,APROBADA
ae8f8805-6015-5549-a3b0-ab85ce5a5a27,eb4139b4-3715-5623-a990-d045271440a9,2025-06-26,11:30:00,12:30:00,27,APROBADA
c6eea0c2-e374-5a0d-92eb-cbde9e008365,05a1191e-b84b-597d-b970-b04889cc30ee,2024-10-12,17:30:00,19:00:00,31,APROBADA
551eb14a-d513-5b53-ab9d-9c23c345d76b,4b4a10f4-36fa-5109-bc5d-14e24370c164,2025-04-02,16:30:00,18:00:00,31,APROBADA
9961d782-2bc5-54c2-86c0-d08967f5c837,dd609563-702d-543d-a49a-0ce27a83f234,2024-08-20,17:00:00,18:00:00,29,APROBADA
2347b089-4980-5f9c-85bd-70fdf69e3209,6c814918-8ba0-52cc-9377-6d60b7946f8b,2025-02-23,16:30:00,18:00:00,33,APROBADA
48dd833c-8864-5022-9df1-ed63912091bf,c1489a8f-1dff-511e-b025-5a10261901d7,2024-09-08,08:00:00,11:00:00,28,APROBADA
9f6e32b4-b099-51b4-8ad9-a92808d48f9a,da1fe6a7-058c-5ad3-a10e-f529804a44b5,2025-06-05,09:00:00,10:30:00,30,APROBADA
ed1608ad-3a52-5969-b630-92314d3c4bfb,6903b35b-c2a6-5770-98e5-743c2bc06b45,2025-05-21,07:00:00,09:00:00,35,APROBADA
bbd6782d-9fdd-517e-9945-20725a203c9c,8fd4b53b-1d49-5307-8a1a-e184999a4434,2025-06-25,18:00:00,19:00:00,25,APROBADA
2046f5a4-1e55-58fd-a65b-6b4c63c06c2e,2574a671-d58d-5db3-8c9f-2518d8a8d790,2024-11-22,16:00:00,19:00:00,25,APROBADA
c9323d73-c269-529c-bf0f-a15cbf2c8794,ef815f08-b586-5f03-964a-a08004eaebf3,2025-03-01,18:00:00,21:00:00,35,APROBADA
fd73e1f0-3dbe-564a-ad45-cf72ad38abaf,d7ce39c6-be5b-537a-ae81-d449a1710ff2,2024-09-24,10:30:00,11:30:00,27,APROBADA
2a9beaa7-5f95-5cd4-9529-a35c7faf1e73,d7ce39c6-be5b-537a-ae81-d449a1710ff2,2024-10-04,13:30:00,15:00:00,28,APROBADA
a0c93d7d-ade2-51a2-96e1-3f7e68a10df9,7bcb3d0c-2500-5f01-abe8-d24e962af50e,2024-07-14,08:30:00,09:30:00,30,APROBADA
9a8d7270-b928-569d-a3ed-fe9615941440,d056b3a8-8204-507a-b6c1-1f1203a87651,2024-12-16,08:30:00,11:30:00,32,APROBADA
ae2cd108-f7d0-5c0c-9911-e3671ab6e8d9,da1fe6a7-058c-5ad3-a10e-f529804a44b5,2024-07-15,07:00:00,09:00:00,26,APROBADA
89b985f6-a5b3-58a9-9957-070bd6df278b,a22ee2bf-332c-5ac1-ae12-28ce7b0033a1,2025-05-21,17:00:00,18:30:00,28,APROBADA
ebec3240-f09e-5f85-a7eb-0edea7867756,1dee66e3-0076-5033-8ba0-70dd67e8aea0,2024-07-05,14:30:00,16:30:00,40,APROBADA
4dfb4d5b-70b1-586c-914f-24abab1218ed,a40fe9f0-87fa-5853-968f-5cedd5939e8a,2025-06-22,12:00:00,14:00:00,27,APROBADA
ad225794-d4b6-5a38-a876-0a0a1767a3ee,45b00d8f-2f79-52ba-8b17-e7d6ee0b476f,2024-11-18,09:00:00,10:00:00,32,APROBADA
33b3a87a-c33d-5060-b9e9-4e5294d4a0c2,1a0b71d7-4721-5998-bd82-de26b25b5771,2024-08-17,19:00:00,20:00:00,38,APROBADA
66bad87e-dfc2-5536-9391-cc539b6ac0c4,1a0b71d7-4721-5998-bd82-de26b25b5771,2025-06-01,10:00:00,13:00:00,30,APROBADA
a5d85563-92f2-583f-bbd1-383884787ed5,4b4a10f4-36fa-5109-bc5d-14e24370c164,2025-01-20,12:30:00,13:30:00,26,APROBADA
3bde36d0-af8e-57f4-97ff-d774c28cc5a9,f5e43a2a-032c-562e-837a-ff3c72abffb4,2025-02-17,19:00:00,20:00:00,25,APROBADA
504e4bf8-86e2-54f8-8343-5c317df96dee,a22ee2bf-332c-5ac1-ae12-28ce7b0033a1,2025-05-30,12:30:00,14:00:00,33,APROBADA
6cf5b347-5555-5982-909a-fa3fde12f935,23c254ed-4635-5cec-baa9-656efa7fd130,2025-05-19,16:30:00,18:00:00,30,APROBADA
bb1eaa1b-5a4b-518c-96cc-adffe4e8415f,d7ce39c6-be5b-537a-ae81-d449a1710ff2,2024-10-05,16:30:00,17:30:00,38,APROBADA
704e97f3-9ca7-530e-99f7-ada6a0e0987e,7bcb3d0c-2500-5f01-abe8-d24e962af50e,2025-03-11,17:30:00,19:30:00,25,APROBADA
b5c1ba4a-5ce8-50a7-add7-ff624b5f446e,e5da4cff-29aa-5f05-8532-70f093603e74,2025-04-07,08:30:00,11:30:00,26,APROBADA
497ae4a1-47be-5c7f-abc2-e389ff8d9a7c,b46607fb-d28f-5c06-a3a8-091cb9d995ec,2024-09-03,08:00:00,10:00:00,39,APROBADA
c8672716-cf0d-5924-930e-dc097c4de943,7bcb3d0c-2500-5f01-abe8-d24e962af50e,2024-08-03,13:30:00,14:30:00,28,APROBADA
6eb02b0d-466c-5067-9093-7ef87f720bf8,eb4139b4-3715-5623-a990-d045271440a9,2025-06-08,16:30:00,18:00:00,31,APROBADA
84e25742-d205-5914-85f1-edf857a3dd46,10225e74-7c22-5384-8cdc-396a168ec651,2025-06-06,13:30:00,14:30:00,32,APROBADA
2244321e-8255-5300-b8f2-8ca0a73dadec,1a0b71d7-4721-5998-bd82-de26b25b5771,2024-10-28,16:30:00,17:30:00,40,APROBADA
4bde3476-5399-51f5-9250-e44c96de15bf,d7ce39c6-be5b-537a-ae81-d449a1710ff2,2025-04-12,12:00:00,15:00:00,36,APROBADA
512303df-a452-5d95-b657-f97ac2d48133,1dee66e3-0076-5033-8ba0-70dd67e8aea0,2025-05-19,12:30:00,14:30:00,25,APROBADA
55695958-8a0e-58a7-b7d1-82f0f4d371c9,2574a671-d58d-5db3-8c9f-2518d8a8d790,2024-11-28,18:00:00,19:00:00,27,APROBADA
b10133b9-ab27-5187-8653-52d573809053,e5da4cff-29aa-5f05-8532-70f093603e74,2025-01-05,09:30:00,10:30:00,31,APROBADA
6f3f8e09-aeaf-54a8-8c33-b97ffed41332,e5da4cff-29aa-5f05-8532-70f093603e74,2025-05-02,07:00:00,08:30:00,37,APROBADA
704b01ab-0621-510d-b1a6-a18793b6746d,6c814918-8ba0-52cc-9377-6d60b7946f8b,2025-04-24,15:00:00,17:00:00,25,APROBADA
c20a9f65-fd84-5763-963d-337afb0c527a,a40fe9f0-87fa-5853-968f-5cedd5939e8a,2024-07-02,15:00:00,17:00:00,30,APROBADA
1572a899-fcc7-5e9c-8311-c8acb81fd0ad,a22ee2bf-332c-5ac1-ae12-28ce7b0033a1,2024-08-30,15:30:00,17:30:00,34,APROBADA
ee1a991f-1010-5dd2-bbde-1c83e658d095,1dee66e3-0076-5033-8ba0-70dd67e8aea0,2024-07-14,15:30:00,17:00:00,26,APROBADA
93cebfb8-7405-5456-82ee-b3e83ee5e390,d76d770e-14c2-5fea-bf8b-28f95250e124,2025-04-22,13:30:00,14:30:00,40,APROBADA
3677e26c-fc02-5293-b64e-699e2405467b,1a0b71d7-4721-5998-bd82-de26b25b5771,2024-11-11,11:30:00,12:30:00,39,APROBADA
8af38020-e160-55d4-b2b7-d675ee6fcba3,6d481120-dab0-50c8-8f1b-33cf911e9573,2025-02-20,08:30:00,11:30:00,26,APROBADA
e03937f5-4de2-5130-80b5-ab408935050d,45b00d8f-2f79-52ba-8b17-e7d6ee0b476f,2024-11-04,17:30:00,19:00:00,25,APROBADA
6778432a-49a6-50f0-9c23-17a891e2a33a,aad269e7-97f7-5e2d-9c43-cf84b49bd847,2025-04-02,15:00:00,17:00:00,29,APROBADA
40ea1bc9-1759-5c2f-9b19-162deb977475,c1489a8f-1dff-511e-b025-5a10261901d7,2024-12-12,07:30:00,10:30:00,30,APROBADA
5e18e223-8a44-52a7-8920-85f05ad5940c,c1489a8f-1dff-511e-b025-5a10261901d7,2025-01-30,17:00:00,20:00:00,29,APROBADA
3f270270-87df-5a99-b1b1-9734448f0237,da1fe6a7-058c-5ad3-a10e-f529804a44b5,2025-03-29,12:30:00,14:30:00,26,APROBADA
24b9a332-2eb0-58f7-b3df-f4a143f86acc,eb4139b4-3715-5623-a990-d045271440a9,2024-11-05,12:00:00,14:00:00,32,APROBADA
43e8f1aa-c1b0-5494-b8dc-63434edfe802,05a1191e-b84b-597d-b970-b04889cc30ee,2024-10-25,13:00:00,14:30:00,30,APROBADA
dae0f30e-d264-5db1-bca9-f8cb30cfbe4c,6903b35b-c2a6-5770-98e5-743c2bc06b45,2025-06-27,14:30:00,17:30:00,34,APROBADA
7cee837c-eb1b-57c3-93de-93c6a1395d86,10225e74-7c22-5384-8cdc-396a168ec651,2024-08-28,16:00:00,19:00:00,26,APROBADA
9fbc2e16-4167-54ca-b24b-4d2c421d5198,d7ce39c6-be5b-537a-ae81-d449a1710ff2,2024-12-11,07:00:00,10:00:00,32,APROBADA
3e38289c-f06b-52be-8db6-6091465d1196,6c814918-8ba0-52cc-9377-6d60b7946f8b,2025-01-18,15:30:00,17:00:00,27,APROBADA
e714a9d5-fce1-59dc-8f27-06ac7c332bf5,1dee66e3-0076-5033-8ba0-70dd67e8aea0,2025-06-20,10:30:00,12:00:00,27,APROBADA
e5fc2d3d-fdc8-54f0-aa07-dedffbff1fff,d7ce39c6-be5b-537a-ae81-d449a1710ff2,2024-11-16,18:00:00,20:00:00,40,APROBADA
292c9a6a-8627-560b-ae1c-c1e12d6197c1,2574a671-d58d-5db3-8c9f-2518d8a8d790,2024-12-29,17:00:00,20:00:00,39,APROBADA
879c5c8a-251b-552f-b7f9-c258c6dd093c,d76d770e-14c2-5fea-bf8b-28f95250e124,2024-09-21,13:00:00,15:00:00,32,APROBADA
a84b59c0-db58-5a70-a241-819e676e5825,6903b35b-c2a6-5770-98e5-743c2bc06b45,2025-03-14,16:00:00,18:00:00,34,APROBADA
eef24116-aa9b-5526-90c1-f20c8c3a405c,8fd4b53b-1d49-5307-8a1a-e184999a4434,2024-11-02,13:00:00,14:30:00,34,APROBADA
26b5f670-8daa-5dae-8fd6-c27c94ff0ff8,d7ce39c6-be5b-537a-ae81-d449a1710ff2,2025-03-01,17:30:00,19:30:00,45,APROBADA
7da2738e-04c8-5ade-8e7e-912ff6d608f8,2574a671-d58d-5db3-8c9f-2518d8a8d790,2024-10-22,13:30:00,15:30:00,32,APROBADA
7b7ce66a-432e-5274-9b42-c9de31d299b6,a22ee2bf-332c-5ac1-ae12-28ce7b0033a1,2024-07-03,08:30:00,10:30:00,29,APROBADA
f45a4ad2-204d-5616-b498-fc99a0f19c9a,d7ce39c6-be5b-537a-ae81-d449a1710ff2,2025-05-18,07:30:00,09:30:00,44,APROBADA
d88ee42d-4121-5c6d-839d-40badac27405,6d481120-dab0-50c8-8f1b-33cf911e9573,2025-06-30,10:00:00,13:00:00,35,APROBADA
b3837728-f04f-5fb1-a163-c1a9be12a086,0880d439-8834-59c1-bfce-e7f3da722b3f,2025-06-09,17:30:00,18:30:00,37,APROBADA
5dbb1f73-f75a-551a-a2ca-181e98f83010,2574a671-d58d-5db3-8c9f-2518d8a8d790,2024-11-28,12:30:00,15:30:00,40,APROBADA
6b419773-6365-5dd1-a6b5-f33226098fcc,d76d770e-14c2-5fea-bf8b-28f95250e124,2025-01-24,14:00:00,16:00:00,32,APROBADA
61af17bb-0585-53bd-9403-0d3d0db5a49e,6c814918-8ba0-52cc-9377-6d60b7946f8b,2025-05-14,19:00:00,22:00:00,35,APROBADA
2a331e1c-a988-5bb0-b428-1a4ff7098cfa,c1489a8f-1dff-511e-b025-5a10261901d7,2024-12-21,07:30:00,10:30:00,27,APROBADA
f28f43d0-3c5e-5fd6-88e7-3e2228fdaf89,05a1191e-b84b-597d-b970-b04889cc30ee,2025-01-10,14:00:00,15:30:00,26,APROBADA
881b9437-ce1d-5034-8205-b5e7f2e88ef7,dd609563-702d-543d-a49a-0ce27a83f234,2025-06-15,14:30:00,15:30:00,26,APROBADA
c933f0e0-335a-50ad-8c4a-6c26ea6f5d65,8fd4b53b-1d49-5307-8a1a-e184999a4434,2025-03-30,16:30:00,18:30:00,35,APROBADA
eceb8cf1-a897-5d50-bc12-f458f2abe616,6d481120-dab0-50c8-8f1b-33cf911e9573,2024-12-06,07:30:00,09:30:00,41,APROBADA
afe4eebb-1994-533e-a0ad-c255da540d24,eb4139b4-3715-5623-a990-d045271440a9,2024-09-20,19:00:00,22:00:00,30,APROBADA
81f98252-9484-5e31-ad85-cf815e861fc3,e5da4cff-29aa-5f05-8532-70f093603e74,2024-07-08,08:30:00,09:30:00,31,APROBADA
8328f8b3-80b0-5d98-9dc7-682dd87c6e99,0880d439-8834-59c1-bfce-e7f3da722b3f,2025-01-09,18:30:00,19:30:00,33,APROBADA
d330362b-1543-53cc-87a5-d1fc6551f262,c1489a8f-1dff-511e-b025-5a10261901d7,2024-08-24,11:00:00,12:00:00,30,APROBADA
266be7c1-d99f-5148-8685-cc7177f79045,da1fe6a7-058c-5ad3-a10e-f529804a44b5,2025-03-06,11:00:00,13:00:00,30,APROBADA
292f7f8f-5843-5736-b976-9af8d4bb73f4,da1fe6a7-058c-5ad3-a10e-f529804a44b5,2024-12-31,12:00:00,13:30:00,26,APROBADA
eb264b91-878f-5eff-b449-06fe7cd20d0b,706ea773-fd09-5587-a465-302616f9d571,2024-11-28,12:30:00,14:30:00,30,APROBADA
1737368e-a82b-5e36-925b-884f52d99931,45b00d8f-2f79-52ba-8b17-e7d6ee0b476f,2024-10-05,11:30:00,12:30:00,36,APROBADA
c73ae73f-6f36-545c-90e8-5d729f1ead44,a22ee2bf-332c-5ac1-ae12-28ce7b0033a1,2024-10-10,11:30:00,13:30:00,35,APROBADA
b64120f8-a104-5568-b359-2e81258ba55d,8fd4b53b-1d49-5307-8a1a-e184999a4434,2024-07-14,17:00:00,20:00:00,30,APROBADA
631ba3a8-1559-56e0-b0df-2a97c8ee12cd,6c814918-8ba0-52cc-9377-6d60b7946f8b,2025-05-21,07:00:00,10:00:00,37,APROBADA
edd4a56c-16c4-5d3b-acb2-d7701d9db6b7,a40fe9f0-87fa-5853-968f-5cedd5939e8a,2025-01-29,08:30:00,10:30:00,30,APROBADA
56095532-524a-55f3-8e9a-68aa793c1a3f,a40fe9f0-87fa-5853-968f-5cedd5939e8a,2024-08-28,14:00:00,15:00:00,29,APROBADA
00e5c153-cd5e-5347-9d96-797f98978fd6,1a0b71d7-4721-5998-bd82-de26b25b5771,2025-06-15,11:30:00,13:00:00,35,APROBADA
5532d594-494e-526a-af5a-67c196001602,d7ce39c6-be5b-537a-ae81-d449a1710ff2,2024-07-09,14:00:00,16:00:00,41,APROBADA
af48d9cb-eced-5ba8-b6b9-d52674b66360,a22ee2bf-332c-5ac1-ae12-28ce7b0033a1,2025-02-28,18:00:00,21:00:00,28,APROBADA
d3c3836f-9db6-5e9a-b944-726df0794b9e,706ea773-fd09-5587-a465-302616f9d571,2024-09-27,10:30:00,13:30:00,37,APROBADA
21387c9f-1935-59ba-aef8-db88a10fb173,e5da4cff-29aa-5f05-8532-70f093603e74,2024-11-12,13:00:00,16:00:00,33,APROBADA
ffadf2a3-5f5d-5cc3-9629-d47f5fa7cb60,7d424b25-0f98-5f10-b2a8-ed9ddcd33e7a,2024-09-08,15:30:00,16:30:00,29,APROBADA
8066b10e-ce46-5510-8a71-9f042f568109,6903b35b-c2a6-5770-98e5-743c2bc06b45,2025-05-05,12:30:00,13:30:00,26,APROBADA
a1b8ceba-d89f-5101-9515-e8e4c2bc027b,dd609563-702d-543d-a49a-0ce27a83f234,2024-09-23,15:30:00,17:30:00,40,APROBADA
9fe12ad6-39d0-5296-a7ca-11f8fcff53a2,7d424b25-0f98-5f10-b2a8-ed9ddcd33e7a,2024-12-23,07:30:00,08:30:00,25,APROBADA
dec9d12a-d77a-5d5c-b539-9da36eb9d670,706ea773-fd09-5587-a465-302616f9d571,2025-04-20,10:00:00,11:00:00,30,APROBADA
e16291be-196e-5553-89b2-5fe6c0ac4a75,1a0b71d7-4721-5998-bd82-de26b25b5771,2025-05-02,18:30:00,20:00:00,27,APROBADA
448ac91f-ab8b-5d2b-bb49-b0d1e244f552,aad269e7-97f7-5e2d-9c43-cf84b49bd847,2024-07-26,15:00:00,16:30:00,27,APROBADA
74fefc86-8422-593f-89d1-0c0ef81a5c4a,a22ee2bf-332c-5ac1-ae12-28ce7b0033a1,2025-03-05,18:30:00,20:30:00,29,APROBADA
65a48c7c-f847-54a1-bf74-9008a0324e96,da1fe6a7-058c-5ad3-a10e-f529804a44b5,2025-04-15,08:30:00,11:30:00,35,APROBADA
4e753bd0-7728-55c2-9a7e-53c3c0944061,7bcb3d0c-2500-5f01-abe8-d24e962af50e,2025-04-27,11:00:00,12:00:00,32,APROBADA
7e6ff26a-d0dc-5f88-875d-fba71ec299c8,7d424b25-0f98-5f10-b2a8-ed9ddcd33e7a,2024-07-20,14:30:00,17:30:00,29,APROBADA
6d8e9058-ec40-5bbf-9bdd-95cfb04b96fd,d76d770e-14c2-5fea-bf8b-28f95250e124,2025-02-04,13:00:00,15:00:00,39,APROBADA
d0a9ae20-624d-528a-8e89-d43d62ccdd83,b46607fb-d28f-5c06-a3a8-091cb9d995ec,2024-07-18,15:30:00,18:30:00,30,APROBADA
ed02a7a6-6d28-549c-be26-3544252dd4c9,dd609563-702d-543d-a49a-0ce27a83f234,2024-10-10,10:30:00,13:30:00,40,APROBADA
aa9ce0b1-ff60-591f-aa97-539322e0a507,c1489a8f-1dff-511e-b025-5a10261901d7,2025-04-06,16:30:00,19:30:00,28,APROBADA
17d33a85-4ef3-549d-a12e-1407f8245902,a40fe9f0-87fa-5853-968f-5cedd5939e8a,2024-07-02,13:30:00,15:00:00,31,APROBADA
f08394c1-8a92-52ce-aee3-f9be5856e041,7bcb3d0c-2500-5f01-abe8-d24e962af50e,2025-02-04,15:30:00,17:30:00,30,APROBADA
b3cbb54c-8e55-55a9-9d9a-9da9f4764c52,7d424b25-0f98-5f10-b2a8-ed9ddcd33e7a,2024-12-06,15:00:00,18:00:00,27,APROBADA
a674258e-19aa-5cd4-b1e5-a58051910910,6903b35b-c2a6-5770-98e5-743c2bc06b45,2024-12-19,15:30:00,17:00:00,34,APROBADA
bf6bce76-d25b-51c8-905f-2906eb4ec4e1,b8969593-19a7-5a43-84c0-d52e63ac0cb4,2024-08-15,10:30:00,12:00:00,26,APROBADA
7aea6798-3322-5005-8606-a55905b25deb,1a0b71d7-4721-5998-bd82-de26b25b5771,2024-10-30,15:00:00,16:00:00,30,APROBADA
69800188-dfd3-51ed-ad8e-001addf35a0f,d056b3a8-8204-507a-b6c1-1f1203a87651,2025-03-09,12:30:00,14:00:00,26,APROBADA
4e254156-a686-5541-88da-1eaeae4f4d2b,ef815f08-b586-5f03-964a-a08004eaebf3,2024-08-21,15:30:00,16:30:00,33,APROBADA
5790eb3b-3492-54ff-9392-5ff19e32d9aa,a40fe9f0-87fa-5853-968f-5cedd5939e8a,2024-12-04,18:30:00,19:30:00,30,APROBADA
06644be3-c8bc-5a68-98e6-e21460c79d3d,7bcb3d0c-2500-5f01-abe8-d24e962af50e,2024-10-05,17:30:00,19:30:00,31,APROBADA
8ca9f7b5-74f7-571f-b513-cbb5a4d00c23,aad269e7-97f7-5e2d-9c43-cf84b49bd847,2025-06-17,18:30:00,20:00:00,25,APROBADA
0a934ac1-57fc-5fb0-9c75-c0127b27a67c,05a1191e-b84b-597d-b970-b04889cc30ee,2024-07-24,12:00:00,15:00:00,31,APROBADA
cf5832cc-efbe-50a5-9e93-d155d565a386,d7ce39c6-be5b-537a-ae81-d449a1710ff2,2024-10-21,09:00:00,12:00:00,26,APROBADA
133afffa-1ff7-586c-b9db-65961b3c5d49,d056b3a8-8204-507a-b6c1-1f1203a87651,2025-02-21,15:30:00,18:30:00,26,APROBADA
a032eae3-cdd5-5485-9b1f-bdb22350e83a,8fd4b53b-1d49-5307-8a1a-e184999a4434,2024-10-09,10:30:00,12:00:00,36,APROBADA
2a5f2f14-d786-5172-b3ff-6c01735ea833,45b00d8f-2f79-52ba-8b17-e7d6ee0b476f,2024-11-15,09:00:00,10:00:00,33,APROBADA
743ef5f7-8816-50c9-afc5-19addc91a3af,05a1191e-b84b-597d-b970-b04889cc30ee,2025-02-11,12:00:00,15:00:00,35,APROBADA
5c085206-38a9-5fa1-9569-7087a122297f,2574a671-d58d-5db3-8c9f-2518d8a8d790,2025-05-14,19:00:00,20:00:00,35,APROBADA
ef2f3092-3001-5a27-8c45-4456fc91facc,b46607fb-d28f-5c06-a3a8-091cb9d995ec,2024-12-05,15:30:00,18:30:00,28,APROBADA
18fc5dfd-f647-50e1-ba2e-5a50c0b44962,dd609563-702d-543d-a49a-0ce27a83f234,2025-06-03,12:30:00,15:30:00,29,APROBADA
4b8f4766-6059-57ba-82ce-e4f8cf80a169,706ea773-fd09-5587-a465-302616f9d571,2025-05-14,07:30:00,09:30:00,27,APROBADA
bbf13be2-f53c-500b-960c-cbe19f5cabdb,10225e74-7c22-5384-8cdc-396a168ec651,2025-01-16,11:00:00,14:00:00,31,APROBADA
ec9f7d77-3bd3-5c25-847d-a14c868a2336,10225e74-7c22-5384-8cdc-396a168ec651,2025-06-16,09:00:00,10:30:00,31,APROBADA
5d38b00d-1cdb-573b-9980-82417a080907,2574a671-d58d-5db3-8c9f-2518d8a8d790,2024-08-20,07:30:00,08:30:00,36,APROBADA
e59202ca-e6ea-548c-af87-c7aca783ee6a,dd609563-702d-543d-a49a-0ce27a83f234,2024-07-01,17:30:00,20:30:00,39,APROBADA
4bc1a2d0-07bb-5ff5-9137-65601ef65bd5,a40fe9f0-87fa-5853-968f-5cedd5939e8a,2024-09-26,15:30:00,16:30:00,26,APROBADA
908b8fcb-6d05-5204-ad58-1f0d358e9213,ef815f08-b586-5f03-964a-a08004eaebf3,2025-03-20,08:30:00,10:00:00,25,APROBADA
bfcaa71c-53ce-576f-acf6-e5a04365bda4,4b4a10f4-36fa-5109-bc5d-14e24370c164,2024-11-01,10:00:00,11:00:00,28,APROBADA
c55cf2eb-56bd-537e-b35f-a3e0967003fb,d76d770e-14c2-5fea-bf8b-28f95250e124,2025-06-14,17:00:00,19:00:00,27,APROBADA
fe2965a8-b163-589b-8fb5-0dd683091a1d,0880d439-8834-59c1-bfce-e7f3da722b3f,2025-01-25,11:30:00,14:30:00,32,APROBADA
4e9c4cf1-cf24-554d-8dc2-fabdc20a095e,6c814918-8ba0-52cc-9377-6d60b7946f8b,2024-08-06,16:30:00,17:30:00,38,APROBADA
ef542cbd-506a-57aa-93de-53bf12c776b8,0880d439-8834-59c1-bfce-e7f3da722b3f,2024-08-14,14:00:00,15:00:00,35,APROBADA
097752c8-7c66-528e-a836-6a9cb2e3c3e0,0880d439-8834-59c1-bfce-e7f3da722b3f,2024-11-21,13:00:00,14:30:00,44,APROBADA
b2bc48a2-79b5-5c29-a27b-5c3f1e03df8b,23c254ed-4635-5cec-baa9-656efa7fd130,2025-03-22,16:30:00,19:30:00,32,APROBADA
46e5bd6d-61e3-55ab-96da-9770b9ac4fdc,da1fe6a7-058c-5ad3-a10e-f529804a44b5,2025-03-30,17:00:00,19:00:00,28,APROBADA
ee337b17-57a3-55e2-8d7f-f7f2a679e2e8,1dee66e3-0076-5033-8ba0-70dd67e8aea0,2024-11-19,15:00:00,16:30:00,25,APROBADA
62c71d75-aad2-51cf-9f04-fb32a9147ede,706ea773-fd09-5587-a465-302616f9d571,2024-08-21,15:00:00,18:00:00,25,APROBADA
620a0e94-967d-50da-8ccc-7473d6a6d80d,6903b35b-c2a6-5770-98e5-743c2bc06b45,2024-07-30,10:00:00,12:00:00,32,APROBADA
40f07ba8-6dca-5f37-b70f-cd5cab0ee149,b46607fb-d28f-5c06-a3a8-091cb9d995ec,2024-07-09,07:30:00,08:30:00,38,APROBADA
05263a3e-e7e6-5453-acf0-5804b55f07f3,2574a671-d58d-5db3-8c9f-2518d8a8d790,2024-10-27,19:00:00,20:30:00,35,APROBADA
c536f2d8-2bac-5b89-ad53-aa0f6e803822,eb4139b4-3715-5623-a990-d045271440a9,2025-05-10,14:00:00,17:00:00,26,APROBADA
cf04f9d3-71d6-5f6b-8d51-27e88acbf912,706ea773-fd09-5587-a465-302616f9d571,2024-10-18,15:30:00,18:30:00,31,APROBADA
03cb9539-62ed-5f45-b2d4-95eba5adf615,1dee66e3-0076-5033-8ba0-70dd67e8aea0,2024-08-26,16:00:00,19:00:00,36,APROBADA
4ce52663-576d-5ac2-be59-fc6caa98a3fd,a40fe9f0-87fa-5853-968f-5cedd5939e8a,2025-03-05,12:00:00,13:30:00,30,APROBADA
31ea0f7a-b6f8-5f5d-970e-d14ca14dabc8,6d481120-dab0-50c8-8f1b-33cf911e9573,2025-06-17,17:00:00,19:00:00,27,APROBADA
70fa5ba6-6804-5510-8871-aa5c77c70f0d,da1fe6a7-058c-5ad3-a10e-f529804a44b5,2025-01-24,14:30:00,16:30:00,36,APROBADA
f3d958de-3ef4-5ef3-a0df-d2a428c8b4b0,45b00d8f-2f79-52ba-8b17-e7d6ee0b476f,2024-10-12,14:00:00,15:30:00,29,APROBADA
d1f3640b-4968-5101-9b84-e36d2cb91e20,0880d439-8834-59c1-bfce-e7f3da722b3f,2024-10-25,12:30:00,13:30:00,28,APROBADA
cb634224-b337-55cb-998e-1a54639320c6,d056b3a8-8204-507a-b6c1-1f1203a87651,2025-01-09,19:00:00,21:00:00,32,APROBADA
800c0e96-08cf-58d5-8bc2-04b0cc51f06f,45b00d8f-2f79-52ba-8b17-e7d6ee0b476f,2024-09-07,08:30:00,11:30:00,32,APROBADA
7707ae4d-a2e4-50c4-ac9e-1e962b95f710,706ea773-fd09-5587-a465-302616f9d571,2025-01-28,13:00:00,15:00:00,34,APROBADA
87a66dda-df83-5003-a7c5-0269f329f5d8,45b00d8f-2f79-52ba-8b17-e7d6ee0b476f,2024-09-22,07:00:00,09:00:00,32,APROBADA
19a7e33b-f31d-5e2b-b9c1-2eb480a6d4a2,6c814918-8ba0-52cc-9377-6d60b7946f8b,2025-04-30,08:30:00,10:30:00,40,APROBADA
299985f7-ab6f-55ff-bfdd-f25547d7aadb,d056b3a8-8204-507a-b6c1-1f1203a87651,2024-07-03,15:30:00,18:30:00,32,APROBADA
a4495585-c68d-5e45-b924-0646194f8e55,2574a671-d58d-5db3-8c9f-2518d8a8d790,2025-04-23,15:30:00,18:30:00,30,APROBADA
da11de10-c9b9-5486-8b16-66c26d91109c,706ea773-fd09-5587-a465-302616f9d571,2024-12-03,19:00:00,20:30:00,37,APROBADA
04cfeb3b-cb61-5757-95df-f37b5c7c07a5,4b4a10f4-36fa-5109-bc5d-14e24370c164,2025-04-02,12:30:00,13:30:00,32,APROBADA
56be321f-4132-510a-8189-c4c094676f33,d056b3a8-8204-507a-b6c1-1f1203a87651,2025-05-13,08:30:00,10:30:00,26,APROBADA
cfcf0587-3126-56d2-91b0-279941d6bad6,2574a671-d58d-5db3-8c9f-2518d8a8d790,2025-06-27,17:30:00,19:30:00,31,APROBADA
89ed13bf-e2fe-56be-97b8-a02bfa389ddd,6903b35b-c2a6-5770-98e5-743c2bc06b45,2025-06-02,11:00:00,12:00:00,29,APROBADA
366935ca-26ce-50c9-b08f-dbd915dc0c8a,6c814918-8ba0-52cc-9377-6d60b7946f8b,2024-10-29,13:00:00,15:00:00,32,APROBADA
a3769a4b-b164-56d0-bb7e-8958f5512fc6,e5da4cff-29aa-5f05-8532-70f093603e74,2025-03-06,07:30:00,10:30:00,26,APROBADA
e4fef927-fe44-5276-b399-38c974db217b,6903b35b-c2a6-5770-98e5-743c2bc06b45,2024-07-28,08:00:00,11:00:00,25,APROBADA
b71b263b-9e90-5d6f-bc9a-abf98383033f,b46607fb-d28f-5c06-a3a8-091cb9d995ec,2025-01-16,11:00:00,12:00:00,31,APROBADA
61920c8e-a355-5870-907e-579ec6e4cc9d,05a1191e-b84b-597d-b970-b04889cc30ee,2025-06-14,13:30:00,16:30:00,29,APROBADA
90fb8372-843d-51c2-84fa-c64e763a8588,0880d439-8834-59c1-bfce-e7f3da722b3f,2025-04-23,07:30:00,09:00:00,28,APROBADA
cd6ad514-cd27-5dc9-b21f-9c86c0418744,6c814918-8ba0-52cc-9377-6d60b7946f8b,2025-02-09,11:30:00,13:30:00,36,APROBADA
289ce3a2-9a83-5fa2-b481-72b5b7fa5670,23c254ed-4635-5cec-baa9-656efa7fd130,2024-12-24,08:00:00,09:00:00,29,APROBADA
cab7c316-3ccf-589d-abee-938ca6b4d80c,e5da4cff-29aa-5f05-8532-70f093603e74,2024-09-18,13:00:00,14:30:00,38,APROBADA
5341bbb1-f504-550c-b0ac-eab9f31d2579,6d481120-dab0-50c8-8f1b-33cf911e9573,2025-06-05,07:30:00,08:30:00,35,APROBADA
a4e009ce-195c-52f1-bb13-1eb5838cf92c,aad269e7-97f7-5e2d-9c43-cf84b49bd847,2025-06-29,08:00:00,11:00:00,30,APROBADA
16712511-6713-5cd8-8b11-bf2535ce9a46,da1fe6a7-058c-5ad3-a10e-f529804a44b5,2024-07-04,14:30:00,17:30:00,34,APROBADA
d8cca77b-d194-5caf-91ee-c3369bd07cb6,d76d770e-14c2-5fea-bf8b-28f95250e124,2024-07-24,09:30:00,12:30:00,36,APROBADA
fdc29741-6bb6-547c-bbc1-886a8c197054,10225e74-7c22-5384-8cdc-396a168ec651,2025-06-07,13:30:00,15:30:00,36,APROBADA
e6be7355-7ffd-5293-97f1-d88acee8ed1e,8fd4b53b-1d49-5307-8a1a-e184999a4434,2024-11-09,16:00:00,19:00:00,32,APROBADA
e65e8990-e794-5263-9348-e8f057b5587d,dd609563-702d-543d-a49a-0ce27a83f234,2025-06-09,16:30:00,18:30:00,33,APROBADA
1d78bf27-7683-5568-8b61-9b3406d50b43,7d424b25-0f98-5f10-b2a8-ed9ddcd33e7a,2025-04-24,14:30:00,17:30:00,26,APROBADA
630b7c2d-eacc-5c53-bb4e-999456f93d6a,706ea773-fd09-5587-a465-302616f9d571,2024-09-29,13:00:00,14:00:00,33,APROBADA
85eced2c-ceac-514d-8194-a1b4263d41b2,f5e43a2a-032c-562e-837a-ff3c72abffb4,2024-07-15,08:30:00,10:30:00,26,APROBADA
c44c0f47-0d2b-5ce6-8494-e8012d91c5e1,1dee66e3-0076-5033-8ba0-70dd67e8aea0,2025-01-05,08:00:00,09:00:00,32,APROBADA
49d5a7c1-b0b9-544e-b59b-3772eb234395,6903b35b-c2a6-5770-98e5-743c2bc06b45,2025-05-22,13:30:00,16:30:00,25,APROBADA
25393bc7-7239-5f01-a133-71945e16c13e,da1fe6a7-058c-5ad3-a10e-f529804a44b5,2025-02-14,11:30:00,12:30:00,27,APROBADA
44cab563-6e10-5779-8200-9cad7e677358,b46607fb-d28f-5c06-a3a8-091cb9d995ec,2024-10-12,10:30:00,12:30:00,38,APROBADA
8760d69d-8a5e-5065-b396-67b3b598886e,6c814918-8ba0-52cc-9377-6d60b7946f8b,2024-09-05,19:00:00,21:00:00,25,APROBADA
bca6ac56-a140-594e-a933-c63bcee5be64,f5e43a2a-032c-562e-837a-ff3c72abffb4,2024-11-06,12:30:00,14:00:00,25,APROBADA
0e78a249-6b6d-5954-9183-1c47459460d3,2574a671-d58d-5db3-8c9f-2518d8a8d790,2024-09-16,19:00:00,21:00:00,40,APROBADA
75e98ccf-bbe2-53bf-9292-d2c1574f4067,6903b35b-c2a6-5770-98e5-743c2bc06b45,2025-05-03,07:30:00,09:00:00,35,APROBADA
ebc8dc4b-6c96-586f-8917-632586eae041,2574a671-d58d-5db3-8c9f-2518d8a8d790,2024-09-04,10:00:00,11:30:00,36,APROBADA
2b2e85e1-b721-50c4-9407-a58194f027ce,b8969593-19a7-5a43-84c0-d52e63ac0cb4,2025-06-22,17:00:00,20:00:00,27,APROBADA
af74c2de-d607-5a0d-9cfa-7963c7a8f273,da1fe6a7-058c-5ad3-a10e-f529804a44b5,2025-05-06,09:30:00,11:30:00,36,APROBADA
ae8d2d71-5742-5336-9007-70b4bc84931f,c1489a8f-1dff-511e-b025-5a10261901d7,2025-03-26,12:30:00,14:30:00,26,APROBADA
5d234988-9c39-5671-a763-e8a5be667325,d7ce39c6-be5b-537a-ae81-d449a1710ff2,2025-06-30,08:00:00,09:00:00,26,APROBADA
6cb7bee0-0880-517a-b544-1e678d556709,706ea773-fd09-5587-a465-302616f9d571,2024-09-25,14:30:00,17:30:00,36,APROBADA
b2d5a67f-0e21-5ec0-ae76-60beafe60e67,eb4139b4-3715-5623-a990-d045271440a9,2025-04-29,15:00:00,16:30:00,29,APROBADA
f64bf732-bcae-5369-acdb-6ddf496591d7,7d424b25-0f98-5f10-b2a8-ed9ddcd33e7a,2024-11-08,13:00:00,14:00:00,33,APROBADA
da5145be-027d-576d-9f47-db88a1d28db3,f5e43a2a-032c-562e-837a-ff3c72abffb4,2025-02-24,09:00:00,12:00:00,25,APROBADA
17a4a8e3-35db-5368-a358-2703a316caf4,6d481120-dab0-50c8-8f1b-33cf911e9573,2025-06-08,08:30:00,09:30:00,34,APROBADA
3583e0e0-f03b-51b1-8747-e925a2249e7f,d7ce39c6-be5b-537a-ae81-d449a1710ff2,2024-10-12,12:30:00,15:30:00,36,APROBADA
3a538965-e884-5c9e-9836-bceeae4d6896,b46607fb-d28f-5c06-a3a8-091cb9d995ec,2024-08-26,19:00:00,20:00:00,27,APROBADA
125d4501-7bd1-58e0-8ce3-eb7559926c6e,6c814918-8ba0-52cc-9377-6d60b7946f8b,2025-04-13,07:30:00,09:30:00,32,APROBADA
60a56785-c878-5a6e-b6f5-933767de3357,da1fe6a7-058c-5ad3-a10e-f529804a44b5,2024-07-03,09:00:00,10:00:00,32,APROBADA
00c1d9d7-45ac-5688-90df-121904a5a415,d7ce39c6-be5b-537a-ae81-d449a1710ff2,2024-10-02,11:30:00,13:30:00,40,APROBADA
446aa90c-bad4-5d1e-b0e0-5e7e3263a5a9,6c814918-8ba0-52cc-9377-6d60b7946f8b,2025-02-23,15:30:00,18:30:00,29,APROBADA
d88a19a9-3ebd-5de9-b8f6-7780b96bf199,6d481120-dab0-50c8-8f1b-33cf911e9573,2024-09-25,18:30:00,20:30:00,27,APROBADA
1ec39d10-b737-5c99-b149-5a1cbd0d6525,05a1191e-b84b-597d-b970-b04889cc30ee,2024-08-14,07:00:00,08:00:00,31,APROBADA
5ae90154-ba73-52d1-a2dd-4362d7c7d6fc,f5e43a2a-032c-562e-837a-ff3c72abffb4,2024-09-19,13:30:00,16:30:00,25,APROBADA
30fde870-9b8a-5c3b-a446-3f5a7b7d0df2,e5da4cff-29aa-5f05-8532-70f093603e74,2024-11-28,17:00:00,19:00:00,30,APROBADA
fb15f0f4-14c7-587c-a200-033164916ce1,eb4139b4-3715-5623-a990-d045271440a9,2025-01-25,18:30:00,19:30:00,31,APROBADA
1f17078b-c5b2-5dc0-863f-4cd3df9a0269,b8969593-19a7-5a43-84c0-d52e63ac0cb4,2025-02-13,14:30:00,15:30:00,25,APROBADA
7a1fbf0e-2822-51ef-818f-f5435d6489d2,45b00d8f-2f79-52ba-8b17-e7d6ee0b476f,2024-10-14,12:30:00,15:30:00,33,APROBADA
cb6b5a7f-68d7-5d7a-838f-4614fe35df28,ef815f08-b586-5f03-964a-a08004eaebf3,2024-12-06,15:30:00,18:30:00,31,APROBADA
28392202-36f6-5955-a4b3-6ebf356bda8d,7d424b25-0f98-5f10-b2a8-ed9ddcd33e7a,2024-10-27,15:00:00,17:00:00,30,APROBADA
ccd6f9ba-5e80-50d9-a978-6365303ac844,c1489a8f-1dff-511e-b025-5a10261901d7,2024-10-24,13:00:00,15:00:00,30,APROBADA
b914b042-b5c7-5678-b4ee-54a17eab8ed6,e5da4cff-29aa-5f05-8532-70f093603e74,2024-11-29,07:00:00,08:30:00,32,APROBADA
fa58f1bf-2bd0-5ddb-8da0-46bfd5fbac69,05a1191e-b84b-597d-b970-b04889cc30ee,2025-04-29,18:30:00,20:00:00,36,APROBADA
6d8927dc-c017-5939-ad15-c06218098327,706ea773-fd09-5587-a465-302616f9d571,2024-09-18,10:30:00,12:00:00,39,APROBADA
887eef0b-c6b7-5460-84bc-d63d2a9c6007,d7ce39c6-be5b-537a-ae81-d449a1710ff2,2024-10-01,07:00:00,08:30:00,26,APROBADA
536f850e-7851-5e76-b638-6062db0eb706,a40fe9f0-87fa-5853-968f-5cedd5939e8a,2025-01-13,15:30:00,17:30:00,27,APROBADA
1b96226b-7357-5c57-b358-67854ebcf65b,e5da4cff-29aa-5f05-8532-70f093603e74,2025-04-13,11:00:00,13:00:00,33,APROBADA
d8b745e4-0aa7-5f08-b27c-5a590424d560,6d481120-dab0-50c8-8f1b-33cf911e9573,2024-08-31,14:30:00,16:00:00,27,APROBADA
e745b621-b376-5d12-a586-585a2a460e3f,1a0b71d7-4721-5998-bd82-de26b25b5771,2024-10-18,14:30:00,15:30:00,33,APROBADA
fe4d39cf-193d-53ca-9270-91e3b38e2cfd,6903b35b-c2a6-5770-98e5-743c2bc06b45,2024-10-20,11:00:00,12:30:00,29,APROBADA
4ef59141-86b3-59c0-a02d-e6afbee95e24,d7ce39c6-be5b-537a-ae81-d449a1710ff2,2025-06-28,13:00:00,14:00:00,38,APROBADA
d13f2a4c-ad78-5bff-b5df-511b01e4fbcf,eb4139b4-3715-5623-a990-d045271440a9,2024-07-02,12:00:00,13:30:00,25,APROBADA
eec9b746-f3f3-54c0-90d5-aa688f87f2a3,6c814918-8ba0-52cc-9377-6d60b7946f8b,2024-11-24,18:00:00,20:00:00,37,APROBADA
42ad502f-9aae-5ad9-b7b7-3efbe241f40e,b8969593-19a7-5a43-84c0-d52e63ac0cb4,2024-08-11,11:30:00,13:00:00,26,APROBADA
10dfa50d-f440-5b46-853f-546f3be7cb97,e5da4cff-29aa-5f05-8532-70f093603e74,2025-02-02,10:00:00,12:00:00,27,APROBADA
3b5a60ac-f8ef-5fe5-92e7-90dcec590d3c,f5e43a2a-032c-562e-837a-ff3c72abffb4,2024-11-29,16:00:00,19:00:00,27,APROBADA
908e7323-9676-5a54-941b-d74ac2c6b7dc,d76d770e-14c2-5fea-bf8b-28f95250e124,2024-08-01,14:30:00,16:00:00,27,APROBADA
830bdd88-d57e-5ad3-b75b-1773fa983a88,b46607fb-d28f-5c06-a3a8-091cb9d995ec,2025-04-19,15:30:00,17:30:00,40,APROBADA
67655e11-92c4-514d-a98c-c56155f9c7c6,1a0b71d7-4721-5998-bd82-de26b25b5771,2025-06-11,12:30:00,15:30:00,29,APROBADA
03017252-b8d1-5e1f-948b-68f9982fb3b5,ef815f08-b586-5f03-964a-a08004eaebf3,2024-11-05,14:30:00,17:30:00,36,APROBADA
a1c26524-4f0c-5dc1-a64a-5ef9de1a15a7,d76d770e-14c2-5fea-bf8b-28f95250e124,2024-09-25,10:30:00,13:30:00,38,APROBADA
c3fbf8c7-cefc-516f-91bb-6c876be20cbd,05a1191e-b84b-597d-b970-b04889cc30ee,2024-08-31,15:30:00,17:00:00,33,APROBADA
18412b48-7f86-5609-8d39-4782b7c9d83a,da1fe6a7-058c-5ad3-a10e-f529804a44b5,2024-08-22,15:30:00,17:00:00,31,APROBADA
abcbc139-bd59-5a93-8e78-ee409fa401bc,eb4139b4-3715-5623-a990-d045271440a9,2025-06-04,08:30:00,10:00:00,27,APROBADA
35ebe7b2-912c-5c3b-92f9-7ff0ace95041,1a0b71d7-4721-5998-bd82-de26b25b5771,2025-03-17,17:30:00,19:30:00,39,APROBADA
e4077c3b-66ff-5a1f-b56c-4957db67c771,0880d439-8834-59c1-bfce-e7f3da722b3f,2024-11-27,15:30:00,17:30:00,41,APROBADA
13518e78-189a-58d6-8d91-526466f16e26,1a0b71d7-4721-5998-bd82-de26b25b5771,2024-12-11,19:00:00,20:00:00,41,APROBADA
579df5ea-e996-518b-a48f-4292d7713c94,1a0b71d7-4721-5998-bd82-de26b25b5771,2024-09-01,14:00:00,15:30:00,33,APROBADA
24e91f9b-bf09-5d0a-b091-590ab7c44344,45b00d8f-2f79-52ba-8b17-e7d6ee0b476f,2025-05-10,09:00:00,11:00:00,30,APROBADA
9ff0b31a-8378-5e1c-a19e-2fa185b58ade,6d481120-dab0-50c8-8f1b-33cf911e9573,2025-04-25,12:00:00,14:00:00,35,APROBADA
e4f01def-443c-5f2b-b5df-10c03c7abc80,05a1191e-b84b-597d-b970-b04889cc30ee,2024-08-24,13:30:00,16:30:00,26,APROBADA
2e24a953-8cba-5684-9b18-3405e805aa80,1dee66e3-0076-5033-8ba0-70dd67e8aea0,2024-07-18,08:30:00,09:30:00,25,APROBADA
bd9995d1-3e6e-5ade-8c81-456d6d008ef1,b46607fb-d28f-5c06-a3a8-091cb9d995ec,2024-11-29,10:00:00,11:00:00,31,APROBADA
960fcba4-b296-5a8e-a98f-eee14e722dc5,2574a671-d58d-5db3-8c9f-2518d8a8d790,2024-08-06,09:00:00,10:30:00,37,APROBADA
4060b428-f236-5232-aed8-c8bb7b0d1966,6903b35b-c2a6-5770-98e5-743c2bc06b45,2025-03-20,12:00:00,14:00:00,34,APROBADA
ce0331a6-ec9e-57fe-b0af-661f11b9116b,dd609563-702d-543d-a49a-0ce27a83f234,2025-05-26,10:00:00,11:30:00,26,APROBADA
b62f9581-413f-5714-8aff-9795b3b5f613,a22ee2bf-332c-5ac1-ae12-28ce7b0033a1,2025-03-22,16:30:00,18:00:00,34,APROBADA
16f84173-6297-5d30-874f-503584d00d37,6d481120-dab0-50c8-8f1b-33cf911e9573,2024-07-08,14:00:00,15:00:00,39,APROBADA
c9656a8c-6d57-529a-946c-8cae69330a1d,ef815f08-b586-5f03-964a-a08004eaebf3,2025-06-06,15:30:00,17:00:00,33,APROBADA
eb6c8fe2-4026-5f7e-a5cf-1db521e8f7d2,e5da4cff-29aa-5f05-8532-70f093603e74,2024-10-29,16:00:00,18:00:00,36,APROBADA
8420b263-87f4-5cd8-9cf6-c6cf5bc6b730,10225e74-7c22-5384-8cdc-396a168ec651,2025-01-04,17:30:00,19:30:00,32,APROBADA
7aa63957-a717-5ece-a0c2-35ea7113c5c3,aad269e7-97f7-5e2d-9c43-cf84b49bd847,2024-12-18,15:30:00,17:30:00,26,APROBADA
c761fe08-2cec-52e1-bed2-6f742f780011,a22ee2bf-332c-5ac1-ae12-28ce7b0033a1,2024-12-08,17:30:00,20:30:00,30,APROBADA
6413036a-fcbe-56e6-90c9-f481b54e0b3e,e5da4cff-29aa-5f05-8532-70f093603e74,2024-11-21,18:30:00,20:30:00,35,APROBADA
370594fb-5b07-5f36-ae46-9f44c2c277e6,0880d439-8834-59c1-bfce-e7f3da722b3f,2024-07-14,11:30:00,13:30:00,30,APROBADA
e4c00da2-f949-5d08-bdf6-d3ad9ea38f99,23c254ed-4635-5cec-baa9-656efa7fd130,2024-08-19,11:30:00,13:00:00,26,APROBADA
251e0914-53a8-5a7e-b2a7-716616f1ca5e,23c254ed-4635-5cec-baa9-656efa7fd130,2024-07-29,18:00:00,19:00:00,29,APROBADA
049e35a5-d8b6-5edd-b4ea-fe91e6e7707c,6d481120-dab0-50c8-8f1b-33cf911e9573,2025-03-17,11:30:00,13:00:00,32,APROBADA
0e9cb126-230b-5512-9b64-48459e4fd7ea,b8969593-19a7-5a43-84c0-d52e63ac0cb4,2025-04-11,10:00:00,11:00:00,27,APROBADA
bd375b51-3ee0-51c1-b986-8807ba0e9fff,2574a671-d58d-5db3-8c9f-2518d8a8d790,2024-08-24,13:00:00,15:00:00,31,APROBADA
70d6edeb-9f5f-5dea-91aa-24af4980d477,7d424b25-0f98-5f10-b2a8-ed9ddcd33e7a,2025-05-14,12:00:00,13:30:00,34,APROBADA
9fc9165a-896b-5b00-8cad-e007d88ec326,eb4139b4-3715-5623-a990-d045271440a9,2024-11-17,18:00:00,21:00:00,28,APROBADA
75af59ff-48ab-5d7d-87fd-efc1e3b1b656,23c254ed-4635-5cec-baa9-656efa7fd130,2024-08-02,10:30:00,12:00:00,29,APROBADA
2c5146b5-14f4-5f65-bdb4-681ec712e820,1a0b71d7-4721-5998-bd82-de26b25b5771,2024-12-13,19:00:00,20:30:00,38,APROBADA
1f6d37ec-5f75-59da-a564-3addbef8fa01,f5e43a2a-032c-562e-837a-ff3c72abffb4,2025-06-19,12:00:00,15:00:00,25,APROBADA
4bef3672-cb53-5bc2-abe0-e2f488dcc554,a22ee2bf-332c-5ac1-ae12-28ce7b0033a1,2024-11-25,17:00:00,18:30:00,33,APROBADA
bf9b8050-1604-5b83-b31c-437074f42cd3,aad269e7-97f7-5e2d-9c43-cf84b49bd847,2024-07-15,13:30:00,14:30:00,27,APROBADA
d8bc00fa-45f9-5dec-91c2-887232d2f2b9,ef815f08-b586-5f03-964a-a08004eaebf3,2025-04-21,15:30:00,16:30:00,34,APROBADA
ed4c37a4-5e24-5e06-8f4d-d55253288d6c,23c254ed-4635-5cec-baa9-656efa7fd130,2024-08-25,18:30:00,20:30:00,30,APROBADA
2742ac94-d1d6-580d-81f2-4bb72af4cf41,d76d770e-14c2-5fea-bf8b-28f95250e124,2025-04-26,19:00:00,21:00:00,33,APROBADA
e078ce72-3c66-513e-9ccb-a6667c0fe851,da1fe6a7-058c-5ad3-a10e-f529804a44b5,2024-10-21,17:30:00,19:00:00,27,APROBADA
99e1d72f-7ddb-5f01-b277-1c1feb535366,10225e74-7c22-5384-8cdc-396a168ec651,2025-06-14,09:00:00,10:30:00,33,APROBADA
0a7dc398-8b2b-5a88-a9a6-5affb1cf6af8,dd609563-702d-543d-a49a-0ce27a83f234,2025-02-18,15:30:00,18:30:00,32,APROBADA
fbf16927-b6ec-5373-96ff-b258c7389900,a22ee2bf-332c-5ac1-ae12-28ce7b0033a1,2024-11-05,13:30:00,15:30:00,34,APROBADA
b29600e9-cecd-514b-b6cf-06ab33f5d9c2,23c254ed-4635-5cec-baa9-656efa7fd130,2025-01-02,17:00:00,18:00:00,26,APROBADA
d7e63cf7-d8a4-5bcc-a894-2f60b5da1972,d056b3a8-8204-507a-b6c1-1f1203a87651,2024-07-22,07:30:00,10:30:00,25,APROBADA
2fa8f4ad-51f5-54a1-8005-7837f3207fff,10225e74-7c22-5384-8cdc-396a168ec651,2024-10-03,16:00:00,17:30:00,32,APROBADA
b955c10b-c067-5405-a7bb-1b8fe4874d9e,e5da4cff-29aa-5f05-8532-70f093603e74,2025-05-03,13:00:00,14:00:00,38,APROBADA
7fb24563-69f0-5607-94d1-046271ea9792,d7ce39c6-be5b-537a-ae81-d449a1710ff2,2024-08-10,12:00:00,14:00:00,36,APROBADA
d3c2bd8c-7bac-59ed-a8f8-0235fe6ef355,0880d439-8834-59c1-bfce-e7f3da722b3f,2025-06-27,10:30:00,11:30:00,44,APROBADA
65c20dcd-6dfb-5c3d-bc81-4c3088d34b8c,1dee66e3-0076-5033-8ba0-70dd67e8aea0,2024-10-25,08:30:00,10:30:00,45,APROBADA
af9064cd-c39e-5672-9eae-b75b4a7cecaf,d7ce39c6-be5b-537a-ae81-d449a1710ff2,2025-01-14,14:30:00,16:30:00,34,APROBADA
a9644ebb-093e-569b-a14c-cdac339a2bc9,6d481120-dab0-50c8-8f1b-33cf911e9573,2024-09-21,09:00:00,12:00:00,38,APROBADA
910ae6c5-621c-5049-8998-d976795d9880,d7ce39c6-be5b-537a-ae81-d449a1710ff2,2025-01-13,10:00:00,11:30:00,35,APROBADA
d5fd5d16-8e74-5e4a-a539-02ebd8ffbc39,2574a671-d58d-5db3-8c9f-2518d8a8d790,2025-04-27,13:00:00,14:00:00,33,APROBADA
b4559aff-1c8a-58be-88f1-398096b03e19,8fd4b53b-1d49-5307-8a1a-e184999a4434,2024-09-13,16:00:00,19:00:00,29,APROBADA
c20f1456-27ed-5fd1-9e4d-0ff69a4f4284,ef815f08-b586-5f03-964a-a08004eaebf3,2025-06-20,16:00:00,18:00:00,27,APROBADA
a98c1aa5-8977-5e52-abb7-c6ed30018bf3,05a1191e-b84b-597d-b970-b04889cc30ee,2024-08-31,19:00:00,22:00:00,36,APROBADA
6f33a9cf-339e-55fd-b3a9-dcb546065d62,a40fe9f0-87fa-5853-968f-5cedd5939e8a,2024-10-31,14:00:00,16:00:00,28,APROBADA
3db8f5f3-708b-52bd-9a7a-0d819c567079,a22ee2bf-332c-5ac1-ae12-28ce7b0033a1,2025-05-24,13:00:00,16:00:00,36,APROBADA
9764012b-ab85-5399-8f59-f28a1cf302ee,e5da4cff-29aa-5f05-8532-70f093603e74,2025-03-13,10:30:00,11:30:00,37,APROBADA
966444e1-bfec-5365-a338-54c09938e0be,1a0b71d7-4721-5998-bd82-de26b25b5771,2024-07-26,08:00:00,11:00:00,34,APROBADA
c52aa2e5-f95b-5cce-9966-361c0087c09a,1a0b71d7-4721-5998-bd82-de26b25b5771,2024-11-21,10:00:00,11:00:00,30,APROBADA
ca4a21f4-eacd-51d0-ba4f-219736a7d926,0880d439-8834-59c1-bfce-e7f3da722b3f,2025-01-05,15:00:00,16:00:00,39,APROBADA
ffa4bcc2-09bf-598c-9752-31f9f661f2f9,7d424b25-0f98-5f10-b2a8-ed9ddcd33e7a,2025-01-21,08:30:00,10:00:00,28,APROBADA
1852e253-c434-5ae8-b1f2-f1dec1442fff,8fd4b53b-1d49-5307-8a1a-e184999a4434,2024-09-07,12:00:00,15:00:00,26,APROBADA
373975ed-459d-5cd4-8b98-8b8ee6f0d98d,7d424b25-0f98-5f10-b2a8-ed9ddcd33e7a,2025-01-12,11:00:00,14:00:00,36,APROBADA
1ec10139-196c-562b-98f7-d27e56893304,d7ce39c6-be5b-537a-ae81-d449a1710ff2,2024-08-03,12:00:00,13:00:00,44,APROBADA
4b331e2a-5f98-55be-b958-fe96d808cc41,10225e74-7c22-5384-8cdc-396a168ec651,2024-09-19,07:00:00,08:30:00,25,APROBADA
e213d4f1-7b49-531a-8dcf-19836080e9f2,10225e74-7c22-5384-8cdc-396a168ec651,2025-04-29,17:00:00,19:00:00,35,APROBADA
9ed03306-2ace-5b7b-8c74-befa4273a0a3,4b4a10f4-36fa-5109-bc5d-14e24370c164,2025-04-23,08:00:00,10:00:00,32,APROBADA
153ead1e-2742-5332-87e4-34914db1be0a,7bcb3d0c-2500-5f01-abe8-d24e962af50e,2024-07-26,15:30:00,16:30:00,30,APROBADA
5359d1a4-6b0e-597a-8c8a-e247a67cb143,a22ee2bf-332c-5ac1-ae12-28ce7b0033a1,2024-08-07,14:00:00,15:30:00,25,APROBADA
6204700f-029f-5d93-afce-415314a51586,706ea773-fd09-5587-a465-302616f9d571,2024-10-06,17:30:00,20:30:00,38,APROBADA
15f696ee-33d7-5e84-bb34-45fde22b5bc1,7bcb3d0c-2500-5f01-abe8-d24e962af50e,2024-08-11,16:30:00,19:30:00,26,APROBADA
dc34e552-77f7-50ca-aae3-dfca64fedadf,1dee66e3-0076-5033-8ba0-70dd67e8aea0,2024-11-04,18:00:00,20:00:00,37,APROBADA
f68662fd-c65e-5367-9d59-037faa061f8d,706ea773-fd09-5587-a465-302616f9d571,2024-09-13,14:30:00,17:30:00,35,APROBADA
422cd5ad-575d-5b8a-b956-177fceb2d454,dd609563-702d-543d-a49a-0ce27a83f234,2025-05-24,07:30:00,10:30:00,40,APROBADA
36342ce1-8f57-53d0-871f-9799502dc9e0,6d481120-dab0-50c8-8f1b-33cf911e9573,2025-06-13,09:00:00,12:00:00,41,APROBADA
d2e8f092-76b2-52bf-9119-fa93a284e47a,0880d439-8834-59c1-bfce-e7f3da722b3f,2025-03-17,18:00:00,19:30:00,43,APROBADA
9a7bbc59-c4e8-5a50-9a11-067eb3b8fe9b,ef815f08-b586-5f03-964a-a08004eaebf3,2024-12-10,08:00:00,09:30:00,30,APROBADA
a5d5c78e-36ae-5b9e-93df-7120090fdca4,d7ce39c6-be5b-537a-ae81-d449a1710ff2,2025-04-11,09:00:00,10:30:00,33,APROBADA
4fb06f32-2336-5ebd-bc3d-11d3c6474923,6903b35b-c2a6-5770-98e5-743c2bc06b45,2025-03-29,10:30:00,12:00:00,35,APROBADA
fb7647d3-e783-5c75-a0f6-43fe8befb894,dd609563-702d-543d-a49a-0ce27a83f234,2025-05-05,10:00:00,11:00:00,25,APROBADA
fd83c621-cfaa-5fe6-8da0-c63cc86984a0,e5da4cff-29aa-5f05-8532-70f093603e74,2025-03-02,18:30:00,21:30:00,35,APROBADA
f49fd587-5edf-5624-86ab-335bb95321e4,7d424b25-0f98-5f10-b2a8-ed9ddcd33e7a,2024-07-02,17:00:00,20:00:00,32,APROBADA
3185625b-1479-557d-a83e-4a9e61597a6d,d7ce39c6-be5b-537a-ae81-d449a1710ff2,2024-11-29,10:30:00,12:00:00,41,APROBADA
bbaaf51b-a37d-5cc0-ac99-b029eab489a0,10225e74-7c22-5384-8cdc-396a168ec651,2025-03-12,09:30:00,11:00:00,29,APROBADA
e9e791b9-1b30-5d23-917f-9b4b201eb104,6d481120-dab0-50c8-8f1b-33cf911e9573,2025-03-25,07:00:00,10:00:00,40,APROBADA
136ca531-725d-5b85-bcc6-a5bc20966ba9,c1489a8f-1dff-511e-b025-5a10261901d7,2025-03-09,16:30:00,17:30:00,32,APROBADA
cd6b1176-807a-5b8f-96ea-6d627cf80214,1a0b71d7-4721-5998-bd82-de26b25b5771,2025-01-07,15:30:00,16:30:00,39,APROBADA
ba1842ad-c28c-5ddd-a246-b210ba0e6e8a,da1fe6a7-058c-5ad3-a10e-f529804a44b5,2025-04-29,12:30:00,15:30:00,33,APROBADA
14aa2d1f-267e-5f14-b567-197c9165470d,d76d770e-14c2-5fea-bf8b-28f95250e124,2024-07-28,15:30:00,17:00:00,34,APROBADA
406aefd3-ad3a-553e-8873-215e677dc4dc,a22ee2bf-332c-5ac1-ae12-28ce7b0033a1,2024-12-25,16:00:00,17:00:00,30,APROBADA
e1635f5e-1385-5bdc-a728-bfb6ef78beb3,6d481120-dab0-50c8-8f1b-33cf911e9573,2024-12-09,09:30:00,11:00:00,33,APROBADA
df28345c-848c-59a4-8f02-8454cc70c84e,10225e74-7c22-5384-8cdc-396a168ec651,2024-11-03,17:30:00,20:30:00,25,APROBADA
6b0d918e-3f2a-5089-8a3c-638963f041e6,1dee66e3-0076-5033-8ba0-70dd67e8aea0,2025-03-17,09:30:00,10:30:00,33,APROBADA
dbccd7fc-d66d-55a5-8313-6fb818a19983,c1489a8f-1dff-511e-b025-5a10261901d7,2024-07-20,12:30:00,13:30:00,28,APROBADA
17b4b9a7-3ea1-5672-bb1b-b55591ea5d32,b8969593-19a7-5a43-84c0-d52e63ac0cb4,2024-12-10,18:00:00,19:00:00,25,APROBADA
c762181e-412c-5adf-9107-53842c5c60ee,10225e74-7c22-5384-8cdc-396a168ec651,2024-10-23,13:30:00,15:00:00,35,APROBADA
aedb08b5-944e-5162-b280-117d0837e1a3,4b4a10f4-36fa-5109-bc5d-14e24370c164,2024-09-06,18:00:00,19:00:00,27,APROBADA
242fb0ae-f4c2-5237-8521-34a28a0ada07,d056b3a8-8204-507a-b6c1-1f1203a87651,2024-12-12,08:30:00,10:30:00,29,APROBADA
7e6799f3-f172-57bb-879f-38ef273433d5,d7ce39c6-be5b-537a-ae81-d449a1710ff2,2024-10-27,16:00:00,19:00:00,34,APROBADA
c0650c86-92a0-5e1c-9517-f0697a2913fd,dd609563-702d-543d-a49a-0ce27a83f234,2025-01-05,18:30:00,20:00:00,38,APROBADA
ba2c9c79-4957-5b6c-a255-f57cedebc555,7d424b25-0f98-5f10-b2a8-ed9ddcd33e7a,2025-05-19,08:30:00,11:30:00,39,APROBADA
f07f415a-a0af-5869-8ea5-a55aa6ee65b8,6d481120-dab0-50c8-8f1b-33cf911e9573,2025-05-28,14:30:00,15:30:00,33,APROBADA
02bc4ffa-04b7-5d4a-821e-b7fce81a043b,d76d770e-14c2-5fea-bf8b-28f95250e124,2024-08-12,10:30:00,12:00:00,34,APROBADA
a8519b71-2988-543b-9bf5-80d6a21a62ad,706ea773-fd09-5587-a465-302616f9d571,2024-09-26,13:00:00,16:00:00,31,APROBADA
110903f0-cea6-582d-890b-6db9e89b10ed,aad269e7-97f7-5e2d-9c43-cf84b49bd847,2025-03-16,13:00:00,15:00:00,30,APROBADA
6e923b44-8d12-5bcc-9eb0-047d2ce8dae5,b46607fb-d28f-5c06-a3a8-091cb9d995ec,2025-02-11,17:30:00,20:30:00,35,APROBADA
95a597f1-ac26-57fd-8542-44d68febf5f6,aad269e7-97f7-5e2d-9c43-cf84b49bd847,2025-01-13,10:00:00,11:00:00,29,APROBADA
60af462f-a0fd-51cc-a782-1133974ad49f,a40fe9f0-87fa-5853-968f-5cedd5939e8a,2024-08-13,18:30:00,20:30:00,25,APROBADA
d3e22ed8-f055-5786-b5c1-1080f51852a0,45b00d8f-2f79-52ba-8b17-e7d6ee0b476f,2025-02-04,07:00:00,10:00:00,36,APROBADA
94200602-c5f5-59c1-b0a6-545cb62ea23f,2574a671-d58d-5db3-8c9f-2518d8a8d790,2025-05-28,18:30:00,20:00:00,27,APROBADA
70ddc966-08a1-50d6-b2c1-d9ea8db9a47f,45b00d8f-2f79-52ba-8b17-e7d6ee0b476f,2024-08-29,10:00:00,11:30:00,30,APROBADA
daa70293-12c0-5b3d-83a5-75328e95f7de,dd609563-702d-543d-a49a-0ce27a83f234,2024-11-04,14:00:00,15:00:00,36,APROBADA
5aa34024-0489-5757-a712-4f08dfad0809,a40fe9f0-87fa-5853-968f-5cedd5939e8a,2025-02-17,14:00:00,15:30:00,31,APROBADA
4696cf4c-8723-5b77-ae19-ea2650ac2444,7bcb3d0c-2500-5f01-abe8-d24e962af50e,2025-06-07,13:00:00,15:00:00,28,APROBADA
7b5969e8-4951-545b-bca8-f130f7340fdd,d7ce39c6-be5b-537a-ae81-d449a1710ff2,2025-05-14,14:30:00,16:30:00,45,APROBADA
236ddb5c-3cc5-58db-9347-136baaf31f79,b46607fb-d28f-5c06-a3a8-091cb9d995ec,2024-11-23,18:00:00,19:00:00,25,APROBADA
341ac47d-af6c-5d41-bff4-71a127f6ad12,a40fe9f0-87fa-5853-968f-5cedd5939e8a,2024-12-28,10:00:00,13:00:00,31,APROBADA
ce4af898-6656-5b2d-8bb0-ea2d560c85d0,0880d439-8834-59c1-bfce-e7f3da722b3f,2024-10-10,08:00:00,09:30:00,39,APROBADA
b1e0b4fa-7558-56b1-be83-0aa84c5f2250,2574a671-d58d-5db3-8c9f-2518d8a8d790,2024-11-01,07:30:00,09:00:00,30,APROBADA
455c92ef-01f6-5198-b1ff-26fb9f908456,6d481120-dab0-50c8-8f1b-33cf911e9573,2025-02-12,08:30:00,11:30:00,38,APROBADA
b6a1f914-ba4a-5b9a-812a-05c1411bf14f,d7ce39c6-be5b-537a-ae81-d449a1710ff2,2024-11-02,18:30:00,20:30:00,32,APROBADA
a663b033-e2e4-5d53-a5e2-8a00eb23db21,e5da4cff-29aa-5f05-8532-70f093603e74,2024-11-02,11:30:00,13:00:00,38,APROBADA
7d5570ba-17b8-5690-92cf-2b6bb0df600a,6d481120-dab0-50c8-8f1b-33cf911e9573,2024-08-22,11:30:00,12:30:00,40,APROBADA
4a702cdf-1e34-50d6-b7ea-467707b816db,45b00d8f-2f79-52ba-8b17-e7d6ee0b476f,2025-02-12,15:30:00,17:30:00,34,APROBADA
d8f64af0-c6c1-55d4-b5a1-55d28fbb8fce,6c814918-8ba0-52cc-9377-6d60b7946f8b,2024-09-21,15:30:00,18:30:00,30,APROBADA
55942bdc-9741-560a-98fd-d0af33c358b7,eb4139b4-3715-5623-a990-d045271440a9,2024-11-14,17:00:00,18:30:00,31,APROBADA
3022dbaa-45ec-549d-a0a4-0cee22c54cd6,ef815f08-b586-5f03-964a-a08004eaebf3,2024-11-04,12:30:00,14:30:00,31,APROBADA
4e6640fc-8d41-5f48-9411-30155bcd9861,a40fe9f0-87fa-5853-968f-5cedd5939e8a,2025-01-25,16:30:00,18:00:00,27,APROBADA
ce4a2455-caef-5a69-8ce4-12136db304a7,8fd4b53b-1d49-5307-8a1a-e184999a4434,2025-06-15,11:00:00,14:00:00,40,APROBADA
994abdf3-4ef9-5a94-9695-054ac1eeeb48,6d481120-dab0-50c8-8f1b-33cf911e9573,2024-07-08,11:00:00,12:00:00,29,APROBADA
fb54fabd-b249-557b-859f-df0055eac16a,23c254ed-4635-5cec-baa9-656efa7fd130,2025-06-17,11:00:00,14:00:00,27,APROBADA
0fbdcee9-07fd-533a-80b2-0f8d547bbd96,10225e74-7c22-5384-8cdc-396a168ec651,2024-11-27,13:00:00,16:00:00,35,APROBADA
a6746b7d-a4ac-508e-824b-04b07d03deb0,f5e43a2a-032c-562e-837a-ff3c72abffb4,2024-12-09,17:30:00,19:30:00,27,APROBADA
756030d2-7d74-5fea-b636-8128be0ba3a4,706ea773-fd09-5587-a465-302616f9d571,2024-12-11,17:00:00,18:30:00,36,APROBADA
edad9a3d-23b1-5b34-9aea-749b3a817e7e,23c254ed-4635-5cec-baa9-656efa7fd130,2024-07-11,15:00:00,16:00:00,30,APROBADA
0e56ecbd-8de7-5d26-b6f5-af20952fe2c3,05a1191e-b84b-597d-b970-b04889cc30ee,2024-10-22,15:00:00,18:00:00,31,APROBADA
a9d238f8-423a-5d30-a2d3-c65c0fc2f3a3,a22ee2bf-332c-5ac1-ae12-28ce7b0033a1,2025-03-13,11:30:00,12:30:00,33,APROBADA
3470d4da-5b45-5d7a-9e3b-1c10454ed990,d76d770e-14c2-5fea-bf8b-28f95250e124,2024-10-24,14:00:00,17:00:00,40,APROBADA
33cec560-9ac5-5208-8e30-ca0f4e650b16,d76d770e-14c2-5fea-bf8b-28f95250e124,2024-12-26,17:00:00,19:00:00,40,APROBADA
17c017a8-8e82-5625-9ab9-f1f150025a96,b8969593-19a7-5a43-84c0-d52e63ac0cb4,2024-07-09,11:30:00,13:00:00,30,APROBADA
da331e95-5388-56de-b4cb-6ee385361ce5,da1fe6a7-058c-5ad3-a10e-f529804a44b5,2025-05-06,09:00:00,10:00:00,25,APROBADA
34fd8942-a3e6-5121-bba9-11ead62241a4,7d424b25-0f98-5f10-b2a8-ed9ddcd33e7a,2024-08-18,10:00:00,12:00:00,32,APROBADA
e6cf7d02-e729-579e-b65b-ec1d9b1b9338,b46607fb-d28f-5c06-a3a8-091cb9d995ec,2025-04-30,11:00:00,12:00:00,37,APROBADA
f57b9745-cf85-5554-93a4-3c4fbbc10cad,7bcb3d0c-2500-5f01-abe8-d24e962af50e,2024-07-19,14:00:00,17:00:00,32,APROBADA
ba6be7e9-6be0-5f4c-8ff1-5bfc5cb45e60,2574a671-d58d-5db3-8c9f-2518d8a8d790,2024-10-16,18:30:00,20:00:00,36,APROBADA
ee55277f-8cb9-57ea-b0df-5e6f6f1814dd,a40fe9f0-87fa-5853-968f-5cedd5939e8a,2024-07-23,14:30:00,17:30:00,31,APROBADA
49e79539-e4d3-5ed3-9b3b-b11379306034,a40fe9f0-87fa-5853-968f-5cedd5939e8a,2024-08-28,09:00:00,10:00:00,31,APROBADA
9f3f7d7f-f759-5a34-822e-d54b73376396,1a0b71d7-4721-5998-bd82-de26b25b5771,2024-09-11,13:30:00,15:30:00,35,APROBADA
6341b211-b130-5777-bae5-225ad336c83b,dd609563-702d-543d-a49a-0ce27a83f234,2024-12-16,19:00:00,22:00:00,28,APROBADA
359248dd-31fe-59ad-8b0e-f8008d73431f,e5da4cff-29aa-5f05-8532-70f093603e74,2024-08-13,18:00:00,21:00:00,31,APROBADA
7e49270a-6237-5c3d-8c88-4d5f49dab2d7,da1fe6a7-058c-5ad3-a10e-f529804a44b5,2024-08-18,11:30:00,14:30:00,36,APROBADA
710497c3-70c7-536a-853a-04720e22591d,1dee66e3-0076-5033-8ba0-70dd67e8aea0,2025-04-30,14:30:00,16:00:00,42,APROBADA
f3680915-7868-5820-9a88-7aad0048dc67,6d481120-dab0-50c8-8f1b-33cf911e9573,2025-01-26,09:30:00,11:00:00,36,APROBADA
b0122364-a345-59ef-917d-76cc6f19fec4,da1fe6a7-058c-5ad3-a10e-f529804a44b5,2024-10-06,07:00:00,10:00:00,35,APROBADA
285c038d-58fe-5e15-beea-2649f3ee5e31,706ea773-fd09-5587-a465-302616f9d571,2025-04-23,10:00:00,11:30:00,25,APROBADA
cdda7e18-73d6-5d55-81b3-f20be3134279,d7ce39c6-be5b-537a-ae81-d449a1710ff2,2025-04-12,18:30:00,20:30:00,29,APROBADA
6595d850-356b-5b4a-b0eb-c3a75e76e551,f5e43a2a-032c-562e-837a-ff3c72abffb4,2025-06-07,09:30:00,11:30:00,29,APROBADA
531e833d-44a7-5344-b064-284b384ab840,6d481120-dab0-50c8-8f1b-33cf911e9573,2024-12-13,08:00:00,09:00:00,34,APROBADA
53219801-6e1d-5d5c-86ce-a61205496e1f,7d424b25-0f98-5f10-b2a8-ed9ddcd33e7a,2024-09-30,10:30:00,12:30:00,25,APROBADA
c82aa2c6-9b57-5307-9dad-bbb966d299a7,23c254ed-4635-5cec-baa9-656efa7fd130,2025-04-22,12:30:00,15:30:00,28,APROBADA
08ea5889-45db-53d3-9756-6d1996248a6e,d7ce39c6-be5b-537a-ae81-d449a1710ff2,2025-02-28,08:30:00,10:00:00,42,APROBADA
283e4503-f1d6-542c-b179-8d209c4c07b0,da1fe6a7-058c-5ad3-a10e-f529804a44b5,2025-01-20,08:00:00,10:00:00,33,APROBADA
f886a7c8-75cf-5ee3-9803-370048a19bbd,7d424b25-0f98-5f10-b2a8-ed9ddcd33e7a,2025-06-24,19:00:00,21:00:00,30,APROBADA
507a9713-11b3-5295-8b06-dbff618a21e5,706ea773-fd09-5587-a465-302616f9d571,2025-03-01,09:30:00,11:30:00,32,APROBADA
1f2bcaed-d107-597f-8695-47970b51419c,7bcb3d0c-2500-5f01-abe8-d24e962af50e,2024-12-08,08:00:00,09:30:00,26,APROBADA
ea844fa2-2d65-538d-8d73-fc19e7a78522,4b4a10f4-36fa-5109-bc5d-14e24370c164,2024-09-13,08:00:00,10:00:00,31,APROBADA
120dbe3e-71f7-5709-8620-1ad1a8ad8da6,1a0b71d7-4721-5998-bd82-de26b25b5771,2024-07-02,07:00:00,08:00:00,37,APROBADA
343a051c-cd43-5902-b465-7bb54c38d6b3,d7ce39c6-be5b-537a-ae81-d449a1710ff2,2024-11-03,08:30:00,10:30:00,45,APROBADA
38897737-9438-5d8d-b946-70465e48606f,6c814918-8ba0-52cc-9377-6d60b7946f8b,2024-08-31,07:00:00,10:00:00,27,APROBADA
1815a577-b877-542f-b6c9-458a603bb107,c1489a8f-1dff-511e-b025-5a10261901d7,2024-12-18,08:00:00,11:00:00,31,APROBADA
70509bb0-040c-5b80-b911-7e0acac79f35,b46607fb-d28f-5c06-a3a8-091cb9d995ec,2025-05-13,09:00:00,11:00:00,29,APROBADA
fd1a9197-5c24-5ed4-802f-98a9e740cb6c,da1fe6a7-058c-5ad3-a10e-f529804a44b5,2024-07-30,14:00:00,15:00:00,29,APROBADA
ba33479a-7f44-5669-99e6-4a9d1f1f2695,7d424b25-0f98-5f10-b2a8-ed9ddcd33e7a,2024-08-09,12:30:00,14:30:00,35,APROBADA
8afda67c-7131-5d20-a022-2a8d3eb233b3,d056b3a8-8204-507a-b6c1-1f1203a87651,2025-04-24,10:30:00,12:00:00,25,APROBADA
e6a9649f-215e-53a6-a455-466bc6757231,a40fe9f0-87fa-5853-968f-5cedd5939e8a,2024-08-17,11:00:00,12:30:00,32,APROBADA
027680fe-5ccc-5246-8658-bbb23b162564,b46607fb-d28f-5c06-a3a8-091cb9d995ec,2024-11-02,07:00:00,09:00:00,35,APROBADA
c6cf7eef-1b06-5242-9b5d-5b76b4a75f48,a40fe9f0-87fa-5853-968f-5cedd5939e8a,2025-01-04,14:00:00,15:00:00,30,APROBADA
8f39dd05-ce5f-5255-83e5-2c21456e0985,05a1191e-b84b-597d-b970-b04889cc30ee,2024-09-21,15:30:00,16:30:00,30,APROBADA
eeeea89b-95c3-5ff7-8b33-deef20f96663,4b4a10f4-36fa-5109-bc5d-14e24370c164,2024-08-13,15:30:00,17:00:00,27,APROBADA
7909b64b-41a1-58e4-b0e4-e03920f562b4,1dee66e3-0076-5033-8ba0-70dd67e8aea0,2024-12-31,16:30:00,18:00:00,25,APROBADA
54f2705a-decc-52f8-b6c9-b99dc9531db9,2574a671-d58d-5db3-8c9f-2518d8a8d790,2024-08-20,09:30:00,11:00:00,34,APROBADA
a4fae942-7392-5d73-bb6f-9ab73d288542,706ea773-fd09-5587-a465-302616f9d571,2024-12-20,18:30:00,19:30:00,34,APROBADA
0c985771-f820-5310-8c76-9e6e28170358,8fd4b53b-1d49-5307-8a1a-e184999a4434,2024-12-21,10:00:00,13:00:00,25,APROBADA
e64f33a4-5840-5aba-8e2f-9fa32732b8ce,a22ee2bf-332c-5ac1-ae12-28ce7b0033a1,2025-05-16,14:30:00,17:30:00,31,APROBADA
46e05865-2491-52da-aea4-24c68a0475e1,1a0b71d7-4721-5998-bd82-de26b25b5771,2024-07-27,10:30:00,11:30:00,36,APROBADA
f12048c7-5db3-567f-99c3-139da75382b6,a40fe9f0-87fa-5853-968f-5cedd5939e8a,2025-02-01,12:00:00,15:00:00,28,APROBADA
133fdf56-4243-51ce-84d9-65a8b6072888,d7ce39c6-be5b-537a-ae81-d449a1710ff2,2024-11-22,18:00:00,21:00:00,36,APROBADA
d2a3ebce-9b1a-50dd-b9a6-1e51d369d3b3,6c814918-8ba0-52cc-9377-6d60b7946f8b,2024-10-09,09:30:00,10:30:00,40,APROBADA
4b9e4864-2ee6-521e-9ca6-d93ee05fc45d,d76d770e-14c2-5fea-bf8b-28f95250e124,2024-12-03,07:30:00,10:30:00,29,APROBADA
e06c30be-85cd-5e56-927d-2780bf3d7269,706ea773-fd09-5587-a465-302616f9d571,2024-12-25,14:30:00,16:30:00,33,APROBADA
632b1946-54b3-5190-8d3b-eaafea77d804,706ea773-fd09-5587-a465-302616f9d571,2024-12-28,15:30:00,16:30:00,38,APROBADA
b145eacc-8849-5722-8742-ae727ee860b4,1dee66e3-0076-5033-8ba0-70dd67e8aea0,2024-08-04,18:00:00,19:30:00,45,APROBADA
a29a407e-ae14-5088-9f76-1fba9803def1,45b00d8f-2f79-52ba-8b17-e7d6ee0b476f,2025-06-27,07:30:00,09:30:00,31,APROBADA
1e8f4447-5df3-55b1-b006-4ab5474039be,45b00d8f-2f79-52ba-8b17-e7d6ee0b476f,2024-08-11,13:30:00,15:30:00,30,APROBADA
5be7e878-5cd1-5feb-bbca-f256dad040c7,ef815f08-b586-5f03-964a-a08004eaebf3,2024-09-06,18:00:00,21:00:00,27,APROBADA
3319ef57-a5e1-555f-a053-7a2bd3b28985,8fd4b53b-1d49-5307-8a1a-e184999a4434,2025-03-29,14:00:00,17:00:00,25,APROBADA
45557c64-8979-5323-a1c2-eb4ab665d5dc,a22ee2bf-332c-5ac1-ae12-28ce7b0033a1,2024-07-12,10:00:00,11:30:00,25,APROBADA
8c7f4213-1850-5696-ac9e-3ff7c3c1c10f,d7ce39c6-be5b-537a-ae81-d449a1710ff2,2024-07-31,17:00:00,18:00:00,37,APROBADA
fc6899ef-b03c-5caa-a021-20718626d216,05a1191e-b84b-597d-b970-b04889cc30ee,2024-12-20,15:00:00,16:00:00,28,APROBADA
0aed9bf5-b1ff-5a59-945f-7820d11b02e3,d7ce39c6-be5b-537a-ae81-d449a1710ff2,2024-08-04,18:30:00,20:30:00,29,APROBADA
dd484fb2-8528-5a31-b14e-603ccb2f253b,d056b3a8-8204-507a-b6c1-1f1203a87651,2025-05-21,08:00:00,10:00:00,30,APROBADA
bf9adede-3ae1-5f57-abdd-ac3dfa4aa9ac,f5e43a2a-032c-562e-837a-ff3c72abffb4,2025-04-09,08:30:00,09:30:00,27,APROBADA
55c825bb-f5ff-5ce3-a0fb-2bd0fe41c762,2574a671-d58d-5db3-8c9f-2518d8a8d790,2024-09-15,16:00:00,17:00:00,28,APROBADA
4a474303-2069-5522-a793-c2869deaa963,2574a671-d58d-5db3-8c9f-2518d8a8d790,2025-02-21,19:00:00,22:00:00,40,APROBADA
ae89b8a9-39d0-5b17-bca8-049253690bdc,d7ce39c6-be5b-537a-ae81-d449a1710ff2,2024-10-24,15:00:00,16:00:00,30,APROBADA
a1671456-b9d7-5064-8f27-b1f85aa3f6b9,1a0b71d7-4721-5998-bd82-de26b25b5771,2025-04-27,16:00:00,19:00:00,33,APROBADA
55ad68f2-5113-54ba-a9d1-2b46019cd024,7bcb3d0c-2500-5f01-abe8-d24e962af50e,2025-05-14,12:00:00,15:00:00,30,APROBADA
de215146-9ff7-5a68-b530-cff15e416318,dd609563-702d-543d-a49a-0ce27a83f234,2025-04-07,07:00:00,09:00:00,39,APROBADA
a14efb25-3d97-5614-b70c-7b7de53ba7d1,05a1191e-b84b-597d-b970-b04889cc30ee,2025-03-11,10:00:00,11:00:00,30,APROBADA
909be6a2-fce6-5ef2-9b08-fe97cb5100aa,1dee66e3-0076-5033-8ba0-70dd67e8aea0,2025-06-04,11:00:00,13:00:00,40,APROBADA
5b8c55c0-6ead-5723-a823-026e2934426a,05a1191e-b84b-597d-b970-b04889cc30ee,2025-06-17,12:30:00,13:30:00,32,APROBADA
048f6ebf-7ea3-5a02-ac96-3607a8cd9aaa,6c814918-8ba0-52cc-9377-6d60b7946f8b,2025-03-24,11:30:00,13:00:00,31,APROBADA
5c93b6ec-1569-52e9-a489-59e08ffbe705,7d424b25-0f98-5f10-b2a8-ed9ddcd33e7a,2024-11-27,18:00:00,19:30:00,28,APROBADA
b5ad4ea0-5e35-5e05-b56b-973c34ee515f,eb4139b4-3715-5623-a990-d045271440a9,2024-10-17,16:00:00,17:00:00,32,APROBADA
1cd13aaa-5787-55b8-a1fd-a8decebeb41f,7d424b25-0f98-5f10-b2a8-ed9ddcd33e7a,2025-06-15,14:00:00,17:00:00,25,APROBADA
87f2df88-b07a-52a9-b35c-29c83881b0f9,10225e74-7c22-5384-8cdc-396a168ec651,2025-05-14,10:30:00,11:30:00,27,APROBADA
c3a6902d-162a-50e8-8a6d-0d6762ef22bc,6903b35b-c2a6-5770-98e5-743c2bc06b45,2024-07-21,13:30:00,15:00:00,31,APROBADA
e5dfbc5a-8e42-5f71-a612-cee6a1e6c620,d056b3a8-8204-507a-b6c1-1f1203a87651,2025-05-05,11:00:00,13:00:00,29,APROBADA
509df953-1a80-5a33-8b0f-671a3c405375,e5da4cff-29aa-5f05-8532-70f093603e74,2025-03-22,08:30:00,11:30:00,32,APROBADA
0689baad-696a-5ec2-9e6e-d152e4a4b676,d7ce39c6-be5b-537a-ae81-d449a1710ff2,2024-12-02,10:30:00,13:30:00,40,APROBADA
ac3d9087-bbe1-5806-9ab5-7357165ddece,da1fe6a7-058c-5ad3-a10e-f529804a44b5,2025-02-03,11:30:00,12:30:00,33,APROBADA
377a667a-2e1b-5198-baf3-77413392d284,e5da4cff-29aa-5f05-8532-70f093603e74,2024-12-13,09:30:00,12:30:00,25,APROBADA
2864391b-caa2-576b-ad97-7540de97b5e1,0880d439-8834-59c1-bfce-e7f3da722b3f,2024-09-16,17:30:00,19:00:00,26,APROBADA
4ef784ab-cfe6-5e18-aaa3-b93b5bf951b0,05a1191e-b84b-597d-b970-b04889cc30ee,2024-10-21,18:30:00,20:30:00,25,APROBADA
d14a60af-81c6-510c-a3a8-3e03df340177,ef815f08-b586-5f03-964a-a08004eaebf3,2025-05-19,15:00:00,18:00:00,25,APROBADA
a711eab0-a380-596a-bfa8-31c314d5acd1,10225e74-7c22-5384-8cdc-396a168ec651,2024-09-20,09:00:00,10:30:00,25,APROBADA
4700b6da-7623-56b1-b3c3-20183d367059,a40fe9f0-87fa-5853-968f-5cedd5939e8a,2024-11-14,07:00:00,10:00:00,27,APROBADA
ffb7402a-2c50-588c-93d7-97025c906ca7,b46607fb-d28f-5c06-a3a8-091cb9d995ec,2024-08-17,13:00:00,16:00:00,30,APROBADA
c3c9b0ff-f20e-5518-9d86-6cc225f116ed,1a0b71d7-4721-5998-bd82-de26b25b5771,2025-05-08,13:00:00,15:00:00,43,APROBADA
9bf93220-191a-503a-ba44-39f26061965f,d76d770e-14c2-5fea-bf8b-28f95250e124,2025-05-17,16:30:00,19:30:00,34,APROBADA
5da98c81-91e0-5668-a941-ccbe9001cf56,d056b3a8-8204-507a-b6c1-1f1203a87651,2024-10-14,15:30:00,17:30:00,28,APROBADA
f3795c76-752e-51ef-be61-7165808bddd3,b46607fb-d28f-5c06-a3a8-091cb9d995ec,2025-01-23,15:30:00,17:00:00,32,APROBADA
bcd6ce66-b3e1-55d6-a4db-7c9fd8d113c8,4b4a10f4-36fa-5109-bc5d-14e24370c164,2024-09-01,10:30:00,12:30:00,27,APROBADA
e0776140-3210-5d9e-bba7-9295cdcc8c9e,d7ce39c6-be5b-537a-ae81-d449a1710ff2,2025-02-28,15:30:00,17:00:00,38,APROBADA
b69ddf20-d880-51ca-a228-20c392d9612d,45b00d8f-2f79-52ba-8b17-e7d6ee0b476f,2024-11-28,14:30:00,17:30:00,31,APROBADA
8e36ec44-eed9-5fe8-839f-7f9606e8bf18,dd609563-702d-543d-a49a-0ce27a83f234,2024-09-07,14:30:00,16:00:00,33,APROBADA
06a34c19-6f00-5806-be45-045c16ef68dc,0880d439-8834-59c1-bfce-e7f3da722b3f,2025-05-28,15:00:00,16:00:00,36,APROBADA
c75c6984-7962-5003-8161-cea4a797b09a,b46607fb-d28f-5c06-a3a8-091cb9d995ec,2024-10-14,13:00:00,16:00:00,25,APROBADA
abcc7518-a209-511d-9fd6-15790fa60aff,7d424b25-0f98-5f10-b2a8-ed9ddcd33e7a,2025-05-08,17:00:00,18:00:00,36,APROBADA
72842798-e178-560e-a8b6-04b0c03ddb62,10225e74-7c22-5384-8cdc-396a168ec651,2024-11-24,15:00:00,18:00:00,34,APROBADA
16586422-dcf9-5167-949f-77f364dd7f54,4b4a10f4-36fa-5109-bc5d-14e24370c164,2025-01-27,12:30:00,13:30:00,25,APROBADA
00b150f7-7eb1-534e-b958-6632685f9597,45b00d8f-2f79-52ba-8b17-e7d6ee0b476f,2024-07-10,19:00:00,22:00:00,25,APROBADA
2208c417-56df-517d-a117-aab9d4ca55c4,45b00d8f-2f79-52ba-8b17-e7d6ee0b476f,2025-06-27,18:00:00,20:00:00,29,APROBADA
ee63e613-00b2-5de7-a493-e1edf5dad84a,e5da4cff-29aa-5f05-8532-70f093603e74,2024-12-07,09:00:00,11:00:00,34,APROBADA
323ef1a9-a29f-5c45-ad74-e7cce343f6de,4b4a10f4-36fa-5109-bc5d-14e24370c164,2025-05-25,14:00:00,15:30:00,26,APROBADA
a0c6f83b-751b-5f4c-99fb-b6f38701b09a,6d481120-dab0-50c8-8f1b-33cf911e9573,2025-06-06,18:00:00,20:00:00,43,APROBADA
1eef35de-dbaa-501e-bcaf-a33c45d73d56,6d481120-dab0-50c8-8f1b-33cf911e9573,2024-11-21,18:30:00,21:30:00,36,APROBADA
8734056c-d9a1-5522-bc0a-e247ceee72d2,23c254ed-4635-5cec-baa9-656efa7fd130,2025-02-14,15:30:00,16:30:00,25,APROBADA
2d3b51d0-35ce-5dc2-aa52-f66c23a51238,10225e74-7c22-5384-8cdc-396a168ec651,2024-09-07,13:30:00,16:30:00,31,APROBADA
baa13e62-23e7-5f31-8c63-3042511e9961,c1489a8f-1dff-511e-b025-5a10261901d7,2025-01-10,15:00:00,18:00:00,31,APROBADA
36b883fc-c3a7-530c-bb50-48efe6306ffb,7bcb3d0c-2500-5f01-abe8-d24e962af50e,2025-06-22,15:00:00,16:00:00,27,APROBADA
7e0eadda-22b5-5bba-a5aa-47c64956ded5,6c814918-8ba0-52cc-9377-6d60b7946f8b,2025-02-21,17:00:00,20:00:00,25,APROBADA
3a2dfd50-bf34-54a8-87cb-7a432403db2b,b46607fb-d28f-5c06-a3a8-091cb9d995ec,2025-05-31,17:00:00,18:30:00,39,APROBADA
7969299b-df58-545d-9510-9e1dc01938c4,0880d439-8834-59c1-bfce-e7f3da722b3f,2025-06-25,11:00:00,13:00:00,26,APROBADA
bde2ea1a-e1e3-5b52-80f9-80999fe28bf5,dd609563-702d-543d-a49a-0ce27a83f234,2025-03-27,15:30:00,17:30:00,28,APROBADA
15b69741-f2eb-5d50-82dc-fc271acf965d,4b4a10f4-36fa-5109-bc5d-14e24370c164,2024-08-13,10:30:00,11:30:00,25,APROBADA
a7025ee0-50cd-5212-8f3e-91a0630f8c46,1dee66e3-0076-5033-8ba0-70dd67e8aea0,2025-01-03,10:30:00,12:00:00,37,APROBADA
210f3274-9e64-5a86-9367-477727feada3,6c814918-8ba0-52cc-9377-6d60b7946f8b,2025-02-16,09:00:00,12:00:00,40,APROBADA
d4356980-0bc8-5ef0-9112-0c0ab3335356,da1fe6a7-058c-5ad3-a10e-f529804a44b5,2025-05-25,09:30:00,12:30:00,25,APROBADA
125d9173-c101-5a50-8d1c-aa4102ddd181,d056b3a8-8204-507a-b6c1-1f1203a87651,2025-02-13,12:30:00,14:30:00,31,APROBADA
0c6fd2f3-6159-5ca1-a8b1-694e479224b7,6c814918-8ba0-52cc-9377-6d60b7946f8b,2024-08-19,13:00:00,14:30:00,27,APROBADA
3ad17036-2207-5062-990a-a824f2d06174,1a0b71d7-4721-5998-bd82-de26b25b5771,2024-10-07,08:30:00,10:30:00,38,APROBADA
c7da31fc-7a5d-5387-a99c-1dbb5a7a52b4,2574a671-d58d-5db3-8c9f-2518d8a8d790,2025-03-20,15:00:00,17:00:00,28,APROBADA
06c5aa06-5b5d-5897-8563-1f89c4e76366,1dee66e3-0076-5033-8ba0-70dd67e8aea0,2024-09-04,12:00:00,15:00:00,42,APROBADA
ac64b0de-5d8e-51a6-9090-793189769417,e5da4cff-29aa-5f05-8532-70f093603e74,2024-07-17,12:00:00,13:00:00,39,APROBADA
3d6fc8cb-525b-5df1-9c9b-a38e5807d868,7bcb3d0c-2500-5f01-abe8-d24e962af50e,2024-09-01,11:30:00,13:00:00,32,APROBADA
e0dba12c-3c70-54e5-8a05-2e90d9789bcb,d7ce39c6-be5b-537a-ae81-d449a1710ff2,2025-04-22,09:30:00,12:30:00,36,APROBADA
1852d748-d659-561d-8ee8-260a0f2af027,b8969593-19a7-5a43-84c0-d52e63ac0cb4,2024-12-02,13:00:00,15:00:00,26,APROBADA
e1210984-add0-52b9-bd8c-68de8ef14bf6,dd609563-702d-543d-a49a-0ce27a83f234,2025-01-08,19:00:00,20:30:00,30,APROBADA
85c55dd8-e7da-5779-9cf7-936a8e9426d4,a22ee2bf-332c-5ac1-ae12-28ce7b0033a1,2025-05-21,13:00:00,16:00:00,35,APROBADA
235357d3-ce83-5a38-8073-a11e3e72317b,7d424b25-0f98-5f10-b2a8-ed9ddcd33e7a,2024-09-20,11:00:00,12:00:00,28,APROBADA
90e39800-40e7-5f8b-8964-904d94ac1177,b46607fb-d28f-5c06-a3a8-091cb9d995ec,2024-07-11,12:00:00,14:00:00,39,APROBADA
f235b4a4-3c1c-51ee-93a5-7f556d6110f1,eb4139b4-3715-5623-a990-d045271440a9,2024-08-19,13:30:00,14:30:00,27,APROBADA
01a94189-fbc3-51ad-a04d-3f974c443ade,ef815f08-b586-5f03-964a-a08004eaebf3,2024-10-10,15:00:00,16:00:00,30,APROBADA
3a312e97-de3c-52ee-909e-cd6aa40f14f4,8fd4b53b-1d49-5307-8a1a-e184999a4434,2024-07-15,07:30:00,10:30:00,30,APROBADA
bf7e95d7-18ef-5e1e-b606-f4da1500f948,8fd4b53b-1d49-5307-8a1a-e184999a4434,2024-12-12,07:00:00,09:00:00,33,APROBADA
0aec638d-b166-55c7-a3dc-cf95ab363acd,da1fe6a7-058c-5ad3-a10e-f529804a44b5,2024-08-31,14:30:00,15:30:00,27,APROBADA
a4e8e861-f854-5606-9af8-243847e2fb9b,6d481120-dab0-50c8-8f1b-33cf911e9573,2024-08-13,11:30:00,12:30:00,26,APROBADA
82a9f76e-feac-5634-b3f5-14d2047b3102,6d481120-dab0-50c8-8f1b-33cf911e9573,2024-12-26,07:00:00,09:00:00,40,APROBADA
82242991-7ec8-5323-a69a-671dafbb4475,1a0b71d7-4721-5998-bd82-de26b25b5771,2024-10-12,07:00:00,10:00:00,40,APROBADA
21d759e1-6d78-563e-9fee-de9237f93a68,45b00d8f-2f79-52ba-8b17-e7d6ee0b476f,2025-05-23,08:00:00,10:00:00,34,APROBADA
844a2da4-bd04-5931-989e-864e942e874a,6d481120-dab0-50c8-8f1b-33cf911e9573,2025-06-18,10:00:00,11:30:00,39,APROBADA
48e58cf6-1cd2-572d-a1d7-c53d80e944fb,10225e74-7c22-5384-8cdc-396a168ec651,2025-04-22,16:30:00,19:30:00,32,APROBADA
55fdd312-77c3-534f-92ed-35e1d9aca20e,6903b35b-c2a6-5770-98e5-743c2bc06b45,2024-11-11,09:30:00,11:00:00,34,APROBADA
10d98cb8-679a-5373-b079-5fb2ffafec86,aad269e7-97f7-5e2d-9c43-cf84b49bd847,2025-02-05,18:30:00,19:30:00,29,APROBADA
cd5ca287-b106-50d8-8868-7408085cfaae,6903b35b-c2a6-5770-98e5-743c2bc06b45,2025-01-02,10:30:00,11:30:00,27,APROBADA
f82dffae-ec89-5adb-9076-fd9b04ea604c,dd609563-702d-543d-a49a-0ce27a83f234,2025-01-18,14:00:00,15:30:00,33,APROBADA
eb0e464e-e05b-593c-a704-c4c8e4f22ae5,4b4a10f4-36fa-5109-bc5d-14e24370c164,2025-02-01,18:00:00,19:30:00,26,APROBADA
273c31ac-1b41-5930-93e8-199c98fc55b2,b8969593-19a7-5a43-84c0-d52e63ac0cb4,2025-06-23,18:00:00,19:00:00,29,APROBADA
51e8fe0d-5c7a-54ce-9826-6b2fef0a55e9,aad269e7-97f7-5e2d-9c43-cf84b49bd847,2025-02-11,10:30:00,13:30:00,29,APROBADA
da31a743-6690-517e-98fc-61988dbab5b0,0880d439-8834-59c1-bfce-e7f3da722b3f,2024-12-13,10:30:00,13:30:00,36,APROBADA
a351a72d-a753-555c-88f3-6bbe2f62b8d4,f5e43a2a-032c-562e-837a-ff3c72abffb4,2025-02-04,10:30:00,12:00:00,25,APROBADA
bf3dd3d2-cec6-58c4-9543-4b3aa2f14109,6c814918-8ba0-52cc-9377-6d60b7946f8b,2025-02-25,18:30:00,19:30:00,25,APROBADA
ca92b733-bcf8-5f70-b45c-c51ed457ae97,1a0b71d7-4721-5998-bd82-de26b25b5771,2025-01-02,13:00:00,15:00:00,30,APROBADA
39d7155c-fcfc-5490-88c2-82b02823f6d0,da1fe6a7-058c-5ad3-a10e-f529804a44b5,2024-10-02,09:00:00,11:00:00,32,APROBADA
cac2e56f-1ddd-5e7f-97da-0ea938e7fc4f,1a0b71d7-4721-5998-bd82-de26b25b5771,2025-03-25,11:30:00,12:30:00,31,APROBADA
8cc8ea8c-fb44-522a-8897-e987595ce87b,45b00d8f-2f79-52ba-8b17-e7d6ee0b476f,2024-10-18,15:00:00,17:00:00,28,APROBADA
3f783f76-0cc5-5bc3-aebe-1c42ecaa9ff3,eb4139b4-3715-5623-a990-d045271440a9,2024-12-28,19:00:00,20:00:00,29,APROBADA
567fca60-9556-5ec5-a9c7-e356ecaf7897,2574a671-d58d-5db3-8c9f-2518d8a8d790,2024-07-10,15:00:00,16:30:00,33,APROBADA
123cb4e7-2b63-55f0-843d-620805562fbf,d76d770e-14c2-5fea-bf8b-28f95250e124,2024-09-30,13:00:00,16:00:00,27,APROBADA
2ab82ad0-cc8d-557d-92ee-8a13fe1c5793,6d481120-dab0-50c8-8f1b-33cf911e9573,2024-12-30,15:00:00,18:00:00,36,APROBADA
540ce844-fbff-53bd-81c6-abe2930fcd59,b46607fb-d28f-5c06-a3a8-091cb9d995ec,2025-01-01,11:30:00,12:30:00,28,APROBADA
4eb4b62a-abc2-59b2-a74f-c3d1128fd07e,05a1191e-b84b-597d-b970-b04889cc30ee,2024-08-23,13:30:00,15:00:00,28,APROBADA
8838da6b-b5f0-5f79-8f5a-51358b37262d,da1fe6a7-058c-5ad3-a10e-f529804a44b5,2024-07-08,17:00:00,18:00:00,28,APROBADA
3e395a92-5ad6-53d8-ad8a-6e343747144f,7d424b25-0f98-5f10-b2a8-ed9ddcd33e7a,2024-10-24,15:00:00,18:00:00,39,APROBADA
1d3ddb24-b6e4-5837-8b76-c8ced631ea50,da1fe6a7-058c-5ad3-a10e-f529804a44b5,2025-01-24,11:00:00,13:00:00,36,APROBADA
98cfc670-23a2-5382-86c5-49b54de8eb9f,b46607fb-d28f-5c06-a3a8-091cb9d995ec,2025-04-02,14:30:00,16:30:00,33,APROBADA
3ab25dcf-59bb-5a89-96e1-78fdb8c55350,7d424b25-0f98-5f10-b2a8-ed9ddcd33e7a,2024-09-04,17:00:00,20:00:00,35,APROBADA
784c8694-aadb-599c-bcc7-fb96de24f090,7bcb3d0c-2500-5f01-abe8-d24e962af50e,2025-02-25,18:00:00,20:00:00,28,APROBADA
4592ad8a-ee53-5c43-a259-766c32c7b636,a22ee2bf-332c-5ac1-ae12-28ce7b0033a1,2024-09-03,19:00:00,21:00:00,30,APROBADA
9593224d-816e-5e8c-811e-ecdc215d1eeb,6c814918-8ba0-52cc-9377-6d60b7946f8b,2025-05-20,16:30:00,18:30:00,26,APROBADA
dc79af9c-b044-55f7-87da-6e62c60bccde,10225e74-7c22-5384-8cdc-396a168ec651,2024-10-30,10:30:00,12:00:00,35,APROBADA
2dc91bb7-18f9-5a7b-b3f7-20937ac98757,eb4139b4-3715-5623-a990-d045271440a9,2025-03-15,09:00:00,10:00:00,28,APROBADA
ccd1bca1-78b9-5e5e-b81d-a0443100440c,8fd4b53b-1d49-5307-8a1a-e184999a4434,2025-05-13,13:00:00,15:00:00,26,APROBADA
fb6db223-6171-5b20-8145-1b60f16ff7e6,e5da4cff-29aa-5f05-8532-70f093603e74,2024-11-25,07:00:00,09:00:00,27,APROBADA
cec92cce-871a-586b-8981-50dab6974bed,b46607fb-d28f-5c06-a3a8-091cb9d995ec,2024-11-13,12:30:00,15:30:00,40,APROBADA
ac55f74e-d64d-5769-9e2d-c916fe07a531,1a0b71d7-4721-5998-bd82-de26b25b5771,2025-03-22,08:00:00,09:00:00,37,APROBADA
b02e1097-129f-58cc-8163-f7691e7bf4fb,d76d770e-14c2-5fea-bf8b-28f95250e124,2025-01-25,13:30:00,14:30:00,36,APROBADA
ba23f89e-81e7-585c-90fd-bf673b342875,0880d439-8834-59c1-bfce-e7f3da722b3f,2025-03-30,09:00:00,10:00:00,36,APROBADA
5b6beac0-c6bb-59cd-9715-f79ce517f1ef,d7ce39c6-be5b-537a-ae81-d449a1710ff2,2024-08-08,12:00:00,15:00:00,37,APROBADA
997e36b4-4a30-51f0-851c-d4d8cbd59377,1a0b71d7-4721-5998-bd82-de26b25b5771,2025-03-02,19:00:00,22:00:00,40,APROBADA
6c55ff8e-2b2b-52ef-8f0c-e39e45bf7e7e,1a0b71d7-4721-5998-bd82-de26b25b5771,2024-07-05,14:30:00,15:30:00,28,APROBADA
b0dfa1b6-f272-58de-8a9c-4b0ed3f57381,706ea773-fd09-5587-a465-302616f9d571,2025-04-15,18:00:00,19:30:00,31,APROBADA
0fdc5189-04ce-575b-aa21-6779537b24c7,23c254ed-4635-5cec-baa9-656efa7fd130,2025-03-04,18:00:00,21:00:00,30,APROBADA
988f0a26-f09f-5399-bddb-737bb584d30c,7bcb3d0c-2500-5f01-abe8-d24e962af50e,2025-06-14,08:00:00,09:30:00,26,APROBADA
092a687f-fc8a-5f80-84f9-ac87a8db22ef,8fd4b53b-1d49-5307-8a1a-e184999a4434,2025-02-27,16:30:00,17:30:00,33,APROBADA
fdc8865d-a717-5ae4-a05c-fb6076c49514,8fd4b53b-1d49-5307-8a1a-e184999a4434,2024-07-27,09:30:00,12:30:00,28,APROBADA
9c6fc740-a238-5c06-a9a2-056ba26d4917,e5da4cff-29aa-5f05-8532-70f093603e74,2025-06-22,10:30:00,13:30:00,34,APROBADA
9137fe1d-cd83-55a5-a049-b6a04fcf6413,ef815f08-b586-5f03-964a-a08004eaebf3,2025-06-24,12:30:00,13:30:00,32,APROBADA
0b0e90fd-d93c-523f-bf0c-4b0bdf6b6bbd,eb4139b4-3715-5623-a990-d045271440a9,2025-06-13,13:00:00,14:30:00,26,APROBADA
c26dc69f-c045-5a13-ad2e-6f23fbf9e927,2574a671-d58d-5db3-8c9f-2518d8a8d790,2025-01-16,17:30:00,19:30:00,31,APROBADA
7aa46b5f-3751-5766-9709-c2c0adcb50fd,a40fe9f0-87fa-5853-968f-5cedd5939e8a,2025-03-15,07:00:00,10:00:00,29,APROBADA
a3140d36-4f2e-5b26-b86c-0a282c34e89a,8fd4b53b-1d49-5307-8a1a-e184999a4434,2024-08-13,09:00:00,12:00:00,37,APROBADA
da23ec12-b83c-5d91-b726-9b7820a8b622,7bcb3d0c-2500-5f01-abe8-d24e962af50e,2025-06-14,14:30:00,17:30:00,27,APROBADA
7963d01c-8a38-58da-8716-b4120ee17ad7,c1489a8f-1dff-511e-b025-5a10261901d7,2025-06-30,15:00:00,17:00:00,29,APROBADA
ebc2988e-2c69-586e-99e2-3a13f1fde815,aad269e7-97f7-5e2d-9c43-cf84b49bd847,2024-08-11,15:30:00,17:00:00,25,APROBADA
3435887a-d43d-5599-998d-60078a4f533b,2574a671-d58d-5db3-8c9f-2518d8a8d790,2024-12-14,08:00:00,10:00:00,36,APROBADA
f518896b-ef15-5549-8534-5cffa0c66635,a40fe9f0-87fa-5853-968f-5cedd5939e8a,2025-04-11,08:30:00,10:00:00,27,APROBADA
f9f1d038-72a6-5976-bed6-3e104db9a932,6c814918-8ba0-52cc-9377-6d60b7946f8b,2024-10-17,11:30:00,13:30:00,28,APROBADA
85367ec7-def0-597a-a22a-a0ecfa374c2a,1a0b71d7-4721-5998-bd82-de26b25b5771,2024-11-24,09:00:00,11:00:00,37,APROBADA
e86b49e2-a164-54a9-b8fa-a35cb0d73aeb,1a0b71d7-4721-5998-bd82-de26b25b5771,2024-12-31,14:30:00,16:30:00,28,APROBADA
1f751029-7b1e-5a19-8070-d8ff795d951c,1dee66e3-0076-5033-8ba0-70dd67e8aea0,2025-03-31,17:00:00,18:30:00,44,APROBADA
c86a8792-0f7b-56ea-8e9d-af23a557f80b,0880d439-8834-59c1-bfce-e7f3da722b3f,2024-11-28,08:30:00,11:30:00,33,APROBADA
3ad02ece-5cbe-5ee2-9ad2-469f8414d275,1dee66e3-0076-5033-8ba0-70dd67e8aea0,2025-05-03,11:00:00,12:00:00,33,APROBADA
d48e062b-f8e6-5319-9ea3-8e11f484eef0,4b4a10f4-36fa-5109-bc5d-14e24370c164,2025-06-13,12:30:00,13:30:00,28,APROBADA
e4135ce9-676d-57a9-b2f6-de20c1575e0f,706ea773-fd09-5587-a465-302616f9d571,2025-06-25,15:00:00,18:00:00,27,APROBADA
9c13b09d-1cb3-5e6d-8285-cfab62cc6ac6,6c814918-8ba0-52cc-9377-6d60b7946f8b,2024-09-01,17:00:00,18:30:00,30,APROBADA
e0f03175-14f9-5bdf-9539-96567d0d967d,b8969593-19a7-5a43-84c0-d52e63ac0cb4,2025-02-07,17:00:00,18:30:00,30,APROBADA
0913ad79-d45e-5dec-8439-3e6033da0ea8,2574a671-d58d-5db3-8c9f-2518d8a8d790,2025-06-03,17:00:00,18:30:00,39,APROBADA
6aced4f7-44e7-509c-8870-c56e19257df3,e5da4cff-29aa-5f05-8532-70f093603e74,2024-11-06,17:30:00,18:30:00,26,APROBADA
c2b477f7-af52-59fe-a424-10ab160e02be,c1489a8f-1dff-511e-b025-5a10261901d7,2024-09-10,10:00:00,11:30:00,30,APROBADA
cc8fd14b-9168-56d4-9165-dd64e674ff5f,1a0b71d7-4721-5998-bd82-de26b25b5771,2024-11-26,10:30:00,12:00:00,45,APROBADA
68eb6b9f-6818-5b2e-82dd-6f60174ae143,706ea773-fd09-5587-a465-302616f9d571,2025-04-21,15:00:00,17:00:00,29,APROBADA
b4dd4d49-da29-518e-9ded-3b2ea1fd6971,23c254ed-4635-5cec-baa9-656efa7fd130,2024-10-24,19:00:00,20:30:00,28,APROBADA
4c8377fd-b184-527c-b131-bb5c548f3e7d,05a1191e-b84b-597d-b970-b04889cc30ee,2025-06-06,14:00:00,15:30:00,29,APROBADA
9a927086-f372-53a1-a6e5-1c6a62331918,ef815f08-b586-5f03-964a-a08004eaebf3,2025-03-03,18:00:00,19:30:00,33,APROBADA
284c4b6c-807b-5476-bbde-89c45064a127,7bcb3d0c-2500-5f01-abe8-d24e962af50e,2025-02-21,17:30:00,18:30:00,28,APROBADA
819ddaac-6b8e-52cf-af49-f6fb960455e4,1a0b71d7-4721-5998-bd82-de26b25b5771,2024-10-01,11:00:00,13:00:00,37,APROBADA
8ee9964a-20fc-5c6c-8c11-678bfe346efa,dd609563-702d-543d-a49a-0ce27a83f234,2024-07-25,07:30:00,10:30:00,29,APROBADA
e1847c8d-b35f-5d2f-99b8-878660c6f959,a22ee2bf-332c-5ac1-ae12-28ce7b0033a1,2025-06-23,19:00:00,20:00:00,27,APROBADA
ee0bc597-dc17-56d0-a3a5-ae504c34d375,f5e43a2a-032c-562e-837a-ff3c72abffb4,2025-01-05,12:00:00,13:00:00,27,APROBADA
76002cdf-405e-5153-a00f-569ad9efe895,7d424b25-0f98-5f10-b2a8-ed9ddcd33e7a,2024-09-03,16:00:00,18:00:00,38,APROBADA
4b13a724-ee78-5ec0-8c9a-e3f8a2282391,c1489a8f-1dff-511e-b025-5a10261901d7,2025-02-16,09:00:00,11:00:00,28,APROBADA
3522645b-28be-571d-865c-2033afc3c281,c1489a8f-1dff-511e-b025-5a10261901d7,2025-02-17,17:00:00,18:30:00,27,APROBADA
5c714485-7366-51aa-84bb-edbdd2e59a96,23c254ed-4635-5cec-baa9-656efa7fd130,2024-07-06,10:30:00,11:30:00,27,APROBADA
5b0e2eef-f21d-5716-ab6a-4ac3cdfed6d3,6d481120-dab0-50c8-8f1b-33cf911e9573,2024-11-16,15:30:00,17:30:00,30,APROBADA
10b45772-e01c-5d96-9fce-849f05a810ae,10225e74-7c22-5384-8cdc-396a168ec651,2024-11-10,09:30:00,12:30:00,30,APROBADA
a07cc6ce-67ce-5c06-9e01-22819f313a7e,d76d770e-14c2-5fea-bf8b-28f95250e124,2024-12-02,09:00:00,10:30:00,40,APROBADA
f35de356-b134-5f80-a601-0364d5930399,c1489a8f-1dff-511e-b025-5a10261901d7,2025-04-09,07:30:00,08:30:00,28,APROBADA
73afa6e0-d860-585f-b888-cc08ed676d0a,eb4139b4-3715-5623-a990-d045271440a9,2025-05-22,17:30:00,19:00:00,28,APROBADA
b5659e7b-be64-5cfa-8239-7c402337393e,706ea773-fd09-5587-a465-302616f9d571,2025-02-24,08:30:00,10:30:00,36,APROBADA
0bd40c9e-5da2-5763-ac72-d29ad8d85937,dd609563-702d-543d-a49a-0ce27a83f234,2025-03-11,09:00:00,10:30:00,31,APROBADA
81040b5a-660f-5637-9f09-366c9bdc17c5,4b4a10f4-36fa-5109-bc5d-14e24370c164,2024-12-24,16:30:00,18:00:00,31,APROBADA
aaa3eb0a-df13-521d-8583-6215a8b7eb80,d76d770e-14c2-5fea-bf8b-28f95250e124,2025-03-04,07:00:00,10:00:00,25,APROBADA
a04b83f2-46d9-5fad-9e65-bc7d3095dc68,706ea773-fd09-5587-a465-302616f9d571,2025-06-26,12:30:00,15:30:00,34,APROBADA
7fef776b-4998-5964-823d-698e9aeb1147,ef815f08-b586-5f03-964a-a08004eaebf3,2024-11-01,17:30:00,19:00:00,28,APROBADA
59e95e28-6716-517e-b18c-321dc43151a7,8fd4b53b-1d49-5307-8a1a-e184999a4434,2024-12-13,11:30:00,13:30:00,40,APROBADA
f3a194ee-11d2-5377-ae13-3395f60c5172,f5e43a2a-032c-562e-837a-ff3c72abffb4,2025-06-13,16:30:00,17:30:00,27,APROBADA
32364a16-48a8-5d5b-aa86-082678f65fd7,7d424b25-0f98-5f10-b2a8-ed9ddcd33e7a,2025-05-24,16:00:00,19:00:00,37,APROBADA
56bb8d83-12a8-51a5-b68a-a6b84c80c6bb,6d481120-dab0-50c8-8f1b-33cf911e9573,2024-12-14,15:00:00,18:00:00,36,APROBADA
3f30ce5b-8283-531d-b2f4-a2cb813c6aa1,e5da4cff-29aa-5f05-8532-70f093603e74,2024-07-01,14:30:00,16:30:00,39,APROBADA
0f64447f-1068-5ff9-a271-b0af0ad53cb4,1a0b71d7-4721-5998-bd82-de26b25b5771,2025-04-23,18:00:00,19:30:00,42,APROBADA
eb0a604f-81aa-5a74-937e-8cdcabc3c2be,6d481120-dab0-50c8-8f1b-33cf911e9573,2024-12-26,18:30:00,21:30:00,27,APROBADA
14ee77bf-b645-58ce-9273-ebbc4331cd74,23c254ed-4635-5cec-baa9-656efa7fd130,2024-09-22,12:30:00,14:00:00,32,APROBADA
beeb97b4-a775-58b6-8d61-99384aca91f8,d76d770e-14c2-5fea-bf8b-28f95250e124,2024-12-31,09:30:00,12:30:00,31,APROBADA
f215819d-1f8b-5232-9d03-cedceb6f538c,8fd4b53b-1d49-5307-8a1a-e184999a4434,2025-04-23,09:00:00,11:00:00,27,APROBADA
65368c2c-d0c0-5e2d-863f-0d22c842f5b6,a22ee2bf-332c-5ac1-ae12-28ce7b0033a1,2024-07-14,08:00:00,10:00:00,36,APROBADA
c2ede88c-8ac4-506f-a322-c790c442fb26,1a0b71d7-4721-5998-bd82-de26b25b5771,2024-09-10,09:30:00,11:30:00,44,APROBADA
6ead01bf-90bd-50d0-8647-94249d14086a,e5da4cff-29aa-5f05-8532-70f093603e74,2025-01-22,10:00:00,11:00:00,29,APROBADA
e4a5b284-b53b-52ed-b47a-69c347448a64,45b00d8f-2f79-52ba-8b17-e7d6ee0b476f,2025-03-28,16:30:00,18:00:00,29,APROBADA
9606011c-d3e1-506b-9bf0-aa7c9b9786c9,6d481120-dab0-50c8-8f1b-33cf911e9573,2024-12-14,09:30:00,11:30:00,30,APROBADA
b9e73cde-9b71-5f62-a8e5-bf58967292f4,b8969593-19a7-5a43-84c0-d52e63ac0cb4,2024-12-16,10:00:00,11:30:00,29,APROBADA
cbf99759-4df7-5d9f-8ce6-59926b0a84b4,45b00d8f-2f79-52ba-8b17-e7d6ee0b476f,2024-12-26,13:00:00,14:00:00,30,APROBADA
4aaa8751-5597-5e60-a2dc-839bd26dfb63,eb4139b4-3715-5623-a990-d045271440a9,2025-03-06,11:00:00,14:00:00,29,APROBADA
e71a617d-ca3b-5db3-bd74-564144e6ceb3,a22ee2bf-332c-5ac1-ae12-28ce7b0033a1,2025-04-21,08:00:00,09:00:00,33,APROBADA
f8884805-eb60-5737-968c-881903122345,f5e43a2a-032c-562e-837a-ff3c72abffb4,2024-12-11,07:30:00,09:30:00,26,APROBADA
f9e4562a-2b30-51eb-82fb-1476ab9421bd,f5e43a2a-032c-562e-837a-ff3c72abffb4,2024-08-31,09:00:00,10:30:00,28,APROBADA
fdc83603-638a-5b60-99ef-d6c6c5901a77,b8969593-19a7-5a43-84c0-d52e63ac0cb4,2025-04-03,07:30:00,09:00:00,29,APROBADA
0841233d-8918-528d-a5d6-ba2e035332e3,6d481120-dab0-50c8-8f1b-33cf911e9573,2025-02-01,18:30:00,19:30:00,31,APROBADA
b47b5150-0397-54f9-bbbf-be7cef34d43d,8fd4b53b-1d49-5307-8a1a-e184999a4434,2025-01-18,12:00:00,13:30:00,40,APROBADA
555765dc-2272-5239-a97c-68b7f9734a0e,dd609563-702d-543d-a49a-0ce27a83f234,2024-09-21,07:00:00,10:00:00,30,APROBADA
a47f76a0-c6ac-54de-b892-a7fec6c145cb,2574a671-d58d-5db3-8c9f-2518d8a8d790,2024-08-30,11:00:00,13:00:00,27,APROBADA
7b08c8e0-6f78-5979-b80e-dd891b933d3b,ef815f08-b586-5f03-964a-a08004eaebf3,2024-11-29,12:30:00,15:30:00,29,APROBADA
cb85334a-5866-57d7-aff5-81738231b4fa,8fd4b53b-1d49-5307-8a1a-e184999a4434,2024-10-24,08:00:00,10:00:00,37,APROBADA
d42608e9-0720-5ed8-8ebe-1c64f0d37bfa,ef815f08-b586-5f03-964a-a08004eaebf3,2024-12-03,10:30:00,13:30:00,34,APROBADA
4672a9d2-48ac-57e7-b0b7-fddd5bd7bd86,8fd4b53b-1d49-5307-8a1a-e184999a4434,2024-08-17,15:00:00,16:00:00,35,APROBADA
61590cad-e305-5fce-af45-2853d7e2cc98,f5e43a2a-032c-562e-837a-ff3c72abffb4,2024-12-14,19:00:00,20:00:00,30,APROBADA
4b0d4ddc-c617-5812-8a1d-0c36544bd793,0880d439-8834-59c1-bfce-e7f3da722b3f,2025-06-25,17:30:00,20:30:00,34,APROBADA
311eedf5-fd88-5115-b719-1516f0012284,f5e43a2a-032c-562e-837a-ff3c72abffb4,2025-02-08,08:30:00,11:30:00,26,APROBADA
dca23447-de52-5206-95fe-bf5e86981648,6d481120-dab0-50c8-8f1b-33cf911e9573,2025-06-16,15:00:00,16:30:00,26,APROBADA
a9cada3c-1971-5bf6-8dc7-6d760ae3fa3b,1a0b71d7-4721-5998-bd82-de26b25b5771,2024-11-25,10:30:00,12:30:00,31,APROBADA
c70d0f39-f207-5ad2-9ab1-d66bf25b33b7,d056b3a8-8204-507a-b6c1-1f1203a87651,2024-08-28,16:00:00,17:00:00,27,APROBADA
f0208a66-eece-58e5-a64d-dca045027945,1a0b71d7-4721-5998-bd82-de26b25b5771,2024-07-24,14:30:00,16:30:00,41,APROBADA
c1ec133c-97df-519a-a1a1-5fbe0175d4bb,45b00d8f-2f79-52ba-8b17-e7d6ee0b476f,2024-12-08,16:00:00,17:00:00,26,APROBADA
d0e90a86-4c13-5760-9079-264ffc275ff7,e5da4cff-29aa-5f05-8532-70f093603e74,2024-07-08,11:00:00,14:00:00,32,APROBADA
9dac2897-91c3-5f2e-b657-f2385197f2a1,8fd4b53b-1d49-5307-8a1a-e184999a4434,2025-01-21,14:30:00,16:30:00,35,APROBADA
e5eaf827-bf3a-5ac7-a681-8f03b20bac34,6c814918-8ba0-52cc-9377-6d60b7946f8b,2024-11-16,16:30:00,18:30:00,33,APROBADA
740fde73-8fed-583a-94f3-e3b9b5128136,dd609563-702d-543d-a49a-0ce27a83f234,2024-11-15,19:00:00,21:00:00,27,APROBADA
98ea1cec-f4f1-5940-bd8d-8c7cb56dcc4d,e5da4cff-29aa-5f05-8532-70f093603e74,2025-03-05,16:00:00,17:00:00,35,APROBADA
c30673bd-069e-503d-b062-85d31c9119d0,d76d770e-14c2-5fea-bf8b-28f95250e124,2025-06-17,07:00:00,08:00:00,40,APROBADA
2959e445-402e-58d8-90db-f0c0bf016638,a22ee2bf-332c-5ac1-ae12-28ce7b0033a1,2024-08-16,10:30:00,12:30:00,32,APROBADA
7eaf5580-1fdb-5d28-acea-5f53c511a1df,6903b35b-c2a6-5770-98e5-743c2bc06b45,2024-07-27,16:00:00,17:00:00,34,APROBADA
01cbfb85-2e06-50d7-971c-cf3db2cfd79d,7d424b25-0f98-5f10-b2a8-ed9ddcd33e7a,2024-10-18,16:30:00,18:30:00,33,APROBADA
86362dca-7b77-597b-a72c-2b3ef8c985ce,7bcb3d0c-2500-5f01-abe8-d24e962af50e,2024-07-18,10:00:00,11:00:00,32,APROBADA
8f6c63f1-bac9-5c71-97fb-b05f5d4ef30e,23c254ed-4635-5cec-baa9-656efa7fd130,2025-02-11,11:00:00,12:30:00,26,APROBADA
8a686902-d01e-58ea-9df5-4284f6a7258b,8fd4b53b-1d49-5307-8a1a-e184999a4434,2025-02-13,16:30:00,18:30:00,38,APROBADA
0fbd7538-48f3-56a9-95dd-9e0a16e5e364,d7ce39c6-be5b-537a-ae81-d449a1710ff2,2024-07-31,07:00:00,08:30:00,30,APROBADA
51484778-6e1c-5470-869a-89962f02202d,d76d770e-14c2-5fea-bf8b-28f95250e124,2024-11-30,17:00:00,20:00:00,28,APROBADA
fa2e69c5-bdd1-5f2b-adc6-9d0d5bebeaa5,6d481120-dab0-50c8-8f1b-33cf911e9573,2024-09-06,09:30:00,10:30:00,44,APROBADA
9d506d6b-09a6-5f32-b77c-e9b8933fc32a,8fd4b53b-1d49-5307-8a1a-e184999a4434,2024-10-13,16:00:00,17:00:00,30,APROBADA
a207cfe7-f5b6-570c-a64b-3a2d340d0ffd,4b4a10f4-36fa-5109-bc5d-14e24370c164,2024-08-06,15:30:00,16:30:00,27,APROBADA
3a7e7e1e-f062-54b4-b299-9200686a898d,1a0b71d7-4721-5998-bd82-de26b25b5771,2024-11-17,16:30:00,19:30:00,27,APROBADA
d113a405-924b-568c-b49c-3b0c7a3e6674,d7ce39c6-be5b-537a-ae81-d449a1710ff2,2025-05-07,12:00:00,15:00:00,43,APROBADA
a441e291-7c4a-5be5-a3a0-4265b7864dbc,eb4139b4-3715-5623-a990-d045271440a9,2024-11-05,17:00:00,18:30:00,30,APROBADA
c239ab79-77fe-5561-bb93-eff8176ba914,6d481120-dab0-50c8-8f1b-33cf911e9573,2024-09-28,07:00:00,08:30:00,27,APROBADA
889886c4-b1ed-5972-b6b7-25c7cc181d81,0880d439-8834-59c1-bfce-e7f3da722b3f,2025-01-19,11:00:00,14:00:00,44,APROBADA
399694e7-223c-5591-9dc5-03d686d72c87,a40fe9f0-87fa-5853-968f-5cedd5939e8a,2024-10-26,14:00:00,15:00:00,31,APROBADA
3373e425-8b96-558b-bc07-65b22d91a10e,e5da4cff-29aa-5f05-8532-70f093603e74,2025-05-05,14:00:00,17:00:00,37,APROBADA
12ed385d-05e6-59ce-a0cb-87ac55cd52f6,6c814918-8ba0-52cc-9377-6d60b7946f8b,2025-02-04,17:00:00,19:00:00,25,APROBADA
7babc3a9-f74d-573a-9ae0-3dabd0ecf599,b8969593-19a7-5a43-84c0-d52e63ac0cb4,2024-10-09,12:30:00,15:30:00,27,APROBADA
886e7702-2552-505a-a782-158fa4f18b8f,e5da4cff-29aa-5f05-8532-70f093603e74,2025-01-01,14:30:00,16:00:00,29,APROBADA
1edcb31c-34a8-5f88-8508-95ca656d7b7b,b46607fb-d28f-5c06-a3a8-091cb9d995ec,2024-09-26,16:30:00,18:00:00,31,APROBADA
9b386ef4-0e05-5334-9cc6-9773b673ff3c,0880d439-8834-59c1-bfce-e7f3da722b3f,2024-12-15,10:00:00,11:30:00,35,APROBADA
35535ecc-61a4-532b-ba70-66b1132ed845,a40fe9f0-87fa-5853-968f-5cedd5939e8a,2025-02-18,14:00:00,15:30:00,32,APROBADA
0338f48f-e978-55cf-8d18-cdd2f02e16ba,a22ee2bf-332c-5ac1-ae12-28ce7b0033a1,2025-04-14,10:30:00,12:30:00,34,APROBADA
76f0c566-688d-516c-b542-4e12c4e7284a,da1fe6a7-058c-5ad3-a10e-f529804a44b5,2024-11-09,13:00:00,14:00:00,36,APROBADA
93b0173c-6335-5ce3-a34f-d893edee0e87,da1fe6a7-058c-5ad3-a10e-f529804a44b5,2025-04-11,12:30:00,15:30:00,30,APROBADA
dd256e54-3f0e-59bb-9c23-6eaef1a92ddf,eb4139b4-3715-5623-a990-d045271440a9,2025-02-09,13:30:00,16:30:00,27,APROBADA
28fde56d-70f7-5015-871e-00c4925c8082,d056b3a8-8204-507a-b6c1-1f1203a87651,2025-01-31,17:30:00,19:30:00,25,APROBADA
b05a3d60-71cb-5906-a674-20b3f4b0ff9b,eb4139b4-3715-5623-a990-d045271440a9,2024-08-04,13:30:00,15:30:00,27,APROBADA
fb201432-f8a1-5c5f-9af0-10a4959822d7,2574a671-d58d-5db3-8c9f-2518d8a8d790,2025-01-18,07:00:00,08:00:00,25,APROBADA
7e2e8d15-5ac6-5114-b250-d72a635916e3,da1fe6a7-058c-5ad3-a10e-f529804a44b5,2025-01-30,13:00:00,15:00:00,29,APROBADA
43a57d21-171a-57c1-a84b-22e398a3a362,e5da4cff-29aa-5f05-8532-70f093603e74,2025-05-22,11:30:00,12:30:00,31,APROBADA
39789925-431b-51e7-95b8-247a2d44f2ae,706ea773-fd09-5587-a465-302616f9d571,2024-08-30,16:00:00,19:00:00,28,APROBADA
5dd75a98-05e2-5f02-a314-80a4826d6545,eb4139b4-3715-5623-a990-d045271440a9,2025-03-06,10:30:00,11:30:00,25,APROBADA
a1b0f253-d730-5d00-a4e4-98d7168c41b3,aad269e7-97f7-5e2d-9c43-cf84b49bd847,2024-11-13,12:00:00,13:30:00,27,APROBADA
87048d79-3605-5be5-ae81-013672f54421,ef815f08-b586-5f03-964a-a08004eaebf3,2024-07-12,07:00:00,08:00:00,36,APROBADA
9c1f069c-c6da-55af-8adf-56ae03ca4e46,706ea773-fd09-5587-a465-302616f9d571,2025-01-23,08:30:00,09:30:00,39,APROBADA
02a0a4c7-108e-5e28-b953-9053f109e57e,2574a671-d58d-5db3-8c9f-2518d8a8d790,2024-09-02,10:30:00,12:00:00,29,APROBADA
226e9e88-8455-5600-ab02-f12110247912,aad269e7-97f7-5e2d-9c43-cf84b49bd847,2025-02-17,18:30:00,19:30:00,25,APROBADA
96366e71-48d7-5032-97a3-6e253774dca1,a40fe9f0-87fa-5853-968f-5cedd5939e8a,2024-11-10,13:30:00,16:30:00,26,APROBADA
29f56498-2d96-59eb-a226-25bbd3f84d01,0880d439-8834-59c1-bfce-e7f3da722b3f,2025-03-18,09:30:00,10:30:00,32,APROBADA
158778e3-4842-5ba2-824d-5c94a4f58987,1dee66e3-0076-5033-8ba0-70dd67e8aea0,2024-10-21,07:30:00,08:30:00,43,APROBADA
1de26d40-cca8-5c3d-8c28-88c95e2ba80f,0880d439-8834-59c1-bfce-e7f3da722b3f,2025-05-09,17:00:00,20:00:00,29,APROBADA
9069d466-7d73-5f8d-b16a-bcc6dcebf57d,b46607fb-d28f-5c06-a3a8-091cb9d995ec,2024-10-11,09:30:00,11:00:00,38,APROBADA
17e4ff46-9057-5487-aa7e-fc1d0945bff9,6903b35b-c2a6-5770-98e5-743c2bc06b45,2024-09-11,10:00:00,12:00:00,27,APROBADA
11d93692-2312-5283-b551-a3209e355602,e5da4cff-29aa-5f05-8532-70f093603e74,2024-12-08,16:00:00,19:00:00,26,APROBADA
f314e1cb-d7d3-5cdb-8ca8-0bfec674b741,7d424b25-0f98-5f10-b2a8-ed9ddcd33e7a,2025-01-06,12:00:00,13:30:00,29,APROBADA
46b85a6c-041e-5d5b-95b3-35895cb514c1,aad269e7-97f7-5e2d-9c43-cf84b49bd847,2024-10-27,15:00:00,16:30:00,28,APROBADA
3d2285a2-81b5-57b9-b4f5-c529f5e9fe33,05a1191e-b84b-597d-b970-b04889cc30ee,2025-03-09,18:00:00,19:30:00,35,APROBADA
0c514578-776d-58d1-8109-a69f97535296,05a1191e-b84b-597d-b970-b04889cc30ee,2024-12-17,12:00:00,14:00:00,34,APROBADA
2a3f68a3-2eca-5f77-8b6d-41b1927466ba,45b00d8f-2f79-52ba-8b17-e7d6ee0b476f,2024-07-13,13:00:00,14:00:00,26,APROBADA
7cd5841d-b61a-5218-a865-71c59fee6158,e5da4cff-29aa-5f05-8532-70f093603e74,2024-10-18,09:30:00,12:30:00,28,APROBADA
7bd02c6a-3a7e-5535-8696-df8403fd97ff,a40fe9f0-87fa-5853-968f-5cedd5939e8a,2025-04-03,07:00:00,09:00:00,26,APROBADA
bf502e43-c2eb-53d8-a400-bd72ec21c224,dd609563-702d-543d-a49a-0ce27a83f234,2024-10-21,15:00:00,16:00:00,35,APROBADA
9720375d-33da-5d96-ac67-545a7750d7be,4b4a10f4-36fa-5109-bc5d-14e24370c164,2024-09-11,07:30:00,09:30:00,26,APROBADA
b9f65791-d044-5587-8b4f-322faa2fdeb8,c1489a8f-1dff-511e-b025-5a10261901d7,2025-03-07,16:00:00,17:00:00,25,APROBADA
24d2aead-ee76-5162-bdf5-b836e4e38749,a40fe9f0-87fa-5853-968f-5cedd5939e8a,2024-12-30,09:00:00,10:00:00,27,APROBADA
c41aef75-b19d-5287-8c90-ca6c758d5f5a,c1489a8f-1dff-511e-b025-5a10261901d7,2024-07-30,12:30:00,14:30:00,26,APROBADA
dfe2c084-e1ff-5611-b420-4fc0e41c61cb,b46607fb-d28f-5c06-a3a8-091cb9d995ec,2025-03-31,18:00:00,19:00:00,25,APROBADA
cabe595c-a726-5599-abae-46cdebfe793b,4b4a10f4-36fa-5109-bc5d-14e24370c164,2024-09-12,13:30:00,14:30:00,32,APROBADA
dcdcf9cc-1f1a-5084-97ca-b4f3dd9cc9c4,d056b3a8-8204-507a-b6c1-1f1203a87651,2024-12-30,17:00:00,20:00:00,27,APROBADA
a9f9cf5f-a867-54b5-93dc-90f52a2ab33e,7d424b25-0f98-5f10-b2a8-ed9ddcd33e7a,2024-12-14,17:30:00,19:30:00,39,APROBADA
14b0d3d1-f6c8-5733-9259-22d5b863d683,da1fe6a7-058c-5ad3-a10e-f529804a44b5,2025-04-20,19:00:00,20:00:00,31,APROBADA
35dbb133-b968-5f12-85e3-0122b400749b,05a1191e-b84b-597d-b970-b04889cc30ee,2024-09-08,14:30:00,16:00:00,35,APROBADA
3a85c085-320e-5f25-9194-d7eb8335848c,c1489a8f-1dff-511e-b025-5a10261901d7,2025-01-19,11:00:00,14:00:00,28,APROBADA
9d4ebc89-b744-5b0e-9c20-e8817eb155f3,6903b35b-c2a6-5770-98e5-743c2bc06b45,2024-12-25,16:30:00,18:00:00,27,APROBADA
26f35edf-0982-5256-8dd7-f037a530b64f,6c814918-8ba0-52cc-9377-6d60b7946f8b,2025-05-21,17:00:00,18:30:00,26,APROBADA
bde2a898-6d05-5747-a757-eda0e7390995,706ea773-fd09-5587-a465-302616f9d571,2024-08-28,14:00:00,15:30:00,28,APROBADA
319bc50a-5fb6-5600-a098-f60f903eedb1,45b00d8f-2f79-52ba-8b17-e7d6ee0b476f,2025-03-27,17:00:00,20:00:00,32,APROBADA
9e35a1eb-4960-50ea-8abb-0f4ae7d8b61f,4b4a10f4-36fa-5109-bc5d-14e24370c164,2025-05-22,12:30:00,14:30:00,25,APROBADA
57bcce24-cfe8-5736-a394-2105a02403de,eb4139b4-3715-5623-a990-d045271440a9,2025-03-24,10:30:00,11:30:00,28,APROBADA
4fc26ede-a8b6-5392-8948-4c36363f30dd,2574a671-d58d-5db3-8c9f-2518d8a8d790,2025-01-04,17:00:00,18:00:00,27,APROBADA
5ab41ddc-fe33-5ea3-80be-ec0dbed061c6,dd609563-702d-543d-a49a-0ce27a83f234,2024-09-10,12:00:00,14:00:00,36,APROBADA
2a581a59-c742-5194-b281-53458441d82c,706ea773-fd09-5587-a465-302616f9d571,2025-06-04,17:30:00,20:30:00,38,APROBADA
4b713961-4e80-51a1-a7e6-50d39186632c,a22ee2bf-332c-5ac1-ae12-28ce7b0033a1,2025-01-04,14:30:00,15:30:00,25,APROBADA
95f3451d-d6fe-56ca-80b1-2bf0e0762dc3,10225e74-7c22-5384-8cdc-396a168ec651,2024-08-17,12:30:00,13:30:00,27,APROBADA
34b5ec11-5913-5202-997d-2305156c73fa,e5da4cff-29aa-5f05-8532-70f093603e74,2025-04-09,09:30:00,12:30:00,37,APROBADA
1ed4750f-d736-5974-9aa7-976373bc2517,eb4139b4-3715-5623-a990-d045271440a9,2024-11-03,07:00:00,08:00:00,29,APROBADA
4566f571-e7fb-517f-8cf4-42a0fee29b74,e5da4cff-29aa-5f05-8532-70f093603e74,2025-05-08,11:00:00,13:00:00,29,APROBADA
1be44d55-0776-574d-9d51-8aa8246e5a2e,7bcb3d0c-2500-5f01-abe8-d24e962af50e,2024-12-25,15:30:00,17:00:00,30,APROBADA
5c0b0ac1-8bb2-5705-9251-3003dee3dde2,d76d770e-14c2-5fea-bf8b-28f95250e124,2024-12-19,19:00:00,20:00:00,37,APROBADA
4c56a760-c8fc-524b-9ee1-1075729d7c4e,b46607fb-d28f-5c06-a3a8-091cb9d995ec,2025-02-13,07:30:00,10:30:00,39,APROBADA
071fa299-9895-5eff-8933-3cda451da6a9,0880d439-8834-59c1-bfce-e7f3da722b3f,2025-03-12,13:30:00,15:30:00,26,APROBADA
5d85c4a7-5a1c-5726-a3ec-5ff4973f382a,e5da4cff-29aa-5f05-8532-70f093603e74,2024-10-20,12:00:00,15:00:00,35,APROBADA
82708926-403a-5b60-98b7-f3ee6f610f94,05a1191e-b84b-597d-b970-b04889cc30ee,2024-09-23,09:00:00,10:30:00,28,APROBADA
1c63f0a6-7cc0-5848-b143-d7b7983e779e,aad269e7-97f7-5e2d-9c43-cf84b49bd847,2024-08-21,10:00:00,12:00:00,25,APROBADA
1b57ae9c-819e-5a12-b4a6-f0ba1b90abbc,c1489a8f-1dff-511e-b025-5a10261901d7,2025-01-14,17:30:00,19:30:00,31,APROBADA
48afc995-3690-52cc-8537-7fcbd427c0cb,8fd4b53b-1d49-5307-8a1a-e184999a4434,2025-05-11,08:00:00,11:00:00,38,APROBADA
fd75581e-315b-50b5-a77c-e949a185962f,d76d770e-14c2-5fea-bf8b-28f95250e124,2025-06-03,11:00:00,12:30:00,36,APROBADA
b5fe9fdf-3113-59dc-a0fa-faae6b4e9938,0880d439-8834-59c1-bfce-e7f3da722b3f,2024-08-03,12:30:00,14:30:00,25,APROBADA
604ef3d2-cef2-5132-bcfa-d3f5dd673da1,d7ce39c6-be5b-537a-ae81-d449a1710ff2,2025-06-13,09:00:00,10:00:00,36,APROBADA
481fd2d6-449c-553f-99ae-05831e4c5f4d,e5da4cff-29aa-5f05-8532-70f093603e74,2025-03-22,13:00:00,14:00:00,31,APROBADA
53c66938-ce00-54f8-9244-4db9d0823137,aad269e7-97f7-5e2d-9c43-cf84b49bd847,2024-08-30,17:30:00,20:30:00,29,APROBADA
f27bc057-078d-5543-9f06-c3889765ae00,d7ce39c6-be5b-537a-ae81-d449a1710ff2,2024-07-30,08:30:00,11:30:00,44,APROBADA
841b5439-6477-5f24-955c-5e2359a38bd0,6903b35b-c2a6-5770-98e5-743c2bc06b45,2025-01-03,07:00:00,08:00:00,30,APROBADA
dd297260-6172-5d8c-a7d5-c7d59148a6fa,6c814918-8ba0-52cc-9377-6d60b7946f8b,2024-12-02,13:30:00,15:30:00,32,APROBADA
8a49867d-b682-5ae6-b182-19a2c9648f2c,0880d439-8834-59c1-bfce-e7f3da722b3f,2025-03-05,08:30:00,09:30:00,31,APROBADA
95214103-f012-5b63-b787-8a94a6e13231,a40fe9f0-87fa-5853-968f-5cedd5939e8a,2025-02-18,11:30:00,13:30:00,31,APROBADA
d95174ab-93de-5579-b103-60f6623c1473,d76d770e-14c2-5fea-bf8b-28f95250e124,2024-08-13,09:30:00,11:30:00,33,APROBADA
aec00752-76cd-5636-b5a5-8adac40e48ce,f5e43a2a-032c-562e-837a-ff3c72abffb4,2025-05-31,18:30:00,20:00:00,29,APROBADA
1f3b0ca1-9242-5bd5-aaf0-bb07a486cd86,8fd4b53b-1d49-5307-8a1a-e184999a4434,2024-07-26,11:30:00,14:30:00,32,APROBADA
2f1c204b-d455-50af-a7e0-91b5b4373617,d7ce39c6-be5b-537a-ae81-d449a1710ff2,2025-01-15,09:00:00,11:00:00,25,APROBADA
4cab7676-98ae-51a9-a13d-a6200516ec3d,6d481120-dab0-50c8-8f1b-33cf911e9573,2024-11-10,14:00:00,17:00:00,37,APROBADA
cd130b4c-f2f1-5009-bb37-f9883d7bca0f,8fd4b53b-1d49-5307-8a1a-e184999a4434,2024-08-19,10:30:00,12:30:00,39,APROBADA
ca7502f4-8f39-5c71-b4a9-fe183aeda0bf,1dee66e3-0076-5033-8ba0-70dd67e8aea0,2025-06-19,10:00:00,12:00:00,35,APROBADA
5c48396e-4d8f-5275-a29b-4e1afcfbed29,7bcb3d0c-2500-5f01-abe8-d24e962af50e,2024-11-14,07:30:00,08:30:00,31,APROBADA
e0a645d6-eb8a-5b2f-81c5-cd1263dcddd8,6d481120-dab0-50c8-8f1b-33cf911e9573,2024-09-01,13:00:00,14:30:00,33,APROBADA
7a90907f-917a-59c3-9b07-261247085b33,05a1191e-b84b-597d-b970-b04889cc30ee,2024-09-10,08:00:00,09:00:00,36,APROBADA
132f6fbd-b721-5807-a629-a4e07e9c1750,1dee66e3-0076-5033-8ba0-70dd67e8aea0,2025-04-17,18:00:00,20:00:00,43,APROBADA
1a34d5c3-b6bd-5fff-a587-a5018b561201,d7ce39c6-be5b-537a-ae81-d449a1710ff2,2024-08-14,11:30:00,13:30:00,35,APROBADA
a864ee46-eb7b-56c4-b6bb-2387350d9cd0,6903b35b-c2a6-5770-98e5-743c2bc06b45,2025-04-10,16:30:00,18:00:00,32,APROBADA
2a873ad5-619a-5140-8ae5-5a4f05d2f3cb,da1fe6a7-058c-5ad3-a10e-f529804a44b5,2024-07-07,15:30:00,16:30:00,32,APROBADA
e271385b-93ac-5b52-8a46-702165c92cd2,6d481120-dab0-50c8-8f1b-33cf911e9573,2025-02-01,08:00:00,10:00:00,33,APROBADA
129ac26f-4dcd-5bc3-a3ec-6e8b65c113f0,706ea773-fd09-5587-a465-302616f9d571,2025-01-08,14:00:00,16:00:00,40,APROBADA
300fa923-78d4-5fb1-a936-232390db08e1,7d424b25-0f98-5f10-b2a8-ed9ddcd33e7a,2025-03-23,16:30:00,17:30:00,28,APROBADA
76eebb9a-769c-5f49-aaa3-30dd8c0bf7de,6903b35b-c2a6-5770-98e5-743c2bc06b45,2025-01-03,07:30:00,10:30:00,25,APROBADA
e01efda6-fd19-5d90-9868-d7caa7c6deef,23c254ed-4635-5cec-baa9-656efa7fd130,2025-04-10,15:00:00,17:00:00,30,APROBADA
065ba6f8-bccd-53d5-85b8-11bbcad6886f,23c254ed-4635-5cec-baa9-656efa7fd130,2025-03-01,07:00:00,10:00:00,30,APROBADA
0e387b8c-4878-5882-84fe-073dc93c9da0,8fd4b53b-1d49-5307-8a1a-e184999a4434,2025-06-12,10:00:00,11:00:00,29,APROBADA
448f2c53-cc93-5900-8044-ee62fc13b850,b46607fb-d28f-5c06-a3a8-091cb9d995ec,2024-12-14,09:30:00,10:30:00,30,APROBADA
81ed1731-e1aa-5564-8d65-e97b24504963,1dee66e3-0076-5033-8ba0-70dd67e8aea0,2024-11-22,13:00:00,15:00:00,30,APROBADA
49737a5b-b58e-5fca-ad21-eeaa41d972b8,05a1191e-b84b-597d-b970-b04889cc30ee,2025-04-19,16:00:00,17:00:00,27,APROBADA
663bb208-b892-5e5b-955c-2b12a7aa30ee,e5da4cff-29aa-5f05-8532-70f093603e74,2025-04-30,15:00:00,18:00:00,40,APROBADA
ad484c13-b423-5caf-92cc-6631af222640,d7ce39c6-be5b-537a-ae81-d449a1710ff2,2024-10-21,08:00:00,09:30:00,25,APROBADA
ca4a9d12-057c-58ab-b9f7-481f2523cda4,706ea773-fd09-5587-a465-302616f9d571,2024-08-08,14:00:00,15:00:00,33,APROBADA
66222d12-79b8-5ba3-abb5-bbec413bd756,6d481120-dab0-50c8-8f1b-33cf911e9573,2024-07-13,18:30:00,21:30:00,29,APROBADA
fc1496d3-17e4-5abc-99b9-c37f229965eb,b46607fb-d28f-5c06-a3a8-091cb9d995ec,2025-02-05,19:00:00,20:00:00,27,APROBADA
ffd3ea07-c042-5856-b87e-fb94da2278d5,45b00d8f-2f79-52ba-8b17-e7d6ee0b476f,2024-11-06,14:00:00,15:00:00,35,APROBADA
9f4b4e9e-c84d-5d97-9b2d-1778519c605f,d056b3a8-8204-507a-b6c1-1f1203a87651,2024-10-03,09:00:00,10:00:00,27,APROBADA
ff303ad7-9107-525e-88de-82786e698177,c1489a8f-1dff-511e-b025-5a10261901d7,2025-02-15,11:00:00,12:30:00,32,APROBADA
54f6bfa6-9f0c-5896-9ff9-4030de7b0b93,aad269e7-97f7-5e2d-9c43-cf84b49bd847,2024-11-04,18:00:00,21:00:00,29,APROBADA
80ba669f-0eef-5416-8e8b-471f423f245a,2574a671-d58d-5db3-8c9f-2518d8a8d790,2024-10-20,12:00:00,13:30:00,32,APROBADA
81ac49fa-2482-59e0-b86a-37a9f819e1b0,1dee66e3-0076-5033-8ba0-70dd67e8aea0,2024-08-30,15:30:00,16:30:00,40,APROBADA
3aac7353-cd0a-5cee-b23f-9e7a8bce7ba7,1a0b71d7-4721-5998-bd82-de26b25b5771,2025-06-30,13:30:00,15:30:00,39,APROBADA
725e6b01-71ab-583a-b185-ca5ed4f29a5e,dd609563-702d-543d-a49a-0ce27a83f234,2025-01-06,07:30:00,10:30:00,26,APROBADA
26dbd442-7abf-5ba4-827a-f6f0e28f6835,8fd4b53b-1d49-5307-8a1a-e184999a4434,2024-12-10,15:30:00,18:30:00,34,APROBADA
170f36e4-5f3d-5bba-8ea0-45c7894c0d95,a40fe9f0-87fa-5853-968f-5cedd5939e8a,2024-10-29,15:00:00,17:00:00,27,APROBADA
defc0bbf-92a5-5a35-89fa-1a16c6ee56f5,05a1191e-b84b-597d-b970-b04889cc30ee,2024-11-03,14:00:00,17:00:00,28,APROBADA
1ba0eb2d-416d-5df1-aa31-46688af820ed,1dee66e3-0076-5033-8ba0-70dd67e8aea0,2025-06-21,09:30:00,10:30:00,30,APROBADA
cdc65c38-a546-5429-9c8c-655828ef9fa8,1dee66e3-0076-5033-8ba0-70dd67e8aea0,2024-09-06,16:30:00,18:30:00,33,APROBADA
c7e76bf5-24f4-56df-ac52-9b9e8c2a99bc,e5da4cff-29aa-5f05-8532-70f093603e74,2024-10-28,10:30:00,13:30:00,33,APROBADA
4d83cfec-b51d-508f-a10e-16859b54a035,8fd4b53b-1d49-5307-8a1a-e184999a4434,2024-12-16,12:00:00,13:00:00,29,APROBADA
7def15c2-70a2-59f2-b95e-bc4514ec86f1,da1fe6a7-058c-5ad3-a10e-f529804a44b5,2025-06-08,18:00:00,19:00:00,36,APROBADA
bce4aae6-f92f-56df-8f40-e6c0d0837705,d056b3a8-8204-507a-b6c1-1f1203a87651,2024-12-25,16:30:00,18:30:00,26,APROBADA
c5bfcdc1-9449-58b8-92bc-fbc35659fc70,d76d770e-14c2-5fea-bf8b-28f95250e124,2024-11-14,13:00:00,16:00:00,34,APROBADA
fe96da20-fff7-52d8-9210-2d2d005bdc36,7bcb3d0c-2500-5f01-abe8-d24e962af50e,2024-07-24,16:30:00,18:30:00,32,APROBADA
6fd30827-90cc-5368-99a8-8c794e725f85,0880d439-8834-59c1-bfce-e7f3da722b3f,2024-09-04,10:30:00,12:30:00,26,APROBADA
b6a06a4f-3027-5070-9eb7-d4a3650ff6b8,05a1191e-b84b-597d-b970-b04889cc30ee,2025-01-22,12:30:00,15:30:00,27,APROBADA
5f97362f-4f93-5cbe-8062-ba041dbdc3bf,a40fe9f0-87fa-5853-968f-5cedd5939e8a,2025-01-08,19:00:00,20:00:00,25,APROBADA
64e539b1-6c02-5d65-8688-22eb0e9452ff,8fd4b53b-1d49-5307-8a1a-e184999a4434,2025-01-22,11:00:00,13:00:00,36,APROBADA
f22d2c4f-7fb5-5558-add2-2e90a71993ec,f5e43a2a-032c-562e-837a-ff3c72abffb4,2025-03-05,16:00:00,19:00:00,30,APROBADA
40d48bf4-6556-5390-a87b-4777342ee944,0880d439-8834-59c1-bfce-e7f3da722b3f,2024-10-11,15:00:00,18:00:00,25,APROBADA
e5cfa9f7-8ec1-581d-80c2-02b8ffe90e09,d7ce39c6-be5b-537a-ae81-d449a1710ff2,2024-08-11,14:30:00,15:30:00,34,APROBADA
a33f45e4-22ef-5908-ac40-6d6aaea074c2,ef815f08-b586-5f03-964a-a08004eaebf3,2024-07-29,11:30:00,13:30:00,25,APROBADA
b992d20c-4ee7-5f26-8e8c-aa960607bc28,aad269e7-97f7-5e2d-9c43-cf84b49bd847,2025-03-10,14:00:00,16:00:00,30,APROBADA
9ab89398-d758-5966-aaa1-d0d9a6fc4b2a,6d481120-dab0-50c8-8f1b-33cf911e9573,2025-06-26,12:00:00,15:00:00,28,APROBADA
32f4e439-9d78-5a99-a251-6dc9713efcd1,e5da4cff-29aa-5f05-8532-70f093603e74,2025-05-16,10:00:00,11:00:00,29,APROBADA
5d21bbee-a907-5665-bcd5-3fd106b93e9a,05a1191e-b84b-597d-b970-b04889cc30ee,2025-05-26,19:00:00,22:00:00,33,APROBADA
806a83b9-1d5f-5f8f-aa7b-0ff83a938416,6903b35b-c2a6-5770-98e5-743c2bc06b45,2024-09-08,10:30:00,12:00:00,30,APROBADA
161eb414-1ac4-5165-810d-ccbb0c3e4c07,d76d770e-14c2-5fea-bf8b-28f95250e124,2024-09-20,13:00:00,16:00:00,38,APROBADA
3a1283d1-5ebe-5492-aa6a-27240376d837,10225e74-7c22-5384-8cdc-396a168ec651,2025-02-01,11:00:00,12:00:00,34,APROBADA
ec9eb3ec-e975-5030-b815-fdd3a4ab7833,d76d770e-14c2-5fea-bf8b-28f95250e124,2024-08-10,10:00:00,11:30:00,32,APROBADA
96102c89-f8cb-5e52-9b11-0c4368cbd348,d76d770e-14c2-5fea-bf8b-28f95250e124,2025-06-29,11:00:00,12:30:00,32,APROBADA
f964207f-4403-588e-bc0e-64f1a3c66739,1a0b71d7-4721-5998-bd82-de26b25b5771,2025-05-11,07:00:00,09:00:00,45,APROBADA
df8a587b-e89f-58d0-a1e9-b3daa3526b18,e5da4cff-29aa-5f05-8532-70f093603e74,2024-10-07,07:00:00,08:00:00,35,APROBADA
746df549-0bd1-557d-909e-f2647a65fb03,d76d770e-14c2-5fea-bf8b-28f95250e124,2025-02-01,07:00:00,08:00:00,26,APROBADA
13a63989-5e16-5c9e-8357-6bcbbce0b9ed,7bcb3d0c-2500-5f01-abe8-d24e962af50e,2024-07-23,10:00:00,11:30:00,26,APROBADA
cc4320bb-47ea-52aa-ab79-2cf843fc115f,05a1191e-b84b-597d-b970-b04889cc30ee,2024-09-06,12:30:00,15:30:00,28,APROBADA
9425ec8f-7995-5f76-a506-0e8b1c9d5cdf,6d481120-dab0-50c8-8f1b-33cf911e9573,2025-04-12,12:30:00,13:30:00,33,APROBADA
40b5ef79-b466-5ee2-88f4-de53b71d5841,d76d770e-14c2-5fea-bf8b-28f95250e124,2025-02-09,10:00:00,12:00:00,39,APROBADA
543a3bf1-76c8-5601-8f25-5ae7b776fb38,0880d439-8834-59c1-bfce-e7f3da722b3f,2025-06-04,17:00:00,20:00:00,45,APROBADA
9cd79a61-78a3-59ee-b055-40f1eedc1fd4,6903b35b-c2a6-5770-98e5-743c2bc06b45,2024-12-03,07:00:00,09:00:00,31,APROBADA
75f465a8-8b3e-5bdb-a2a0-1d6127dc8054,da1fe6a7-058c-5ad3-a10e-f529804a44b5,2025-01-12,13:30:00,15:30:00,25,APROBADA
d5ca0471-aaff-5f3e-a46d-b444f38289d0,da1fe6a7-058c-5ad3-a10e-f529804a44b5,2024-12-30,14:00:00,17:00:00,35,APROBADA
a10d5b73-00ab-58e9-a408-959b35646cca,4b4a10f4-36fa-5109-bc5d-14e24370c164,2025-05-25,09:00:00,10:30:00,27,APROBADA
2c8c79fb-8799-513c-a536-e9893a0062ee,23c254ed-4635-5cec-baa9-656efa7fd130,2024-09-25,18:00:00,20:00:00,27,APROBADA
14e891e7-f5b2-53b1-bf55-5d489f3f71fe,6d481120-dab0-50c8-8f1b-33cf911e9573,2025-02-17,15:00:00,16:30:00,39,APROBADA
cdc058f9-01ab-505f-9960-9f126f1a747c,d7ce39c6-be5b-537a-ae81-d449a1710ff2,2024-08-05,17:00:00,18:30:00,43,APROBADA
8d7b54e3-e0eb-5a82-8e5b-00e2bae4af7b,7d424b25-0f98-5f10-b2a8-ed9ddcd33e7a,2024-09-15,07:30:00,09:00:00,40,APROBADA
d18fc8af-61eb-5086-bbe9-05a070ecdf51,b46607fb-d28f-5c06-a3a8-091cb9d995ec,2025-03-27,18:30:00,20:00:00,29,APROBADA
07fbd93b-b2b2-54f3-8fc0-a8db91036266,d7ce39c6-be5b-537a-ae81-d449a1710ff2,2025-06-18,11:30:00,14:30:00,39,APROBADA
272b1fb6-7f4a-5b70-b974-061cb5f11b50,c1489a8f-1dff-511e-b025-5a10261901d7,2025-06-03,18:30:00,20:30:00,26,APROBADA
cec3e1e1-cd6b-5ed9-a6a3-ba6e6391c036,05a1191e-b84b-597d-b970-b04889cc30ee,2024-11-24,11:30:00,13:30:00,28,APROBADA
801419a4-0d4f-501d-97aa-18dd9dbde0af,6d481120-dab0-50c8-8f1b-33cf911e9573,2025-05-20,15:00:00,16:00:00,41,APROBADA
5cc9934f-9dc7-541c-b6a6-eabce0705b5d,7bcb3d0c-2500-5f01-abe8-d24e962af50e,2025-06-06,08:00:00,10:00:00,25,APROBADA
a1481cc2-befd-57f4-915c-8e8f2c317770,6903b35b-c2a6-5770-98e5-743c2bc06b45,2025-03-25,14:30:00,16:30:00,27,APROBADA
60fc7cf6-3b3e-5bfe-9fc1-9e3b859add1e,eb4139b4-3715-5623-a990-d045271440a9,2025-02-04,07:00:00,10:00:00,28,APROBADA
c77ff7c3-75f4-5baa-af46-abfef2537cef,8fd4b53b-1d49-5307-8a1a-e184999a4434,2024-11-28,07:00:00,10:00:00,34,APROBADA
2310a5ac-dde5-5a62-8527-3fa6be2dfa61,6c814918-8ba0-52cc-9377-6d60b7946f8b,2024-09-03,16:00:00,18:00:00,27,APROBADA
e26217ae-4292-5d1f-9f02-eab24a31aaa3,da1fe6a7-058c-5ad3-a10e-f529804a44b5,2024-10-21,16:30:00,18:00:00,27,APROBADA
d40a2b23-d3ab-5cfc-b6a0-69c569f31f77,1dee66e3-0076-5033-8ba0-70dd67e8aea0,2025-04-19,17:30:00,18:30:00,39,APROBADA
8ee71c85-db19-510c-874e-2ae9314b0262,8fd4b53b-1d49-5307-8a1a-e184999a4434,2025-04-30,08:30:00,11:30:00,29,APROBADA
5ee23db9-958f-5a63-be94-a5ae2a9a2145,6d481120-dab0-50c8-8f1b-33cf911e9573,2024-09-12,14:30:00,16:30:00,35,APROBADA
80e5f647-0d44-557d-9141-9fe092128352,6c814918-8ba0-52cc-9377-6d60b7946f8b,2024-08-09,17:00:00,19:00:00,30,APROBADA
b9188041-7bcc-52ca-a6ce-92c49d6d1f0b,a40fe9f0-87fa-5853-968f-5cedd5939e8a,2025-05-23,09:30:00,10:30:00,25,APROBADA
646a77d2-20ac-5031-9024-67c4d53d89ec,eb4139b4-3715-5623-a990-d045271440a9,2025-01-22,18:00:00,21:00:00,31,APROBADA
9191c389-c256-5978-9bef-62eb67682215,8fd4b53b-1d49-5307-8a1a-e184999a4434,2024-08-09,10:00:00,11:00:00,33,APROBADA
4e71a1e4-961a-5f6f-bf5d-512d0c3f8f33,d7ce39c6-be5b-537a-ae81-d449a1710ff2,2024-07-24,19:00:00,21:00:00,44,APROBADA
a5ab2861-3399-55ef-9537-a8e69000e2c2,706ea773-fd09-5587-a465-302616f9d571,2024-09-28,09:00:00,12:00:00,34,APROBADA
c60e4360-0d95-583d-b060-cdd435a57977,d056b3a8-8204-507a-b6c1-1f1203a87651,2025-02-15,18:30:00,19:30:00,28,APROBADA
d370c563-e4e6-5897-b7de-94dc55a6f8bd,10225e74-7c22-5384-8cdc-396a168ec651,2025-04-05,08:00:00,10:00:00,36,APROBADA
7c1a988a-12ac-57eb-a2f8-2f546712e972,d76d770e-14c2-5fea-bf8b-28f95250e124,2024-11-20,11:30:00,12:30:00,38,APROBADA
ed00d313-ded6-5a5b-84f2-611c185f52cb,05a1191e-b84b-597d-b970-b04889cc30ee,2024-10-28,09:00:00,10:30:00,32,APROBADA
37af881f-1da2-52db-bee1-94f478bf610b,d056b3a8-8204-507a-b6c1-1f1203a87651,2024-10-02,16:30:00,17:30:00,26,APROBADA
40c2848b-3db5-5a36-b206-74a0485e51e4,45b00d8f-2f79-52ba-8b17-e7d6ee0b476f,2024-07-26,15:30:00,16:30:00,31,APROBADA
43da5be8-ce61-5939-83d8-5f1e464b2fb7,8fd4b53b-1d49-5307-8a1a-e184999a4434,2024-11-12,10:30:00,11:30:00,29,APROBADA
7ed6e6b9-b0a3-52d4-a65f-e8429f8a14f3,d7ce39c6-be5b-537a-ae81-d449a1710ff2,2024-11-09,12:00:00,13:00:00,35,APROBADA
ba249e6f-8d34-5b98-ba20-8f97443e6a2c,b46607fb-d28f-5c06-a3a8-091cb9d995ec,2024-10-11,14:00:00,16:00:00,25,APROBADA
c38a774d-ff96-55a2-ab6b-98d9eaddec14,23c254ed-4635-5cec-baa9-656efa7fd130,2024-11-01,17:30:00,19:30:00,29,APROBADA
c6b0897c-b010-5a90-98d1-b287bef198df,1a0b71d7-4721-5998-bd82-de26b25b5771,2025-03-02,18:00:00,20:00:00,27,APROBADA
a17d8e28-897b-5bff-8895-5dfcfed70aad,dd609563-702d-543d-a49a-0ce27a83f234,2024-11-03,08:00:00,10:00:00,38,APROBADA
954dafbb-e6a9-5863-932a-4d2c2b7464fd,aad269e7-97f7-5e2d-9c43-cf84b49bd847,2024-10-16,07:00:00,10:00:00,26,APROBADA
9ab2d4f6-63b7-5edf-9963-18a87206f18c,d056b3a8-8204-507a-b6c1-1f1203a87651,2025-02-02,14:30:00,15:30:00,30,APROBADA
7bac3a68-8058-5cb3-bb2c-f18789168789,b8969593-19a7-5a43-84c0-d52e63ac0cb4,2024-12-01,10:30:00,11:30:00,29,APROBADA
5cfdf943-e60a-5da3-bbb2-aa94489ac5bc,2574a671-d58d-5db3-8c9f-2518d8a8d790,2024-11-16,10:30:00,13:30:00,27,APROBADA
8485e818-de4b-52ba-84a6-f1945b238b93,b46607fb-d28f-5c06-a3a8-091cb9d995ec,2024-08-25,12:00:00,15:00:00,26,APROBADA
63912cd2-e3b4-597f-aa9d-7f26cd7de0d1,a40fe9f0-87fa-5853-968f-5cedd5939e8a,2025-06-20,08:30:00,10:30:00,32,APROBADA
6892853e-d626-5bd6-a40a-a65b377c53b6,45b00d8f-2f79-52ba-8b17-e7d6ee0b476f,2025-05-14,18:30:00,21:30:00,27,APROBADA
e0ebbc96-7b90-529f-958c-8f4bbd54faa0,6d481120-dab0-50c8-8f1b-33cf911e9573,2024-08-19,15:00:00,16:00:00,34,APROBADA
9f624835-e583-58fa-9764-1ba3766f9ce2,6903b35b-c2a6-5770-98e5-743c2bc06b45,2025-02-08,17:00:00,18:00:00,35,APROBADA
e69145d1-edbd-5c2d-8444-9112584fef62,dd609563-702d-543d-a49a-0ce27a83f234,2025-04-19,14:30:00,15:30:00,27,APROBADA
21101f4a-f3ab-57f2-aa6f-ea74171656f5,05a1191e-b84b-597d-b970-b04889cc30ee,2025-02-08,12:30:00,13:30:00,25,APROBADA
0dc07ca5-c633-50af-af22-9573f0513635,d76d770e-14c2-5fea-bf8b-28f95250e124,2024-11-18,10:00:00,11:00:00,37,APROBADA
ed0d8a45-8672-52d5-a08f-b99a644bc441,a40fe9f0-87fa-5853-968f-5cedd5939e8a,2024-09-29,16:00:00,17:00:00,27,APROBADA
a08d97af-ec80-5c88-b2ab-75094552c883,8fd4b53b-1d49-5307-8a1a-e184999a4434,2024-11-26,17:00:00,19:00:00,36,APROBADA
0989d22d-a44b-5160-aba2-d0bc7ca8aa33,45b00d8f-2f79-52ba-8b17-e7d6ee0b476f,2025-04-20,18:00:00,20:00:00,31,APROBADA
66d99657-7e62-5f7f-a150-8755adce7828,aad269e7-97f7-5e2d-9c43-cf84b49bd847,2024-07-23,17:30:00,18:30:00,29,APROBADA
88abfa51-8d44-5768-a470-180c75061b6c,1a0b71d7-4721-5998-bd82-de26b25b5771,2025-01-23,10:00:00,11:30:00,28,APROBADA
7b5df18c-1155-5cf7-89a7-a8f97b8d3baf,d76d770e-14c2-5fea-bf8b-28f95250e124,2025-03-24,15:30:00,18:30:00,25,APROBADA
1e729946-693c-5b33-8d08-a5146c8bbd84,a22ee2bf-332c-5ac1-ae12-28ce7b0033a1,2025-01-21,17:00:00,18:30:00,32,APROBADA
d13b104c-37e9-5e21-8982-eddbb08c9567,dd609563-702d-543d-a49a-0ce27a83f234,2024-12-18,10:00:00,11:30:00,28,APROBADA
f03394e3-acb1-5d46-be19-4ca828d85ce0,7bcb3d0c-2500-5f01-abe8-d24e962af50e,2025-01-26,09:00:00,10:00:00,26,APROBADA
2485f154-1d91-517f-84c0-2dd6dd8113c6,a40fe9f0-87fa-5853-968f-5cedd5939e8a,2024-07-28,16:30:00,19:30:00,27,APROBADA
649f46e8-aa62-5baf-bbe2-0562d2e32f97,45b00d8f-2f79-52ba-8b17-e7d6ee0b476f,2024-10-13,08:00:00,11:00:00,36,APROBADA
2130c4c7-bfc1-5653-a720-48ea0e9cd378,d76d770e-14c2-5fea-bf8b-28f95250e124,2024-12-09,10:00:00,13:00:00,28,APROBADA
ca0cbf57-3098-5344-91f7-b4bbec4459df,b8969593-19a7-5a43-84c0-d52e63ac0cb4,2025-01-19,12:00:00,14:00:00,26,APROBADA
982cb1d5-056f-5ead-b34c-fcda4c8f3c5c,1dee66e3-0076-5033-8ba0-70dd67e8aea0,2025-02-03,10:00:00,12:00:00,33,APROBADA
13204054-8417-5878-9b49-5ec8c632abe4,6c814918-8ba0-52cc-9377-6d60b7946f8b,2025-06-25,07:30:00,09:30:00,32,APROBADA
eb0711a4-4168-505a-aa99-2af71fbba32e,da1fe6a7-058c-5ad3-a10e-f529804a44b5,2025-03-25,18:00:00,21:00:00,33,APROBADA
c0796f93-94f5-5d83-8130-6d16704246c4,6c814918-8ba0-52cc-9377-6d60b7946f8b,2024-10-19,15:00:00,16:30:00,27,APROBADA
38b9ad39-0be2-58a1-a2b2-63c087dc17ba,eb4139b4-3715-5623-a990-d045271440a9,2024-08-22,17:00:00,18:00:00,25,APROBADA
16fe10a8-86cf-5401-86cb-c21a9a94d50a,8fd4b53b-1d49-5307-8a1a-e184999a4434,2024-10-11,08:00:00,09:00:00,28,APROBADA
80c885be-eff3-5a79-9875-ec2ca6900eb0,d76d770e-14c2-5fea-bf8b-28f95250e124,2025-03-16,16:00:00,18:00:00,30,APROBADA
eaa866cc-b98c-54f8-a5bf-121f21e87a85,ef815f08-b586-5f03-964a-a08004eaebf3,2024-12-06,09:30:00,10:30:00,36,APROBADA
bab068fb-9acf-56d4-b4a4-ddb131c43f4a,10225e74-7c22-5384-8cdc-396a168ec651,2024-07-05,18:30:00,19:30:00,33,APROBADA
66ca13da-e265-5bfa-bc74-f27e2bb341b7,23c254ed-4635-5cec-baa9-656efa7fd130,2025-03-20,18:30:00,20:30:00,32,APROBADA
1af6840e-2388-5129-8f74-41e95d627f3f,6903b35b-c2a6-5770-98e5-743c2bc06b45,2024-07-20,17:00:00,20:00:00,32,APROBADA
994d40c2-af79-529d-bed9-2e539932bce8,05a1191e-b84b-597d-b970-b04889cc30ee,2024-12-21,18:30:00,19:30:00,27,APROBADA
24721860-eab9-54ca-b6be-d157c96cb53d,1dee66e3-0076-5033-8ba0-70dd67e8aea0,2024-09-11,18:30:00,20:30:00,30,APROBADA
36b26219-f4d3-500d-974c-12797c105356,706ea773-fd09-5587-a465-302616f9d571,2025-05-06,10:00:00,11:00:00,26,APROBADA
a503ab1a-7031-586b-9266-525dc543e723,0880d439-8834-59c1-bfce-e7f3da722b3f,2025-01-18,15:30:00,16:30:00,31,APROBADA
9c17d87c-de27-56ec-b78a-8ce36afe9cf4,d76d770e-14c2-5fea-bf8b-28f95250e124,2025-04-05,15:30:00,18:30:00,35,APROBADA
010afb4a-bef9-5754-8030-2d353c340662,05a1191e-b84b-597d-b970-b04889cc30ee,2025-02-18,12:30:00,13:30:00,29,APROBADA
d1779ae2-3fd3-563e-894b-3ec6bbaa7468,1a0b71d7-4721-5998-bd82-de26b25b5771,2024-12-14,11:00:00,14:00:00,41,APROBADA
091f8637-cdd9-5bc2-811a-0d348ee4f0da,1dee66e3-0076-5033-8ba0-70dd67e8aea0,2024-09-21,14:00:00,16:00:00,29,APROBADA
15348340-8a91-5174-ae67-cd1dbfe9af2f,b8969593-19a7-5a43-84c0-d52e63ac0cb4,2025-02-12,08:00:00,09:00:00,29,APROBADA
6a8dc424-5a0a-522a-a535-bd7349144267,a22ee2bf-332c-5ac1-ae12-28ce7b0033a1,2024-10-21,13:30:00,15:00:00,28,APROBADA
4e24aa6f-9896-5a25-a36a-0905ab5b9217,7d424b25-0f98-5f10-b2a8-ed9ddcd33e7a,2025-04-26,10:00:00,12:00:00,30,APROBADA
2a8b2045-5cd5-5a59-bf75-508e475e56d8,c1489a8f-1dff-511e-b025-5a10261901d7,2024-08-12,12:00:00,14:00:00,30,APROBADA
ebb12d9c-40c5-5a10-a29f-43e7eb538590,eb4139b4-3715-5623-a990-d045271440a9,2025-04-24,13:30:00,14:30:00,28,APROBADA
c5f36623-c356-5074-81c6-ced5bba78492,b46607fb-d28f-5c06-a3a8-091cb9d995ec,2025-02-01,11:30:00,12:30:00,40,APROBADA
8eb8e7b7-5c25-5247-aa05-c9f3b593165c,23c254ed-4635-5cec-baa9-656efa7fd130,2024-09-11,07:00:00,10:00:00,27,APROBADA
0b2716a8-c994-557c-ba66-5a11a8c10524,4b4a10f4-36fa-5109-bc5d-14e24370c164,2024-12-10,10:00:00,11:00:00,31,APROBADA
80d6048a-b7bf-5544-96b3-227816e2b57d,45b00d8f-2f79-52ba-8b17-e7d6ee0b476f,2025-03-01,09:00:00,10:00:00,32,APROBADA
cbf50560-e47a-5731-9b7a-9860f7f21f1d,05a1191e-b84b-597d-b970-b04889cc30ee,2024-08-23,16:00:00,17:30:00,25,APROBADA
03a12cd4-16cd-5650-b0ba-09e4f397e89c,e5da4cff-29aa-5f05-8532-70f093603e74,2024-09-14,09:30:00,12:30:00,26,APROBADA
804f475f-3edd-5e03-8c9c-e3709bd8dd3c,6c814918-8ba0-52cc-9377-6d60b7946f8b,2025-04-04,16:30:00,18:00:00,33,APROBADA
86464c90-aee9-5581-b134-ea76e010fa3b,6c814918-8ba0-52cc-9377-6d60b7946f8b,2025-04-20,12:00:00,13:00:00,36,APROBADA
345c32bb-c03f-545a-98f6-9868dc56cd8a,e5da4cff-29aa-5f05-8532-70f093603e74,2025-06-18,12:30:00,15:30:00,33,APROBADA
7d2da3f6-4b15-5566-9c96-aed71e299ebe,2574a671-d58d-5db3-8c9f-2518d8a8d790,2025-01-30,09:00:00,10:00:00,40,APROBADA
3099cf47-7d08-506d-a6ad-10f1d8ffdf42,d7ce39c6-be5b-537a-ae81-d449a1710ff2,2024-12-04,16:00:00,18:00:00,45,APROBADA
11b9e58b-d1f4-5290-a69d-56b1128816a0,1a0b71d7-4721-5998-bd82-de26b25b5771,2025-03-28,14:30:00,16:00:00,40,APROBADA
54f99e50-775b-53a4-b6b3-97c5bdb2fe88,706ea773-fd09-5587-a465-302616f9d571,2024-08-12,16:00:00,17:00:00,29,APROBADA
9d768971-396c-5bd1-8632-561ead12c245,e5da4cff-29aa-5f05-8532-70f093603e74,2025-05-08,17:00:00,18:30:00,39,APROBADA
f5b58190-05e1-5865-a0ba-a442f8c84d34,2574a671-d58d-5db3-8c9f-2518d8a8d790,2024-09-11,10:30:00,11:30:00,29,APROBADA
7dbc320d-c6dc-5b63-b04b-6d118bc0f095,dd609563-702d-543d-a49a-0ce27a83f234,2025-06-18,13:30:00,16:30:00,28,APROBADA
9e3b5032-b204-5c5a-af2a-6be68fb97d62,b8969593-19a7-5a43-84c0-d52e63ac0cb4,2025-03-03,07:30:00,08:30:00,28,APROBADA
25b49f61-1a61-5e90-a358-bb45fe629667,2574a671-d58d-5db3-8c9f-2518d8a8d790,2025-05-26,17:00:00,20:00:00,36,APROBADA
36a7cae7-db90-5a1d-ba55-214540159ad9,1a0b71d7-4721-5998-bd82-de26b25b5771,2025-03-30,13:30:00,16:30:00,39,APROBADA
292273fe-fa51-5ce4-8085-56149fa17d8a,e5da4cff-29aa-5f05-8532-70f093603e74,2025-03-06,11:00:00,12:00:00,32,APROBADA
4ec64349-da54-5943-8f88-30cdad3270ed,f5e43a2a-032c-562e-837a-ff3c72abffb4,2025-05-21,11:30:00,13:30:00,26,APROBADA
0bc78ff0-9a0f-5af5-b577-63dd4ca26dfb,b46607fb-d28f-5c06-a3a8-091cb9d995ec,2024-12-02,13:30:00,14:30:00,37,APROBADA
2f288221-3130-5dac-8717-068bb26755f2,1dee66e3-0076-5033-8ba0-70dd67e8aea0,2025-03-03,08:30:00,10:00:00,40,APROBADA
895f4c2d-ec4e-5040-a5ed-5455a8984742,e5da4cff-29aa-5f05-8532-70f093603e74,2025-05-17,16:30:00,18:00:00,31,APROBADA
fecb9ed9-266f-5bb6-9b4d-ab8bcaf7271f,ef815f08-b586-5f03-964a-a08004eaebf3,2025-06-05,07:00:00,09:00:00,36,APROBADA
7c6261ff-d44c-5934-8833-93a037fb8b4e,b46607fb-d28f-5c06-a3a8-091cb9d995ec,2025-03-01,16:30:00,18:00:00,25,APROBADA
5720f942-ff51-5d28-85a3-7ee425e6dbb3,1a0b71d7-4721-5998-bd82-de26b25b5771,2024-08-19,19:00:00,20:30:00,35,APROBADA
607bc778-2299-5b33-8516-a3ab8e0c18c3,d76d770e-14c2-5fea-bf8b-28f95250e124,2024-12-11,16:30:00,18:30:00,26,APROBADA
83e71749-08f5-51ec-8101-42422c5cfe69,0880d439-8834-59c1-bfce-e7f3da722b3f,2024-08-11,10:00:00,11:30:00,34,APROBADA
ee02407f-7544-528f-8f05-5dc2d88bbfe8,10225e74-7c22-5384-8cdc-396a168ec651,2025-05-06,09:30:00,10:30:00,36,APROBADA
0f2442a7-97fd-5c24-9a3e-5af025497c59,7d424b25-0f98-5f10-b2a8-ed9ddcd33e7a,2024-11-19,14:00:00,17:00:00,35,APROBADA
4abe8b3f-b482-5f3c-9e2f-388b1bf04aa1,23c254ed-4635-5cec-baa9-656efa7fd130,2024-08-24,13:00:00,15:00:00,25,APROBADA
f7dc15f7-a176-5285-ad5b-27c69e03e51b,e5da4cff-29aa-5f05-8532-70f093603e74,2024-09-10,12:30:00,14:30:00,35,APROBADA
90993d1b-b350-5464-881d-5260cb13015b,0880d439-8834-59c1-bfce-e7f3da722b3f,2024-07-17,12:30:00,14:00:00,42,APROBADA
9103382b-8be8-56e5-a47e-14999c0e138a,d7ce39c6-be5b-537a-ae81-d449a1710ff2,2025-06-20,19:00:00,21:00:00,36,APROBADA
aebdc3db-d985-5ddc-9ca5-2f8830c8186e,a22ee2bf-332c-5ac1-ae12-28ce7b0033a1,2024-12-13,12:00:00,14:00:00,27,APROBADA
c413f837-2ba1-5d17-b4b9-ea86de648f33,e5da4cff-29aa-5f05-8532-70f093603e74,2024-12-02,18:00:00,20:00:00,39,APROBADA
a9435ef0-3957-5145-a355-9d424c1fc4d7,6d481120-dab0-50c8-8f1b-33cf911e9573,2025-04-12,13:00:00,14:00:00,44,APROBADA
710ce63d-f0f2-587e-8ced-3a6bbd71138f,7bcb3d0c-2500-5f01-abe8-d24e962af50e,2025-06-23,14:00:00,16:00:00,28,APROBADA
6db57c69-d499-57e5-8ba6-b3749867a769,e5da4cff-29aa-5f05-8532-70f093603e74,2025-01-08,19:00:00,20:30:00,27,APROBADA
3fb4d7a7-cfa2-51ef-ac39-afc70e89a5ae,a40fe9f0-87fa-5853-968f-5cedd5939e8a,2025-01-24,08:30:00,10:00:00,26,APROBADA
6cecdcd6-0aaa-54f7-acf5-b1397caa7753,dd609563-702d-543d-a49a-0ce27a83f234,2025-03-18,18:30:00,19:30:00,36,APROBADA
ad18b9bd-f912-5ecf-bb6b-088fc4728e1d,b46607fb-d28f-5c06-a3a8-091cb9d995ec,2025-04-08,18:00:00,19:00:00,31,APROBADA
84927fd9-c85b-5983-be87-8f15254fce01,1dee66e3-0076-5033-8ba0-70dd67e8aea0,2025-02-19,14:30:00,17:30:00,27,APROBADA
e99e3345-f0b2-5b5f-b913-7b9a4eb3fedf,6c814918-8ba0-52cc-9377-6d60b7946f8b,2024-11-28,10:30:00,12:30:00,28,APROBADA
88ab1bc5-f3bb-55d3-b7c4-431ca57dedcc,ef815f08-b586-5f03-964a-a08004eaebf3,2024-08-28,11:00:00,13:00:00,34,APROBADA
81797e24-07b3-55d4-aef5-a8e4a2c1a091,dd609563-702d-543d-a49a-0ce27a83f234,2025-06-12,08:30:00,11:30:00,25,APROBADA
06ad9c8a-b844-5e28-b7cb-036972eb15eb,706ea773-fd09-5587-a465-302616f9d571,2025-03-23,19:00:00,21:00:00,25,APROBADA
10f44d80-f071-548b-b68f-da9c4a632536,6c814918-8ba0-52cc-9377-6d60b7946f8b,2024-08-19,13:30:00,14:30:00,33,APROBADA
1025043d-4035-5177-970d-35f204d8cd3d,7bcb3d0c-2500-5f01-abe8-d24e962af50e,2024-09-29,10:30:00,12:30:00,32,APROBADA
b8ee7b0a-9cde-512c-9b1c-bfeebba753b2,e5da4cff-29aa-5f05-8532-70f093603e74,2024-11-22,18:00:00,19:30:00,38,APROBADA
efc66df6-755d-5584-ad3d-0e8a20d973bc,6c814918-8ba0-52cc-9377-6d60b7946f8b,2025-01-07,07:30:00,09:00:00,33,APROBADA
36ad6bcf-4d01-5899-974d-9425f77ca0a2,6903b35b-c2a6-5770-98e5-743c2bc06b45,2024-09-01,18:30:00,21:30:00,35,APROBADA
c5aefa77-9138-5626-bdc7-c6ed355c42bf,e5da4cff-29aa-5f05-8532-70f093603e74,2024-11-02,11:30:00,13:30:00,37,APROBADA
c527fd66-1815-5442-bcb0-f28ac1e7ff2b,d7ce39c6-be5b-537a-ae81-d449a1710ff2,2024-11-30,15:00:00,16:00:00,42,APROBADA
281d68e2-6d20-5cf2-abcf-d944cc9f3435,6c814918-8ba0-52cc-9377-6d60b7946f8b,2024-11-09,07:30:00,09:00:00,32,APROBADA
8539381b-a606-51bb-bfb2-3e1afdf996dc,10225e74-7c22-5384-8cdc-396a168ec651,2025-06-17,11:00:00,12:00:00,27,APROBADA
8f688ea5-aaee-5573-9492-3cc2ed517788,da1fe6a7-058c-5ad3-a10e-f529804a44b5,2024-11-17,13:00:00,14:30:00,36,APROBADA
214f77a0-2979-52ea-b80c-56f16d125b49,e5da4cff-29aa-5f05-8532-70f093603e74,2025-03-24,17:30:00,19:00:00,33,APROBADA
9efdcaaf-e74a-5aed-a7a4-1f7cde7cf1dd,23c254ed-4635-5cec-baa9-656efa7fd130,2025-05-08,12:30:00,15:30:00,25,APROBADA
12b51c84-e948-5e53-8908-b2adc4d46b81,d7ce39c6-be5b-537a-ae81-d449a1710ff2,2025-06-24,14:00:00,15:30:00,35,APROBADA
3aebd26d-dda2-534e-b575-568be3bb3cef,1a0b71d7-4721-5998-bd82-de26b25b5771,2024-11-22,07:30:00,09:00:00,37,APROBADA
32f1ab6d-a722-5bce-ae51-ac60bf92a373,706ea773-fd09-5587-a465-302616f9d571,2025-06-26,08:00:00,10:00:00,34,APROBADA
8e7512cf-3bdb-5c7a-988f-54d9c553cc8e,b46607fb-d28f-5c06-a3a8-091cb9d995ec,2024-10-09,15:30:00,17:00:00,31,APROBADA
cb86553d-3b0e-5587-9958-32b746961ee5,7d424b25-0f98-5f10-b2a8-ed9ddcd33e7a,2025-04-11,15:00:00,16:00:00,37,APROBADA
b4af3d63-622b-5bda-80e4-48d565caa4d7,1dee66e3-0076-5033-8ba0-70dd67e8aea0,2024-08-09,16:30:00,18:00:00,34,APROBADA
b90329b9-d9c4-503f-b691-d895165922a6,4b4a10f4-36fa-5109-bc5d-14e24370c164,2024-07-01,18:00:00,19:00:00,31,APROBADA
c150ec1f-8cbb-506c-ae21-80b8620c7138,23c254ed-4635-5cec-baa9-656efa7fd130,2024-09-09,18:30:00,20:00:00,28,APROBADA
c6ead469-5d1f-5df5-8d24-061a55f5bc90,ef815f08-b586-5f03-964a-a08004eaebf3,2025-06-14,10:00:00,12:00:00,26,APROBADA
690f126e-3e2e-59ed-8b4a-10d5ddae06fb,f5e43a2a-032c-562e-837a-ff3c72abffb4,2024-08-30,08:30:00,11:30:00,30,APROBADA
7f307a4b-a825-5ad1-9635-8e65d7f8d651,6903b35b-c2a6-5770-98e5-743c2bc06b45,2024-12-30,11:00:00,12:00:00,25,APROBADA
f8e3b406-0cb0-5826-82d8-1a7a8d61c8e4,7bcb3d0c-2500-5f01-abe8-d24e962af50e,2024-11-15,18:00:00,19:00:00,32,APROBADA
5b948450-f0ad-56a7-8987-720f3e6f1513,a40fe9f0-87fa-5853-968f-5cedd5939e8a,2025-06-04,18:00:00,21:00:00,28,APROBADA
d453c56e-0543-5232-ba03-c2fd4450edea,6903b35b-c2a6-5770-98e5-743c2bc06b45,2025-04-17,07:30:00,08:30:00,25,APROBADA
58214c72-339c-5d12-8c87-04b15d06be99,7d424b25-0f98-5f10-b2a8-ed9ddcd33e7a,2024-10-08,15:00:00,17:00:00,28,APROBADA
bd0ef956-ff49-5bf5-bd50-02b49c1bf72d,d7ce39c6-be5b-537a-ae81-d449a1710ff2,2024-10-21,07:30:00,09:00:00,28,APROBADA
020da139-64f6-516f-abf6-ee08a5656c87,0880d439-8834-59c1-bfce-e7f3da722b3f,2025-02-10,08:30:00,10:00:00,36,APROBADA
636e8a9c-3bc6-5038-a184-b06d9b6959f4,8fd4b53b-1d49-5307-8a1a-e184999a4434,2024-07-07,18:00:00,20:00:00,26,APROBADA
a9af4018-3e42-5910-a650-9c88ff8cf182,10225e74-7c22-5384-8cdc-396a168ec651,2025-01-05,15:00:00,16:30:00,26,APROBADA
02c7e7f8-cda7-5d1d-aa2a-dd096d05f09f,6903b35b-c2a6-5770-98e5-743c2bc06b45,2025-05-23,09:00:00,10:30:00,31,APROBADA
37f7b082-a5ae-5a54-9ef2-0e322e6bc6ad,d056b3a8-8204-507a-b6c1-1f1203a87651,2024-08-05,13:00:00,15:00:00,26,APROBADA
a3d75be6-8a82-5d0a-85dd-5fbedfd0d3dc,6903b35b-c2a6-5770-98e5-743c2bc06b45,2024-10-02,16:30:00,17:30:00,34,APROBADA
e150236d-f6b9-5a3e-b92b-52b8f2b09647,da1fe6a7-058c-5ad3-a10e-f529804a44b5,2024-08-28,09:30:00,10:30:00,25,APROBADA
9ea59fc3-e5a5-55c0-b836-e2a46ac719d2,d7ce39c6-be5b-537a-ae81-d449a1710ff2,2024-10-25,10:30:00,13:30:00,36,APROBADA
26fb64c5-cfc5-591c-83be-65350406bc81,1dee66e3-0076-5033-8ba0-70dd67e8aea0,2025-06-22,11:00:00,14:00:00,26,APROBADA
ca658eca-f467-5df6-944a-02cf12475bb0,aad269e7-97f7-5e2d-9c43-cf84b49bd847,2024-09-14,13:00:00,14:30:00,26,APROBADA
a9c87912-aa4b-5378-82ed-a719e6cc2c9a,e5da4cff-29aa-5f05-8532-70f093603e74,2024-08-13,10:30:00,12:00:00,38,APROBADA
bca5c99c-9818-5ed2-82f1-e6c801bda86e,8fd4b53b-1d49-5307-8a1a-e184999a4434,2024-09-01,11:00:00,14:00:00,29,APROBADA
329afa3a-35db-57a2-8bb3-814ee3c3e93c,d7ce39c6-be5b-537a-ae81-d449a1710ff2,2025-05-05,17:00:00,18:30:00,44,APROBADA
beb26aa7-c41e-573e-ae14-ed885c83ee31,706ea773-fd09-5587-a465-302616f9d571,2024-11-03,12:00:00,13:30:00,25,APROBADA
91414c86-fc82-55c1-804a-75ee6f702340,7d424b25-0f98-5f10-b2a8-ed9ddcd33e7a,2025-06-27,09:00:00,10:00:00,38,APROBADA
095ee200-32e3-5bed-a39c-ef8b22acd376,7bcb3d0c-2500-5f01-abe8-d24e962af50e,2024-08-12,09:30:00,11:00:00,29,APROBADA
f9072820-5208-5aeb-8132-1ef09145e388,05a1191e-b84b-597d-b970-b04889cc30ee,2025-01-25,10:30:00,11:30:00,27,APROBADA
e5266320-2921-58c2-85af-c18bed298fa3,a40fe9f0-87fa-5853-968f-5cedd5939e8a,2024-08-26,09:30:00,11:30:00,25,APROBADA
0aa52611-4765-5730-9d40-d4cc996e0323,4b4a10f4-36fa-5109-bc5d-14e24370c164,2024-10-08,09:00:00,11:00:00,28,APROBADA
32947d75-ffad-5264-8757-ef5038ccd4f0,da1fe6a7-058c-5ad3-a10e-f529804a44b5,2025-01-25,11:30:00,13:00:00,31,APROBADA
60e35a81-023a-5a17-ae35-48cc614f73be,1a0b71d7-4721-5998-bd82-de26b25b5771,2024-10-28,08:30:00,11:30:00,34,APROBADA
ab8169cb-b09a-5bf2-b720-b9b1cbcd8858,a22ee2bf-332c-5ac1-ae12-28ce7b0033a1,2025-03-27,13:30:00,14:30:00,35,APROBADA
74744441-224d-517c-94e7-b4dbbbace57e,0880d439-8834-59c1-bfce-e7f3da722b3f,2024-07-16,09:00:00,10:00:00,34,APROBADA
370c69bf-d6a4-5721-8c9c-34acab0232b7,6d481120-dab0-50c8-8f1b-33cf911e9573,2024-08-13,13:30:00,15:00:00,38,APROBADA
8e43f438-d561-5231-a3f1-c2ebf2c91b97,b46607fb-d28f-5c06-a3a8-091cb9d995ec,2024-08-31,15:00:00,16:30:00,33,APROBADA
e05027a8-3357-5190-be46-e99b2587a7ed,e5da4cff-29aa-5f05-8532-70f093603e74,2025-04-29,09:30:00,12:30:00,33,APROBADA
d4e7a9fe-dc24-5e04-adb3-62058c49ab61,eb4139b4-3715-5623-a990-d045271440a9,2025-04-03,18:30:00,20:30:00,32,APROBADA
d412f886-75bb-545e-a711-b6f84451517e,1a0b71d7-4721-5998-bd82-de26b25b5771,2025-03-16,17:30:00,20:30:00,27,APROBADA
b8ca1ceb-025f-57ca-bcd7-6609858de808,05a1191e-b84b-597d-b970-b04889cc30ee,2024-12-20,12:00:00,14:00:00,27,APROBADA
5917489c-4860-5d0f-a83d-8fb93a80151f,e5da4cff-29aa-5f05-8532-70f093603e74,2024-12-20,19:00:00,22:00:00,27,APROBADA
ed0b63a1-f073-576d-a7d6-c33f3bfee937,1a0b71d7-4721-5998-bd82-de26b25b5771,2024-07-31,15:30:00,17:00:00,28,APROBADA
677f6398-d226-5ff8-80ee-e8cec4dba073,1dee66e3-0076-5033-8ba0-70dd67e8aea0,2025-03-27,07:30:00,09:00:00,39,APROBADA
6bcdeaa9-0a06-5b09-8434-08c5d600ada9,b46607fb-d28f-5c06-a3a8-091cb9d995ec,2025-03-08,09:00:00,10:30:00,25,APROBADA
c5b00929-848a-5b25-a43d-fae5a68f01b8,dd609563-702d-543d-a49a-0ce27a83f234,2024-12-12,13:00:00,14:00:00,33,APROBADA
ed9266fb-38c7-5c6d-869f-3cf50077e2eb,d76d770e-14c2-5fea-bf8b-28f95250e124,2024-12-30,09:00:00,12:00:00,38,APROBADA
1b2d329f-ff40-597e-a171-d8c9187bba59,dd609563-702d-543d-a49a-0ce27a83f234,2025-01-14,17:00:00,19:00:00,26,APROBADA
574f78e8-0559-5091-ad4e-342abdf57dcc,23c254ed-4635-5cec-baa9-656efa7fd130,2025-02-19,09:00:00,11:00:00,26,APROBADA
41dd4eb8-ed11-59e0-ae36-b5b7f376e07b,10225e74-7c22-5384-8cdc-396a168ec651,2024-11-01,08:30:00,11:30:00,28,APROBADA
4fee6ec5-af14-5900-b825-ee1bd8b64e78,706ea773-fd09-5587-a465-302616f9d571,2024-09-07,11:30:00,14:30:00,25,APROBADA
f8c1bef9-049c-5a91-9501-ba9eae27e68f,706ea773-fd09-5587-a465-302616f9d571,2024-09-08,11:30:00,14:30:00,30,APROBADA
fda454ba-9f30-5794-b108-db5105cd3d7a,d056b3a8-8204-507a-b6c1-1f1203a87651,2024-12-13,09:00:00,12:00:00,25,APROBADA
3e589256-0ec4-5f74-a35f-52937035dd8b,6903b35b-c2a6-5770-98e5-743c2bc06b45,2025-01-30,07:00:00,08:00:00,36,APROBADA
3dee6584-b53f-587c-8163-78b30e978486,2574a671-d58d-5db3-8c9f-2518d8a8d790,2024-07-20,17:30:00,20:30:00,39,APROBADA
08f7107e-4865-5138-9a96-8d085ac7ef50,dd609563-702d-543d-a49a-0ce27a83f234,2024-09-18,12:00:00,13:30:00,34,APROBADA
8a1827fe-4137-5334-8832-e3ce1938ebc6,b46607fb-d28f-5c06-a3a8-091cb9d995ec,2024-12-04,12:00:00,13:30:00,36,APROBADA
e0b6b471-6cf3-56f4-a08a-5134a0ff8bb3,1dee66e3-0076-5033-8ba0-70dd67e8aea0,2025-06-14,07:30:00,09:30:00,33,APROBADA
71199858-76ae-51af-8802-497f8897e658,6903b35b-c2a6-5770-98e5-743c2bc06b45,2024-07-05,07:00:00,08:00:00,28,APROBADA
eef99bb2-c81a-531e-9ddd-e1e9eb469c36,1a0b71d7-4721-5998-bd82-de26b25b5771,2025-04-08,09:00:00,10:00:00,44,APROBADA
978ee81b-0962-5274-97d6-3cffff2e2b4c,0880d439-8834-59c1-bfce-e7f3da722b3f,2024-07-22,15:00:00,18:00:00,45,APROBADA
17b2bb3b-fb08-5a3e-abf9-1a392c21604e,ef815f08-b586-5f03-964a-a08004eaebf3,2024-10-29,11:30:00,13:00:00,36,APROBADA
72f5a8d7-9d53-59e5-996f-e1d59894a1f8,05a1191e-b84b-597d-b970-b04889cc30ee,2024-09-22,09:30:00,12:30:00,25,APROBADA
0592306b-10ba-59e2-9360-528b25d34e66,4b4a10f4-36fa-5109-bc5d-14e24370c164,2025-03-29,09:30:00,10:30:00,28,APROBADA
84366733-ccaa-59b6-8c93-7544ceef6d49,da1fe6a7-058c-5ad3-a10e-f529804a44b5,2025-06-30,11:30:00,14:30:00,31,APROBADA
de63bc18-71ac-53ff-91ba-9e608d111cae,8fd4b53b-1d49-5307-8a1a-e184999a4434,2024-08-28,18:30:00,21:30:00,28,APROBADA
2d5cbb3d-ed08-52e3-bde5-a47ddc45ab75,d7ce39c6-be5b-537a-ae81-d449a1710ff2,2024-09-30,18:00:00,21:00:00,27,APROBADA
9170bea3-7a1f-5289-90cd-3ca701bc1dcf,b46607fb-d28f-5c06-a3a8-091cb9d995ec,2024-10-03,07:30:00,10:30:00,31,APROBADA
5f900ade-b30a-5728-8fc5-39f0ea6c31a0,2574a671-d58d-5db3-8c9f-2518d8a8d790,2025-03-17,11:30:00,14:30:00,28,APROBADA
541b414d-a3f4-5bd6-b266-ad9dddaed365,e5da4cff-29aa-5f05-8532-70f093603e74,2025-04-02,15:00:00,16:00:00,26,APROBADA
25d9301a-a9b8-5e4d-a7bb-7ba94fab56e9,eb4139b4-3715-5623-a990-d045271440a9,2025-01-25,12:30:00,14:30:00,30,APROBADA
f5d52034-527f-5fcc-a044-c98d17b13546,8fd4b53b-1d49-5307-8a1a-e184999a4434,2024-12-06,08:30:00,11:30:00,27,APROBADA
68c7df52-b882-5ea9-be0a-a82c7e846cf0,4b4a10f4-36fa-5109-bc5d-14e24370c164,2024-09-07,17:00:00,19:00:00,29,APROBADA
ee9baf9a-c8ad-5cd9-a9bb-5ebadc63d0d9,b46607fb-d28f-5c06-a3a8-091cb9d995ec,2024-08-25,14:30:00,15:30:00,39,APROBADA
3077993d-a597-521c-b8b9-886a649aa989,b8969593-19a7-5a43-84c0-d52e63ac0cb4,2025-03-02,07:30:00,09:30:00,27,APROBADA
3ff9a4a7-9427-56e8-8cbe-de52f2439ac9,d7ce39c6-be5b-537a-ae81-d449a1710ff2,2024-09-26,18:00:00,20:00:00,31,APROBADA
3c02fbe9-92ff-575a-bf4b-1b7f52740be6,d7ce39c6-be5b-537a-ae81-d449a1710ff2,2025-01-16,12:00:00,14:00:00,44,APROBADA
64ebe12f-5602-5332-8302-ec9c82606383,1a0b71d7-4721-5998-bd82-de26b25b5771,2024-10-21,11:30:00,12:30:00,25,APROBADA
182a8d26-aaf3-5ef4-b66b-4e7db7ce3ba6,b46607fb-d28f-5c06-a3a8-091cb9d995ec,2024-07-08,15:00:00,18:00:00,37,APROBADA
67228b57-bee6-5b67-af0f-e2fa11227760,10225e74-7c22-5384-8cdc-396a168ec651,2024-10-30,17:00:00,19:00:00,25,APROBADA
910f9d21-23a2-57de-b21b-866669db0358,d76d770e-14c2-5fea-bf8b-28f95250e124,2024-09-11,17:30:00,18:30:00,35,APROBADA
d354f66c-49e1-52d7-88be-0aa5bfc32596,6c814918-8ba0-52cc-9377-6d60b7946f8b,2025-05-09,15:00:00,17:00:00,26,APROBADA
d8bf1aff-6b4d-5faa-a71c-140ef998a3c1,eb4139b4-3715-5623-a990-d045271440a9,2025-05-26,16:00:00,17:30:00,32,APROBADA
0055c395-563b-5cc3-a7c5-d49d29f19873,05a1191e-b84b-597d-b970-b04889cc30ee,2025-05-22,07:30:00,10:30:00,29,APROBADA
537c4ec4-0062-580e-ad30-bc7fcfeb0471,1dee66e3-0076-5033-8ba0-70dd67e8aea0,2025-04-24,11:00:00,12:00:00,38,APROBADA
35ec06c3-ef3c-508b-a18b-33e4671643af,da1fe6a7-058c-5ad3-a10e-f529804a44b5,2024-12-20,12:00:00,13:00:00,28,APROBADA
957edef5-b1e4-5e40-93da-8a477526fd68,ef815f08-b586-5f03-964a-a08004eaebf3,2025-06-18,14:30:00,17:30:00,28,APROBADA
39b71754-a1ac-5c6d-9f2a-dbc4714765cd,6903b35b-c2a6-5770-98e5-743c2bc06b45,2024-09-15,15:30:00,16:30:00,28,APROBADA
d18d1094-814d-54d3-a557-ee995d809e52,0880d439-8834-59c1-bfce-e7f3da722b3f,2024-12-26,13:00:00,15:00:00,30,APROBADA
5f629c32-7783-5ccd-826d-0d444dc28819,45b00d8f-2f79-52ba-8b17-e7d6ee0b476f,2024-09-03,08:30:00,10:30:00,34,APROBADA
e4891a0d-76e0-5a78-bbb9-c32ec2f30714,1dee66e3-0076-5033-8ba0-70dd67e8aea0,2024-08-18,18:30:00,21:30:00,33,APROBADA
3606a849-330b-545d-90e4-465096b4f98c,05a1191e-b84b-597d-b970-b04889cc30ee,2024-09-10,07:30:00,09:00:00,32,APROBADA
7cbeca65-53eb-5e55-bb93-0282faad13b1,c1489a8f-1dff-511e-b025-5a10261901d7,2024-09-06,17:00:00,19:00:00,26,APROBADA
d9fb0450-d689-5600-9624-8be3cac53a3a,10225e74-7c22-5384-8cdc-396a168ec651,2024-10-10,12:00:00,15:00:00,29,APROBADA
116be2b9-2ce1-5ce0-9350-7e06444205c9,6d481120-dab0-50c8-8f1b-33cf911e9573,2024-08-17,16:00:00,19:00:00,37,APROBADA
a7288b50-e01c-5b42-94b6-38b2caeeaebb,10225e74-7c22-5384-8cdc-396a168ec651,2024-10-03,11:00:00,14:00:00,35,APROBADA
92342b25-d03a-58f1-a00e-ee616da17891,8fd4b53b-1d49-5307-8a1a-e184999a4434,2024-11-05,18:30:00,20:00:00,38,APROBADA
3036311d-5f0b-5574-8b4e-c2404efd2834,8fd4b53b-1d49-5307-8a1a-e184999a4434,2025-03-08,14:00:00,15:00:00,31,APROBADA
9bd4aa15-ad23-59e0-8288-3ae3e6992fed,dd609563-702d-543d-a49a-0ce27a83f234,2024-09-07,11:30:00,12:30:00,40,APROBADA
f8883a6d-7f3d-5756-93b2-ec8a0cfe4d33,05a1191e-b84b-597d-b970-b04889cc30ee,2025-05-02,13:30:00,14:30:00,27,APROBADA
7ceb51e7-986e-5def-bdcd-6a5817b54226,d76d770e-14c2-5fea-bf8b-28f95250e124,2025-02-11,15:00:00,16:30:00,40,APROBADA
7c07ccee-3661-5b02-9b83-c060607c98b2,05a1191e-b84b-597d-b970-b04889cc30ee,2024-12-11,11:00:00,12:00:00,35,APROBADA
e8f2aa17-f1ca-564b-a5a5-8c726394f206,6d481120-dab0-50c8-8f1b-33cf911e9573,2024-11-04,15:00:00,16:30:00,39,APROBADA
c05b2da9-f0bf-58a9-8a1d-431a61c898cb,a22ee2bf-332c-5ac1-ae12-28ce7b0033a1,2025-05-11,07:00:00,08:30:00,32,APROBADA
22e46924-f0f3-5b2c-9536-abd0767f99cd,b46607fb-d28f-5c06-a3a8-091cb9d995ec,2024-11-29,09:00:00,10:30:00,36,APROBADA
17968e45-691e-57ab-b4c4-d1f0efcaa79c,1dee66e3-0076-5033-8ba0-70dd67e8aea0,2024-12-06,12:30:00,14:00:00,32,APROBADA
5cac00ef-4bf7-5c21-a096-90cf57a69f8a,23c254ed-4635-5cec-baa9-656efa7fd130,2025-06-18,11:30:00,14:30:00,29,APROBADA
462dca09-298a-5732-aa13-cae2c60e282f,1a0b71d7-4721-5998-bd82-de26b25b5771,2024-08-04,13:00:00,16:00:00,37,APROBADA
e0841474-0df1-529e-a4a2-4eaefd2b8fdf,6c814918-8ba0-52cc-9377-6d60b7946f8b,2025-03-10,09:00:00,12:00:00,26,APROBADA
25312fc7-353d-557d-ae03-35ad6747b209,da1fe6a7-058c-5ad3-a10e-f529804a44b5,2024-07-29,11:30:00,12:30:00,36,APROBADA
d39c6257-30c5-54bf-8f8c-f6540d149603,1a0b71d7-4721-5998-bd82-de26b25b5771,2025-03-14,07:30:00,09:30:00,42,APROBADA
7391dc7f-2722-52cc-aa37-6ec7e5dc188c,a40fe9f0-87fa-5853-968f-5cedd5939e8a,2025-03-28,16:30:00,18:00:00,31,APROBADA
65d4a781-e712-5ab5-a715-2ef1325ef7de,4b4a10f4-36fa-5109-bc5d-14e24370c164,2025-05-20,14:30:00,15:30:00,32,APROBADA
27c55461-7bff-565a-bb4c-65dee1ced295,d7ce39c6-be5b-537a-ae81-d449a1710ff2,2025-01-29,15:00:00,17:00:00,25,APROBADA
cbcde625-6d97-5771-b902-5ea5237176e6,45b00d8f-2f79-52ba-8b17-e7d6ee0b476f,2025-06-27,18:00:00,20:00:00,34,APROBADA
a969236b-5620-59b7-a8c7-4128bfec0389,6d481120-dab0-50c8-8f1b-33cf911e9573,2025-03-26,07:00:00,10:00:00,37,APROBADA
fbc55f6e-e1f2-5b01-81c1-8ddf285f1917,d7ce39c6-be5b-537a-ae81-d449a1710ff2,2025-05-28,11:00:00,14:00:00,45,APROBADA
31b80f6d-af6b-592d-a936-e4ca4ac38dcf,05a1191e-b84b-597d-b970-b04889cc30ee,2024-08-13,12:30:00,14:30:00,28,APROBADA
2025d858-763f-5f96-8230-ab1e070f77fe,6d481120-dab0-50c8-8f1b-33cf911e9573,2024-07-12,18:00:00,19:30:00,30,APROBADA
5eb02c11-6e41-5773-ae6f-7cf844006174,0880d439-8834-59c1-bfce-e7f3da722b3f,2024-09-17,16:00:00,19:00:00,36,APROBADA
5bddd71b-c0f0-5451-b2a5-6b20af88f3a1,da1fe6a7-058c-5ad3-a10e-f529804a44b5,2025-06-06,08:30:00,10:00:00,30,APROBADA
acf9ea37-e8d9-55d8-9f42-c4e1533a2839,d056b3a8-8204-507a-b6c1-1f1203a87651,2024-12-23,07:30:00,08:30:00,30,APROBADA
7b9e16c1-49d0-50f1-8ef5-a097ed6b4901,2574a671-d58d-5db3-8c9f-2518d8a8d790,2025-06-18,11:00:00,13:00:00,25,APROBADA
5d403629-60b4-57ca-8ea2-48aa11b2ca16,d76d770e-14c2-5fea-bf8b-28f95250e124,2024-11-13,14:00:00,17:00:00,25,APROBADA
da69c476-fc46-511d-95d5-ee80478c5b48,6c814918-8ba0-52cc-9377-6d60b7946f8b,2024-07-28,15:30:00,18:30:00,31,APROBADA
ad049e0c-94d8-559e-aef9-3b176e2647c3,10225e74-7c22-5384-8cdc-396a168ec651,2024-08-22,18:30:00,19:30:00,25,APROBADA
6db8d7fc-7e42-5b49-950c-41a800d259ef,05a1191e-b84b-597d-b970-b04889cc30ee,2025-04-13,17:30:00,18:30:00,26,APROBADA
60ae7639-5dc1-52fe-9015-95633e3be348,d056b3a8-8204-507a-b6c1-1f1203a87651,2025-04-13,14:30:00,16:00:00,29,APROBADA
54556588-4269-5c35-a6df-2bd985705673,23c254ed-4635-5cec-baa9-656efa7fd130,2024-08-25,16:30:00,18:00:00,30,APROBADA
3eda50b1-9b24-5034-8cdf-e95102f8aff9,d76d770e-14c2-5fea-bf8b-28f95250e124,2024-12-05,14:00:00,15:30:00,31,APROBADA
38e87e59-30f5-5651-be47-a76a562171be,d056b3a8-8204-507a-b6c1-1f1203a87651,2025-03-28,15:00:00,16:30:00,32,APROBADA
297cfdec-2ede-5a90-a7c1-0bc525e10752,b46607fb-d28f-5c06-a3a8-091cb9d995ec,2024-11-17,18:00:00,20:00:00,30,APROBADA
8a1b5397-6fff-54b0-9c72-0ddd119d9556,0880d439-8834-59c1-bfce-e7f3da722b3f,2025-05-10,13:00:00,14:00:00,44,APROBADA
03e932af-8d72-51af-ab9e-9062b6eac691,dd609563-702d-543d-a49a-0ce27a83f234,2025-02-11,12:30:00,15:30:00,26,APROBADA
239b8ac7-8a49-56ea-90fe-aea438f34b87,2574a671-d58d-5db3-8c9f-2518d8a8d790,2025-02-15,08:00:00,11:00:00,32,APROBADA
7c7c9394-4337-5f7d-b8f6-79e47d5e2020,dd609563-702d-543d-a49a-0ce27a83f234,2024-09-23,16:30:00,17:30:00,30,APROBADA
bff67ccf-654b-5355-9085-5134a36561ad,05a1191e-b84b-597d-b970-b04889cc30ee,2025-02-23,12:00:00,13:30:00,35,APROBADA
1c8edaf3-c4e3-5a86-b827-01b408cb8994,10225e74-7c22-5384-8cdc-396a168ec651,2024-12-31,17:30:00,19:30:00,25,APROBADA
16d55c3e-ef29-550f-85c6-3db6dea3e62c,6903b35b-c2a6-5770-98e5-743c2bc06b45,2025-02-21,16:30:00,19:30:00,29,APROBADA
47c11e0a-4b94-5bd9-ab56-0eb36f9be3aa,ef815f08-b586-5f03-964a-a08004eaebf3,2025-06-23,12:00:00,15:00:00,30,APROBADA
c862156a-9bf0-57f4-81d0-d5478aa85a3a,0880d439-8834-59c1-bfce-e7f3da722b3f,2024-11-30,18:00:00,21:00:00,38,APROBADA
92365cc0-3f42-5e14-b1bd-dbc517194994,8fd4b53b-1d49-5307-8a1a-e184999a4434,2024-10-14,17:30:00,20:30:00,29,APROBADA
0a34f649-8073-56b1-9221-010944ace738,45b00d8f-2f79-52ba-8b17-e7d6ee0b476f,2025-06-03,13:30:00,15:00:00,29,APROBADA
356d4ff8-cc5c-5d57-a773-0ca460fbbd01,8fd4b53b-1d49-5307-8a1a-e184999a4434,2025-01-18,17:30:00,18:30:00,32,APROBADA
e1b81bdd-f564-50f5-a6b6-adee9fef9574,ef815f08-b586-5f03-964a-a08004eaebf3,2024-08-09,12:30:00,14:30:00,25,APROBADA
4994693c-ee00-5879-b329-4c489640e01a,8fd4b53b-1d49-5307-8a1a-e184999a4434,2024-10-02,09:30:00,12:30:00,35,APROBADA
97f585c3-a4ee-5f6b-bfb2-95a7f47c0d6e,e5da4cff-29aa-5f05-8532-70f093603e74,2024-11-11,14:00:00,15:30:00,26,APROBADA
1b2c5911-8dc5-58d6-971f-1212d4530d8c,8fd4b53b-1d49-5307-8a1a-e184999a4434,2025-03-07,15:00:00,16:00:00,34,APROBADA
85cf9829-49ef-560f-bea8-43e7cf6cd197,2574a671-d58d-5db3-8c9f-2518d8a8d790,2025-03-17,16:00:00,19:00:00,34,APROBADA
6863ddd2-bd83-552b-b2e6-8223f4e997c9,b46607fb-d28f-5c06-a3a8-091cb9d995ec,2024-08-06,09:30:00,11:30:00,39,APROBADA
4c8ffb77-b817-5ef3-b7f0-cdb69112638c,6c814918-8ba0-52cc-9377-6d60b7946f8b,2025-06-11,08:30:00,10:30:00,28,APROBADA
890d5ec4-8b25-503f-9cd9-2b2bff3c5dec,dd609563-702d-543d-a49a-0ce27a83f234,2025-05-16,18:30:00,20:30:00,36,APROBADA
3bb0b7e1-fb41-58ff-bb30-779ab26d5382,2574a671-d58d-5db3-8c9f-2518d8a8d790,2024-12-14,11:30:00,13:00:00,38,APROBADA
5a4b2367-156a-5350-bd71-ad08fdd031d4,da1fe6a7-058c-5ad3-a10e-f529804a44b5,2024-07-01,12:00:00,14:00:00,30,APROBADA
7ea99643-bbdd-5930-a533-4e0bd3242542,706ea773-fd09-5587-a465-302616f9d571,2025-02-13,17:00:00,19:00:00,38,APROBADA
b0d0ced8-af4b-5e8b-86dc-c299ea57a9c2,45b00d8f-2f79-52ba-8b17-e7d6ee0b476f,2024-12-06,08:30:00,10:00:00,36,APROBADA
8892d767-28f4-52b7-9d2a-dce4ae617220,6d481120-dab0-50c8-8f1b-33cf911e9573,2024-12-17,07:00:00,10:00:00,44,APROBADA
764f7fb3-d7bc-5c50-92b9-7561c7be72f7,7bcb3d0c-2500-5f01-abe8-d24e962af50e,2025-04-02,11:30:00,13:00:00,28,APROBADA
3e991a47-28aa-5998-9e83-74ea3fe0ce7e,7d424b25-0f98-5f10-b2a8-ed9ddcd33e7a,2024-12-27,07:00:00,08:30:00,30,APROBADA
1b1acf67-d714-54af-a765-e459c5f0f833,ef815f08-b586-5f03-964a-a08004eaebf3,2024-08-05,15:30:00,17:00:00,35,APROBADA
f7dc2519-d2dd-5d3d-9f30-58505826629d,b8969593-19a7-5a43-84c0-d52e63ac0cb4,2024-07-23,07:30:00,10:30:00,29,APROBADA
527605f5-9336-5c10-852b-5279f8a9eff7,aad269e7-97f7-5e2d-9c43-cf84b49bd847,2024-09-24,11:00:00,14:00:00,26,APROBADA
b20632cc-f6bc-5959-8863-5db0b64cb7c8,b46607fb-d28f-5c06-a3a8-091cb9d995ec,2025-03-08,13:00:00,14:30:00,28,APROBADA
471386d1-0717-5a83-8954-72506bb3f4db,d76d770e-14c2-5fea-bf8b-28f95250e124,2025-06-23,17:00:00,18:30:00,25,APROBADA
8fb10701-4f56-5209-a41d-a6dab8f7c7d2,a22ee2bf-332c-5ac1-ae12-28ce7b0033a1,2025-06-18,16:00:00,17:30:00,32,APROBADA
d1107da2-5671-5dc9-b60f-1dd407dbc233,0880d439-8834-59c1-bfce-e7f3da722b3f,2024-07-18,19:00:00,20:30:00,27,APROBADA
76d1faf6-f02a-50ad-aa51-6f59f39a598c,2574a671-d58d-5db3-8c9f-2518d8a8d790,2025-05-06,17:00:00,18:30:00,39,APROBADA
328ab489-b0ed-5064-a1af-84aede67e21c,2574a671-d58d-5db3-8c9f-2518d8a8d790,2024-08-05,13:30:00,16:30:00,32,APROBADA
e57da0bf-bfb2-57d5-b635-8b990fd1fe65,b46607fb-d28f-5c06-a3a8-091cb9d995ec,2024-11-26,10:00:00,11:00:00,33,APROBADA
aa6b6559-7fc4-5d2b-bd28-22c3089961e1,4b4a10f4-36fa-5109-bc5d-14e24370c164,2025-05-22,07:30:00,08:30:00,31,APROBADA
75d96e2b-fe88-5374-a3b8-8c5480c1b036,706ea773-fd09-5587-a465-302616f9d571,2025-04-17,15:00:00,17:00:00,38,APROBADA
501f6ace-0b30-5eda-9858-eb9d78c216d4,a22ee2bf-332c-5ac1-ae12-28ce7b0033a1,2024-10-12,15:00:00,16:00:00,36,APROBADA
d1408716-33f7-55cc-9ae1-df725399f7a8,f5e43a2a-032c-562e-837a-ff3c72abffb4,2024-11-27,09:00:00,10:30:00,28,APROBADA
40607620-c5ac-5545-a33d-180d5cda3bd2,da1fe6a7-058c-5ad3-a10e-f529804a44b5,2025-01-31,10:00:00,11:30:00,25,APROBADA
e7ea0534-a91c-5d22-ae86-35d7bd7a646b,d7ce39c6-be5b-537a-ae81-d449a1710ff2,2024-12-18,07:00:00,08:30:00,25,APROBADA
25d2ba9e-d182-59be-82da-4d480bb10c28,eb4139b4-3715-5623-a990-d045271440a9,2024-10-18,16:30:00,17:30:00,27,APROBADA
9d2fe4b1-c577-51d4-923e-6cae797ea427,05a1191e-b84b-597d-b970-b04889cc30ee,2024-07-19,17:30:00,20:30:00,26,APROBADA
ef7f1026-0c56-5ccb-9bb6-4975d0019d90,e5da4cff-29aa-5f05-8532-70f093603e74,2025-02-23,08:00:00,11:00:00,28,APROBADA
b5c2ab38-8717-5abf-ad45-75d6f3850d1e,a22ee2bf-332c-5ac1-ae12-28ce7b0033a1,2025-06-26,16:00:00,17:30:00,26,APROBADA
1171412e-066f-511b-a83a-a0fced2cbf43,45b00d8f-2f79-52ba-8b17-e7d6ee0b476f,2025-02-26,15:30:00,17:30:00,29,APROBADA
b672c656-b2f6-5428-882f-506b4815500e,d056b3a8-8204-507a-b6c1-1f1203a87651,2025-02-28,12:00:00,14:00:00,28,APROBADA
542199c7-9200-556a-a6f8-1d9dd10100df,da1fe6a7-058c-5ad3-a10e-f529804a44b5,2025-04-20,13:00:00,15:00:00,32,APROBADA
672f7a1b-fed9-5b6e-b49c-31789e03e602,1a0b71d7-4721-5998-bd82-de26b25b5771,2025-02-26,17:30:00,19:00:00,30,APROBADA
6deb9b8c-6269-52c4-9032-5fa0055d1cc4,d056b3a8-8204-507a-b6c1-1f1203a87651,2025-05-30,07:00:00,08:00:00,27,APROBADA
c2e71d3f-f31b-59b0-905f-9c4d4cae2519,a22ee2bf-332c-5ac1-ae12-28ce7b0033a1,2025-04-10,18:30:00,20:30:00,33,APROBADA
b584f832-4906-513e-b389-b62e3fb96b7b,7bcb3d0c-2500-5f01-abe8-d24e962af50e,2024-07-02,13:00:00,14:30:00,29,APROBADA
4a1495c5-c361-5c0c-9be5-a2950d9b445d,aad269e7-97f7-5e2d-9c43-cf84b49bd847,2024-10-12,08:00:00,11:00:00,25,APROBADA
f6cd52c1-340d-5afa-8d03-cda700baaf73,23c254ed-4635-5cec-baa9-656efa7fd130,2024-11-11,19:00:00,22:00:00,29,APROBADA
17f51007-046c-52c5-b9a9-2449cac8b2ee,0880d439-8834-59c1-bfce-e7f3da722b3f,2025-06-11,17:30:00,19:00:00,29,APROBADA
bac89658-a278-5992-aae7-7e139c0136a7,d7ce39c6-be5b-537a-ae81-d449a1710ff2,2025-01-27,08:30:00,09:30:00,44,APROBADA
cfe39762-8d26-5f64-b1a7-1c495c0157a4,7d424b25-0f98-5f10-b2a8-ed9ddcd33e7a,2025-03-07,18:30:00,20:30:00,25,APROBADA
2fbf608d-6d17-535f-b9ab-50c4d480cce4,8fd4b53b-1d49-5307-8a1a-e184999a4434,2025-02-21,16:30:00,18:00:00,38,APROBADA
92f66a2f-8a08-5f23-bf39-465541d69e50,d7ce39c6-be5b-537a-ae81-d449a1710ff2,2024-07-22,12:30:00,15:30:00,44,APROBADA
71ca9f0b-6ea9-5056-adf5-c94b1e6ca6cb,6c814918-8ba0-52cc-9377-6d60b7946f8b,2024-08-16,15:00:00,17:00:00,37,APROBADA
6a8201c7-31a8-5ee6-8ad0-9f9e543ab731,6903b35b-c2a6-5770-98e5-743c2bc06b45,2025-04-23,07:00:00,10:00:00,30,APROBADA
367aab3b-2092-5021-9e46-87489ad45ce5,c1489a8f-1dff-511e-b025-5a10261901d7,2025-02-19,15:30:00,17:00:00,25,APROBADA
e91c5bfc-37fc-5ebe-867f-0b6ce0b9f7e3,7d424b25-0f98-5f10-b2a8-ed9ddcd33e7a,2025-01-10,08:30:00,09:30:00,30,APROBADA
11b7a3e0-fd1d-5ef9-b6df-b1590d17ccfb,6c814918-8ba0-52cc-9377-6d60b7946f8b,2025-04-11,11:00:00,14:00:00,39,APROBADA
f65e7a52-c154-581b-81a4-d940a92c8db4,6c814918-8ba0-52cc-9377-6d60b7946f8b,2025-02-20,18:00:00,20:00:00,31,APROBADA
c40d7240-e1e4-5c54-9cce-d29b1e7de268,b46607fb-d28f-5c06-a3a8-091cb9d995ec,2024-07-15,10:00:00,11:00:00,30,APROBADA
cb6ee418-726c-52be-b2a9-91b13ad79351,0880d439-8834-59c1-bfce-e7f3da722b3f,2025-02-08,14:00:00,15:30:00,28,APROBADA
8023bbbf-ad0c-56e7-b93f-e08d724c844b,7d424b25-0f98-5f10-b2a8-ed9ddcd33e7a,2025-01-22,11:00:00,12:00:00,27,APROBADA
8c88fe3e-d39b-5559-b88b-d9ea93a60888,da1fe6a7-058c-5ad3-a10e-f529804a44b5,2024-07-16,07:30:00,10:30:00,31,APROBADA
908bdeab-176f-5b01-9395-edddd4c7d092,c1489a8f-1dff-511e-b025-5a10261901d7,2024-07-26,13:30:00,16:30:00,25,APROBADA
e95e8b74-b200-5e26-9055-093f923b3e43,dd609563-702d-543d-a49a-0ce27a83f234,2025-01-29,18:00:00,19:30:00,32,APROBADA
73ab8914-8bd7-54f3-bf3d-e2b4506b654b,e5da4cff-29aa-5f05-8532-70f093603e74,2025-06-04,08:30:00,10:00:00,38,APROBADA
bd54997a-d0e9-5b84-a597-ae7e4d04d46b,4b4a10f4-36fa-5109-bc5d-14e24370c164,2025-03-02,09:00:00,10:30:00,28,APROBADA
ea44f1c4-abe7-50b9-a9c9-77fe58c1c394,1dee66e3-0076-5033-8ba0-70dd67e8aea0,2025-05-19,15:00:00,16:00:00,28,APROBADA
cad89af1-5b34-543d-a454-bdd66a460b64,2574a671-d58d-5db3-8c9f-2518d8a8d790,2025-05-10,07:30:00,09:30:00,33,APROBADA
f8b9787e-3c0a-58ef-9185-eaf3f8159f35,0880d439-8834-59c1-bfce-e7f3da722b3f,2024-09-08,11:30:00,13:30:00,28,APROBADA
14d51326-1d05-5c3c-a731-34da2e137447,7bcb3d0c-2500-5f01-abe8-d24e962af50e,2025-06-12,17:30:00,18:30:00,31,APROBADA
897c2e44-3efa-57f4-85c5-828162a83392,1dee66e3-0076-5033-8ba0-70dd67e8aea0,2024-07-26,15:30:00,17:30:00,28,APROBADA
6d51a288-2599-52db-9acc-28e4243faa86,23c254ed-4635-5cec-baa9-656efa7fd130,2025-04-11,18:30:00,20:00:00,28,APROBADA
cc03acba-fb25-58a0-be7d-e76e706d44bb,dd609563-702d-543d-a49a-0ce27a83f234,2025-01-30,15:00:00,16:00:00,40,APROBADA
b2710673-9602-5bbc-af7d-fe989c788f4a,d76d770e-14c2-5fea-bf8b-28f95250e124,2024-09-10,09:00:00,10:00:00,39,APROBADA
031fbaf1-3c7b-596b-9ac2-21cf70def2eb,10225e74-7c22-5384-8cdc-396a168ec651,2024-12-24,16:30:00,17:30:00,31,APROBADA
e2588d8d-3739-57c5-b7c4-9cf1bd938701,d76d770e-14c2-5fea-bf8b-28f95250e124,2025-03-19,15:00:00,16:00:00,34,APROBADA
87de59f3-18f4-54fc-8ee3-1b42b8574fa5,6903b35b-c2a6-5770-98e5-743c2bc06b45,2025-05-04,14:00:00,17:00:00,34,APROBADA
2b310315-d76d-539d-920c-520bd63498f0,7bcb3d0c-2500-5f01-abe8-d24e962af50e,2024-10-24,13:30:00,16:30:00,30,APROBADA
26cfd19d-380a-5b51-bb63-6fd6c33347f9,a40fe9f0-87fa-5853-968f-5cedd5939e8a,2024-11-08,10:30:00,12:30:00,31,APROBADA
e48bebe4-8d0d-5937-b59d-f6ea2f117349,4b4a10f4-36fa-5109-bc5d-14e24370c164,2024-12-17,15:00:00,17:00:00,29,APROBADA
c08244ea-5a34-532e-893b-ad43c55202c3,d056b3a8-8204-507a-b6c1-1f1203a87651,2025-05-24,18:30:00,21:30:00,28,APROBADA
fbb3ef70-e58c-5d0e-8f32-652b03dd80b8,ef815f08-b586-5f03-964a-a08004eaebf3,2024-12-07,07:30:00,09:00:00,25,APROBADA
b317b8d8-a523-5053-9030-b120c3893d7a,6d481120-dab0-50c8-8f1b-33cf911e9573,2025-06-02,16:30:00,17:30:00,25,APROBADA
b181278d-a8ed-5e2b-8a86-4c63d8003c6c,1a0b71d7-4721-5998-bd82-de26b25b5771,2025-06-24,10:30:00,12:30:00,26,APROBADA
2cb6e158-f872-509a-a07f-cfbc434574fc,da1fe6a7-058c-5ad3-a10e-f529804a44b5,2024-11-06,13:00:00,14:00:00,25,APROBADA
43440c25-9634-5f11-ab1b-84bb4e81d45c,d7ce39c6-be5b-537a-ae81-d449a1710ff2,2024-12-17,12:30:00,13:30:00,36,APROBADA
f614ba80-fbc0-57f7-a7ef-fa8ddc69ce1a,d056b3a8-8204-507a-b6c1-1f1203a87651,2025-01-23,11:30:00,12:30:00,25,APROBADA
1224770d-0b0a-5f9d-a403-8658269b3cfc,a40fe9f0-87fa-5853-968f-5cedd5939e8a,2024-09-30,11:30:00,12:30:00,29,APROBADA
9cd3554f-1fe7-5eb1-a11c-5082692347ec,e5da4cff-29aa-5f05-8532-70f093603e74,2024-09-08,15:30:00,16:30:00,29,APROBADA
a6d5b077-5d93-56fc-9e2c-59e2faacdb54,e5da4cff-29aa-5f05-8532-70f093603e74,2025-02-12,13:30:00,15:00:00,38,APROBADA
239376cf-e9bc-5887-9c71-18b1efad8fd4,d056b3a8-8204-507a-b6c1-1f1203a87651,2025-05-14,11:30:00,13:30:00,26,APROBADA
9cce87d1-2cce-5fea-995c-7f15672a81f3,d056b3a8-8204-507a-b6c1-1f1203a87651,2024-07-22,13:30:00,14:30:00,29,APROBADA
aeb0eac8-e920-5d75-beea-114eaee98e29,2574a671-d58d-5db3-8c9f-2518d8a8d790,2025-02-01,18:30:00,21:30:00,30,APROBADA
558c6d37-b919-5fc3-ba7c-e80518d344e7,1a0b71d7-4721-5998-bd82-de26b25b5771,2024-09-06,16:30:00,19:30:00,40,APROBADA
c148ae67-ba1f-556f-911d-0cb97edbddf5,0880d439-8834-59c1-bfce-e7f3da722b3f,2025-06-30,17:30:00,19:00:00,39,APROBADA
c3caca22-d10b-575d-b1cd-3eeae88b7166,ef815f08-b586-5f03-964a-a08004eaebf3,2025-05-02,10:00:00,11:00:00,26,APROBADA
3595467b-fb97-56a8-8175-9a506c74fbd3,ef815f08-b586-5f03-964a-a08004eaebf3,2025-02-27,08:30:00,10:00:00,26,APROBADA
c44aa915-ae3c-59ee-bb00-7a651c15f676,da1fe6a7-058c-5ad3-a10e-f529804a44b5,2025-04-21,12:30:00,13:30:00,33,APROBADA
5d088c13-51ce-59f7-a6e8-e41cc3a04c59,1dee66e3-0076-5033-8ba0-70dd67e8aea0,2024-07-31,08:30:00,09:30:00,25,APROBADA
6f0be764-f60e-5934-983d-51f4f15d4351,e5da4cff-29aa-5f05-8532-70f093603e74,2025-04-07,09:30:00,12:30:00,30,APROBADA
57639790-5278-5f70-b97f-f0aaf08f2b5f,a22ee2bf-332c-5ac1-ae12-28ce7b0033a1,2024-12-08,18:00:00,21:00:00,35,APROBADA
c0edabf6-488d-51de-b340-0d55bcfc4663,a40fe9f0-87fa-5853-968f-5cedd5939e8a,2025-01-21,17:00:00,19:00:00,32,APROBADA
d9aee605-73bb-53da-9acb-691ee86ef3ea,23c254ed-4635-5cec-baa9-656efa7fd130,2024-09-01,11:00:00,13:00:00,29,APROBADA
31546a10-fea0-5032-83d2-c2e53ceec4e7,eb4139b4-3715-5623-a990-d045271440a9,2024-10-31,16:00:00,17:30:00,26,APROBADA
3a269ace-db02-518a-bda0-f82a596674a7,d056b3a8-8204-507a-b6c1-1f1203a87651,2025-04-02,13:30:00,15:00:00,26,APROBADA
fb1b982a-b55f-564e-8a4f-0f084265ddc8,d7ce39c6-be5b-537a-ae81-d449a1710ff2,2024-07-03,13:30:00,16:30:00,25,APROBADA
d51bfdd3-bfa6-5e84-8d99-4f3e1c8bc66a,eb4139b4-3715-5623-a990-d045271440a9,2024-10-05,17:30:00,18:30:00,28,APROBADA
a98c5433-a8d2-54f4-b03a-c45a3abf62f8,ef815f08-b586-5f03-964a-a08004eaebf3,2024-11-11,10:30:00,12:00:00,29,APROBADA
6528226f-7304-50cc-9c84-6a2b3c898900,d76d770e-14c2-5fea-bf8b-28f95250e124,2024-07-03,18:00:00,21:00:00,40,APROBADA
15595272-cb77-565d-99a8-d4cbc4d1d960,1dee66e3-0076-5033-8ba0-70dd67e8aea0,2025-02-19,12:30:00,14:30:00,40,APROBADA
84c1ed94-c5d8-5c59-87a3-2eb4bc78a2f7,dd609563-702d-543d-a49a-0ce27a83f234,2025-06-02,19:00:00,20:30:00,29,APROBADA
d3422b92-b5fe-5843-8e7d-ea607f654d1b,45b00d8f-2f79-52ba-8b17-e7d6ee0b476f,2024-12-28,11:00:00,12:30:00,30,APROBADA
c7119860-d57e-5798-a538-888edc878c7c,8fd4b53b-1d49-5307-8a1a-e184999a4434,2024-07-15,10:00:00,11:00:00,29,APROBADA
34b08416-3c0a-54aa-b4dd-fd1070677f5a,0880d439-8834-59c1-bfce-e7f3da722b3f,2024-12-19,09:00:00,10:00:00,31,APROBADA
fe8f5f2f-fb91-5383-8d3b-5f9bc69fe5a3,1dee66e3-0076-5033-8ba0-70dd67e8aea0,2024-12-22,18:00:00,20:00:00,37,APROBADA
0c539a1e-0e03-5a48-b774-a79185006cbb,6c814918-8ba0-52cc-9377-6d60b7946f8b,2024-10-21,08:00:00,09:00:00,32,APROBADA
300b9f64-557c-5dc6-b450-acb64b64e362,e5da4cff-29aa-5f05-8532-70f093603e74,2025-06-18,18:00:00,19:00:00,39,APROBADA
ae053eca-9ae5-541d-a7bc-f493a8bf37fd,b46607fb-d28f-5c06-a3a8-091cb9d995ec,2024-11-28,08:00:00,09:00:00,40,APROBADA
4c4bae5c-3805-5847-9af9-3d8c6ca7d8f0,f5e43a2a-032c-562e-837a-ff3c72abffb4,2024-09-17,07:00:00,08:30:00,26,APROBADA
6d4b7f9c-ab07-5301-898a-29c004bcc563,6c814918-8ba0-52cc-9377-6d60b7946f8b,2025-01-28,10:00:00,13:00:00,31,APROBADA
0f97aeaa-1265-56b9-bc7b-d3cbb3f0fe1e,6d481120-dab0-50c8-8f1b-33cf911e9573,2025-01-03,14:00:00,17:00:00,42,APROBADA
070f6137-2b9e-5f60-b6eb-940c5954d333,d76d770e-14c2-5fea-bf8b-28f95250e124,2025-05-31,15:30:00,17:30:00,37,APROBADA
c2c26dcb-7aeb-52a7-8ab9-9a1fe24c2da0,6d481120-dab0-50c8-8f1b-33cf911e9573,2025-04-21,19:00:00,20:00:00,42,APROBADA
609b662c-9307-5101-93bf-041674fd8f70,aad269e7-97f7-5e2d-9c43-cf84b49bd847,2024-08-08,18:30:00,21:30:00,25,APROBADA
b6ec385b-2265-5325-896a-4fa6dc923c79,7d424b25-0f98-5f10-b2a8-ed9ddcd33e7a,2024-11-29,15:30:00,17:00:00,39,APROBADA
d2aeab4b-e23d-5938-856e-44346496be49,eb4139b4-3715-5623-a990-d045271440a9,2025-03-19,10:30:00,12:00:00,26,APROBADA
35c55f44-8606-5cfc-b8aa-fa6f94f1cb37,d76d770e-14c2-5fea-bf8b-28f95250e124,2024-12-28,19:00:00,22:00:00,37,APROBADA
2adcd0e4-f699-575a-8cff-ab149335cc30,2574a671-d58d-5db3-8c9f-2518d8a8d790,2025-03-20,13:30:00,15:30:00,32,APROBADA
d719e22f-8c95-5179-a6f6-6de738f41d46,8fd4b53b-1d49-5307-8a1a-e184999a4434,2025-01-05,17:00:00,18:00:00,40,APROBADA
90b31d73-127c-50d1-be03-17bee0a50dd4,7d424b25-0f98-5f10-b2a8-ed9ddcd33e7a,2025-05-15,12:00:00,14:00:00,32,APROBADA
1284ffc6-8149-5315-bb2e-8acd0ef5d8c2,aad269e7-97f7-5e2d-9c43-cf84b49bd847,2024-11-10,19:00:00,21:00:00,29,APROBADA
61ad4bdd-4de7-5a2e-b385-ed00a2fcdcfa,eb4139b4-3715-5623-a990-d045271440a9,2025-02-27,07:00:00,09:00:00,25,APROBADA
d3d6f00c-b750-5d6f-8637-0e26c067ccf2,4b4a10f4-36fa-5109-bc5d-14e24370c164,2025-02-24,07:30:00,08:30:00,29,APROBADA
1e28453b-cc68-50bd-b60e-1badba8e5e2e,1dee66e3-0076-5033-8ba0-70dd67e8aea0,2025-06-24,15:00:00,18:00:00,44,APROBADA
c405a921-4f4b-52e6-ae70-5be74936ee4d,2574a671-d58d-5db3-8c9f-2518d8a8d790,2024-08-14,09:30:00,11:00:00,36,APROBADA
6afc7984-7b94-557f-9d7c-7872af1990fe,1dee66e3-0076-5033-8ba0-70dd67e8aea0,2024-08-11,19:00:00,21:00:00,26,APROBADA
6220bc28-c185-5600-86ce-ab8a41afd85e,b8969593-19a7-5a43-84c0-d52e63ac0cb4,2025-06-04,08:00:00,09:00:00,26,APROBADA
043def8e-7216-580b-a8b6-801212b052ad,0880d439-8834-59c1-bfce-e7f3da722b3f,2025-04-24,12:30:00,13:30:00,33,APROBADA
53cbffdf-2253-5abe-891e-02008bddd0aa,ef815f08-b586-5f03-964a-a08004eaebf3,2024-09-21,10:00:00,13:00:00,28,APROBADA
ac364bce-8aff-570b-9fce-7f2887000bb5,706ea773-fd09-5587-a465-302616f9d571,2025-04-11,10:00:00,11:00:00,30,APROBADA
a87802ac-2b68-5d64-b802-bd74bb3430f6,1a0b71d7-4721-5998-bd82-de26b25b5771,2025-02-07,17:00:00,20:00:00,44,APROBADA
f642cf18-db9e-527d-9ed8-adac9890a05f,1dee66e3-0076-5033-8ba0-70dd67e8aea0,2025-05-02,07:00:00,08:00:00,37,APROBADA
a3a60284-d27d-50ae-8e17-cc86f5714bf8,f5e43a2a-032c-562e-837a-ff3c72abffb4,2025-01-20,15:00:00,18:00:00,29,APROBADA
ca8e1760-431f-518a-bf8c-43a3ef8ae5fc,7bcb3d0c-2500-5f01-abe8-d24e962af50e,2025-06-07,13:00:00,15:00:00,29,APROBADA
e89f0d4c-f608-5746-b22c-e9e68d0a2f17,6d481120-dab0-50c8-8f1b-33cf911e9573,2024-07-08,12:30:00,13:30:00,43,APROBADA
eaf69920-76da-51ac-bfb8-9d352217570f,6d481120-dab0-50c8-8f1b-33cf911e9573,2024-09-22,08:00:00,11:00:00,36,APROBADA
6ec74505-bcd6-5fbe-a436-a677246444cd,d7ce39c6-be5b-537a-ae81-d449a1710ff2,2024-08-28,10:30:00,12:30:00,34,APROBADA
afaf653f-02da-51a0-8002-41e5ddb0d545,d7ce39c6-be5b-537a-ae81-d449a1710ff2,2025-04-06,12:00:00,13:30:00,38,APROBADA
2bda493f-8795-5763-958b-fe2ed2a9138e,10225e74-7c22-5384-8cdc-396a168ec651,2025-06-16,11:30:00,13:30:00,32,APROBADA
b0bb0880-e6b7-5298-8681-ed2ebaa946a3,05a1191e-b84b-597d-b970-b04889cc30ee,2025-01-23,13:30:00,15:30:00,31,APROBADA
10e7298a-2be8-5ea6-bb0a-9495508c44d6,d76d770e-14c2-5fea-bf8b-28f95250e124,2025-03-11,11:30:00,14:30:00,31,APROBADA
3a397cdc-f7ee-5fda-b92b-b4637b86680e,f5e43a2a-032c-562e-837a-ff3c72abffb4,2025-06-17,07:00:00,10:00:00,28,APROBADA
6ea8ba0c-3007-58cb-86de-8e078b4565c0,eb4139b4-3715-5623-a990-d045271440a9,2024-12-10,14:00:00,17:00:00,30,APROBADA
ce89e400-17f7-51b6-b121-6a33dfd44504,b46607fb-d28f-5c06-a3a8-091cb9d995ec,2025-03-22,10:30:00,12:30:00,26,APROBADA
3d4975ad-3ec5-58f7-8af9-fea75637ff0e,23c254ed-4635-5cec-baa9-656efa7fd130,2025-03-06,12:00:00,15:00:00,30,APROBADA
5023dfae-8b64-58e6-8b25-2362a5219643,e5da4cff-29aa-5f05-8532-70f093603e74,2025-04-10,16:00:00,17:00:00,26,APROBADA
5751354f-0095-563c-baa6-31fae3f0e054,c1489a8f-1dff-511e-b025-5a10261901d7,2024-11-25,13:30:00,15:30:00,31,APROBADA
fe8ddae8-2089-5b09-b9ef-16243e1857c5,ef815f08-b586-5f03-964a-a08004eaebf3,2025-06-25,13:30:00,16:30:00,34,APROBADA
089134a4-0943-5f0f-95ff-3abefe446c6a,da1fe6a7-058c-5ad3-a10e-f529804a44b5,2025-03-12,19:00:00,21:00:00,30,APROBADA
8a5df4c5-4a3a-5dc7-8982-d8116058bd9c,6903b35b-c2a6-5770-98e5-743c2bc06b45,2025-06-07,09:30:00,11:00:00,33,APROBADA
e8919b67-649d-5502-bc13-d08676e09567,0880d439-8834-59c1-bfce-e7f3da722b3f,2025-04-24,11:00:00,14:00:00,27,APROBADA
407aff25-d259-5b3e-baa7-55dc7d8bc27b,0880d439-8834-59c1-bfce-e7f3da722b3f,2024-07-06,07:00:00,08:00:00,45,APROBADA
5c400787-8cc1-5ad0-aa2e-f4ac54b2c14e,b8969593-19a7-5a43-84c0-d52e63ac0cb4,2024-12-31,15:00:00,17:00:00,30,APROBADA
632cd84b-e07a-51cf-916d-e8330e693433,4b4a10f4-36fa-5109-bc5d-14e24370c164,2024-09-20,10:00:00,11:30:00,32,APROBADA
aacbdce6-7dff-528f-82f0-49b0b7ca95d0,10225e74-7c22-5384-8cdc-396a168ec651,2025-03-13,13:00:00,14:30:00,31,APROBADA
8fc90aea-9470-5f42-b936-b6ef265097df,2574a671-d58d-5db3-8c9f-2518d8a8d790,2025-01-04,15:30:00,17:00:00,34,APROBADA
60cc42b3-ca71-5af5-91de-2270f30ab082,6d481120-dab0-50c8-8f1b-33cf911e9573,2024-08-06,08:00:00,10:00:00,35,APROBADA
6efc2a1e-acae-5931-8635-c2a429f97cb4,6d481120-dab0-50c8-8f1b-33cf911e9573,2024-07-05,09:00:00,11:00:00,43,APROBADA
aa81468a-a716-5677-94fa-6c52ab91c4eb,c1489a8f-1dff-511e-b025-5a10261901d7,2025-03-29,15:30:00,18:30:00,28,APROBADA
284b57b6-ef41-5d0e-bdbb-bf22c9d2dd52,8fd4b53b-1d49-5307-8a1a-e184999a4434,2024-10-09,10:00:00,11:00:00,39,APROBADA
66af4370-72db-543b-af7d-5e246bb4456a,1dee66e3-0076-5033-8ba0-70dd67e8aea0,2025-04-03,08:00:00,09:00:00,31,APROBADA
d3fd3c6f-b103-5983-ae9c-05a75b210e25,2574a671-d58d-5db3-8c9f-2518d8a8d790,2024-09-26,11:00:00,13:00:00,32,APROBADA
9901fc0b-2b77-50fb-9938-2a175ebcdeed,b8969593-19a7-5a43-84c0-d52e63ac0cb4,2024-12-13,13:30:00,15:00:00,26,APROBADA
1344ced5-6d0b-539a-9188-48fd33b5934e,7bcb3d0c-2500-5f01-abe8-d24e962af50e,2024-12-03,08:00:00,09:00:00,30,APROBADA
f769e194-7f4a-5a7f-9875-979318263139,10225e74-7c22-5384-8cdc-396a168ec651,2025-06-24,08:00:00,10:00:00,33,APROBADA
5c3e8658-4e4c-5da8-9b9a-e790f5166697,6d481120-dab0-50c8-8f1b-33cf911e9573,2024-07-06,11:00:00,12:00:00,43,APROBADA
9907a5e6-22c0-5eb4-8719-e6d8b45c7cea,aad269e7-97f7-5e2d-9c43-cf84b49bd847,2025-04-24,09:00:00,10:00:00,29,APROBADA
43cca1c3-97d3-5ded-8797-db6b51a5fb1d,1a0b71d7-4721-5998-bd82-de26b25b5771,2024-10-01,13:30:00,15:30:00,30,APROBADA
102a92ed-95f1-54db-a7e3-d78f2427ef51,1a0b71d7-4721-5998-bd82-de26b25b5771,2024-11-26,16:30:00,17:30:00,40,APROBADA
2ad7521e-fd51-5070-860c-d7dde4f93e34,d056b3a8-8204-507a-b6c1-1f1203a87651,2024-07-04,11:00:00,13:00:00,28,APROBADA
717d8b46-7fab-5ed7-aa6c-9551cd46193c,45b00d8f-2f79-52ba-8b17-e7d6ee0b476f,2024-09-14,17:00:00,18:30:00,34,APROBADA
e07e2790-f4cc-5da5-8eaf-0684e7dcd0cd,706ea773-fd09-5587-a465-302616f9d571,2024-10-04,10:00:00,13:00:00,35,APROBADA
5594ebe0-bec8-5d26-9235-9d3d2354b2a1,23c254ed-4635-5cec-baa9-656efa7fd130,2025-04-23,07:00:00,10:00:00,32,APROBADA
db74ce55-4c03-5e31-82e0-febc10cebdef,10225e74-7c22-5384-8cdc-396a168ec651,2024-07-23,15:00:00,17:00:00,35,APROBADA
f9cf0a48-65ea-558b-97c7-f96c5c2193fd,aad269e7-97f7-5e2d-9c43-cf84b49bd847,2025-04-29,15:00:00,16:00:00,25,APROBADA
f65032e2-ccdc-5034-8c44-f90e670fa74b,aad269e7-97f7-5e2d-9c43-cf84b49bd847,2024-09-02,07:00:00,10:00:00,27,APROBADA
e3aaebac-db38-510b-9ad9-cd5ea9037580,eb4139b4-3715-5623-a990-d045271440a9,2024-08-11,18:30:00,20:00:00,30,APROBADA
b8aedce2-da3e-5fc7-9da5-ea058a441cd0,b8969593-19a7-5a43-84c0-d52e63ac0cb4,2025-02-06,18:30:00,21:30:00,28,APROBADA
a135ac07-1c49-56eb-ae7b-7262cf31257e,10225e74-7c22-5384-8cdc-396a168ec651,2024-11-01,11:00:00,14:00:00,28,APROBADA
22f31eed-e8e9-5b58-9c5f-69fe46630b2d,1dee66e3-0076-5033-8ba0-70dd67e8aea0,2024-12-19,19:00:00,21:00:00,37,APROBADA
a2b5bdb4-8233-5e92-8e31-a67e402f1302,0880d439-8834-59c1-bfce-e7f3da722b3f,2025-05-12,11:30:00,12:30:00,29,APROBADA
e6425af8-70f5-5341-86ca-5af1fa1b5071,d7ce39c6-be5b-537a-ae81-d449a1710ff2,2024-07-26,09:30:00,12:30:00,29,APROBADA
4f8d06b6-b9e9-564b-b059-ee7a6372a905,0880d439-8834-59c1-bfce-e7f3da722b3f,2025-02-12,16:00:00,18:00:00,34,APROBADA
4470ff76-e364-57c8-9142-11949c9e1d07,4b4a10f4-36fa-5109-bc5d-14e24370c164,2024-12-30,17:30:00,20:30:00,31,APROBADA
89a88e73-c83f-512a-ad89-2becdd65dd19,d76d770e-14c2-5fea-bf8b-28f95250e124,2025-03-23,13:00:00,14:30:00,26,APROBADA
c013fa20-db11-5996-83c6-f56f30252e30,7bcb3d0c-2500-5f01-abe8-d24e962af50e,2025-03-07,17:00:00,19:00:00,28,APROBADA
af5ff8e0-bd63-5ee5-997b-f3b84cc10b64,23c254ed-4635-5cec-baa9-656efa7fd130,2024-07-17,13:00:00,14:00:00,26,APROBADA
5ad9dccb-f855-533b-bb77-7d6c925a8058,10225e74-7c22-5384-8cdc-396a168ec651,2024-08-23,18:00:00,20:00:00,31,APROBADA
0413af08-7b86-5dc1-9543-38e0baf4ffec,8fd4b53b-1d49-5307-8a1a-e184999a4434,2025-01-15,14:30:00,15:30:00,40,APROBADA
a6da816f-40f7-508c-a256-2b24604c3383,da1fe6a7-058c-5ad3-a10e-f529804a44b5,2024-12-31,07:00:00,08:00:00,36,APROBADA
92f69021-bfae-570b-8c4a-29c97232ed89,b8969593-19a7-5a43-84c0-d52e63ac0cb4,2024-07-16,15:30:00,18:30:00,30,APROBADA
953f1e22-8bb2-58eb-a789-532579f9c49e,6c814918-8ba0-52cc-9377-6d60b7946f8b,2024-10-09,13:30:00,16:30:00,38,APROBADA
fe53c8b6-9251-5c0d-a133-f00b7cfe7c7e,23c254ed-4635-5cec-baa9-656efa7fd130,2025-01-21,07:00:00,08:30:00,26,APROBADA
e809ce40-2512-52bc-beaa-1de64dcd39c7,d7ce39c6-be5b-537a-ae81-d449a1710ff2,2024-12-04,07:00:00,08:00:00,35,APROBADA
709f9e69-e38c-5a15-8a75-1a3796892250,1dee66e3-0076-5033-8ba0-70dd67e8aea0,2025-01-02,07:00:00,09:00:00,26,APROBADA
3e820e5a-4901-5393-8344-6ca83a1f96fb,0880d439-8834-59c1-bfce-e7f3da722b3f,2024-11-27,08:00:00,11:00:00,36,APROBADA
e50d0279-efec-5c06-adc8-a4b9eca63c07,e5da4cff-29aa-5f05-8532-70f093603e74,2025-06-01,08:00:00,11:00:00,32,APROBADA
8f78f7d4-d32e-5301-a8ac-5d906fb53773,b46607fb-d28f-5c06-a3a8-091cb9d995ec,2025-05-09,16:30:00,19:30:00,35,APROBADA
fb3e2b84-b99a-5eef-9fa9-e8fb8e8b075d,e5da4cff-29aa-5f05-8532-70f093603e74,2024-08-29,12:30:00,14:30:00,40,APROBADA
19da8053-803c-5b59-813d-5ba708cce52e,2574a671-d58d-5db3-8c9f-2518d8a8d790,2024-08-01,14:30:00,15:30:00,37,APROBADA
794a2641-d3f6-5621-99a4-f43694917176,dd609563-702d-543d-a49a-0ce27a83f234,2024-07-13,13:30:00,15:00:00,33,APROBADA
26d76130-df70-5fdb-8b08-2e72a9cc60eb,0880d439-8834-59c1-bfce-e7f3da722b3f,2025-01-15,16:00:00,17:30:00,35,APROBADA
e061fb83-3787-5534-9ad7-429c487c0a9c,e5da4cff-29aa-5f05-8532-70f093603e74,2024-08-17,19:00:00,22:00:00,27,APROBADA
cf4965d0-fc38-58d3-b113-9fb79955cb2e,e5da4cff-29aa-5f05-8532-70f093603e74,2025-02-09,14:00:00,16:00:00,33,APROBADA
6ca4c4ec-bdbf-535d-9193-fad027458f50,d056b3a8-8204-507a-b6c1-1f1203a87651,2024-10-10,16:30:00,17:30:00,28,APROBADA
3cab9f84-6854-5f7f-9cad-baf1f0c13809,1dee66e3-0076-5033-8ba0-70dd67e8aea0,2025-04-19,08:30:00,10:30:00,27,APROBADA
b21baf3f-87a0-57ba-a0ef-e7552225999c,7bcb3d0c-2500-5f01-abe8-d24e962af50e,2024-09-28,16:00:00,17:30:00,25,APROBADA
4b509d16-61c7-5cff-ab96-5eb8e2ffa5dc,f5e43a2a-032c-562e-837a-ff3c72abffb4,2025-01-03,13:00:00,14:30:00,27,APROBADA
1caffeca-f1c5-561c-ada8-b861937c1321,1a0b71d7-4721-5998-bd82-de26b25b5771,2024-12-12,19:00:00,21:00:00,38,APROBADA
ae019748-a32f-5075-972e-c8d9f59d9708,1dee66e3-0076-5033-8ba0-70dd67e8aea0,2025-01-31,08:30:00,10:30:00,35,APROBADA
63c3d52f-98c5-5247-9091-a38a9134fc0b,706ea773-fd09-5587-a465-302616f9d571,2025-04-12,17:00:00,19:00:00,32,APROBADA
36768a0b-abcc-5fde-9172-42eb76f4fac9,eb4139b4-3715-5623-a990-d045271440a9,2024-11-07,13:30:00,15:00:00,25,APROBADA
30c1782a-4e97-5d98-99ef-9da78faaea83,45b00d8f-2f79-52ba-8b17-e7d6ee0b476f,2024-12-20,07:00:00,08:00:00,33,APROBADA
f5b1b9a5-3d25-5645-99bd-17c301d4d4e5,c1489a8f-1dff-511e-b025-5a10261901d7,2025-02-19,09:00:00,12:00:00,26,APROBADA
a8f52657-4b7b-51a0-b2d9-0a3b30c6667e,7bcb3d0c-2500-5f01-abe8-d24e962af50e,2024-11-23,08:30:00,11:30:00,30,APROBADA
9aeb98d6-321d-57f9-8e37-07c9561f3fca,6c814918-8ba0-52cc-9377-6d60b7946f8b,2025-02-11,10:00:00,12:00:00,36,APROBADA
dc7007ed-b17e-5f53-93af-b40c5e2bbf3e,d056b3a8-8204-507a-b6c1-1f1203a87651,2025-02-25,19:00:00,20:00:00,27,APROBADA
d694373b-af8c-526e-9bf8-9bfd8441ae18,10225e74-7c22-5384-8cdc-396a168ec651,2025-04-18,16:00:00,17:00:00,28,APROBADA
aa4f40ef-be74-542c-8bca-e1574618546c,6c814918-8ba0-52cc-9377-6d60b7946f8b,2025-04-13,15:00:00,17:00:00,32,APROBADA
7a64f032-6734-5773-927b-5192d584b563,aad269e7-97f7-5e2d-9c43-cf84b49bd847,2025-02-04,12:00:00,14:00:00,28,APROBADA
de610a9f-1986-5265-a40f-45cfcf558466,10225e74-7c22-5384-8cdc-396a168ec651,2024-07-28,12:30:00,13:30:00,31,APROBADA
79b473c3-6bb2-5a4f-b0e5-eb324b2f531e,d76d770e-14c2-5fea-bf8b-28f95250e124,2025-05-29,08:30:00,11:30:00,35,APROBADA
f1384ad4-083d-5620-93a1-e27144a10f6b,0880d439-8834-59c1-bfce-e7f3da722b3f,2025-01-17,10:30:00,12:30:00,27,APROBADA
79bafea7-82a8-5b7d-a396-7af05e64742a,6d481120-dab0-50c8-8f1b-33cf911e9573,2025-04-18,07:30:00,08:30:00,30,APROBADA
aa833318-04d4-54cd-a408-a400dd52af9b,d7ce39c6-be5b-537a-ae81-d449a1710ff2,2024-11-12,10:00:00,12:00:00,36,APROBADA
7642a0e8-bd83-59f4-b7dc-439c36eb06c7,7d424b25-0f98-5f10-b2a8-ed9ddcd33e7a,2025-05-26,08:30:00,10:30:00,35,APROBADA
fa922d41-01e7-59ba-8618-82a99b92ce23,da1fe6a7-058c-5ad3-a10e-f529804a44b5,2024-12-05,19:00:00,21:00:00,25,APROBADA
0d8b73b9-d0b9-5ac5-8a73-a34c867b325c,7bcb3d0c-2500-5f01-abe8-d24e962af50e,2024-07-29,12:00:00,13:30:00,31,APROBADA
d3371768-1092-5fba-b2ab-88693e082aed,10225e74-7c22-5384-8cdc-396a168ec651,2024-10-30,15:30:00,18:30:00,28,APROBADA
16093af1-1da6-5905-a731-f02df628957a,aad269e7-97f7-5e2d-9c43-cf84b49bd847,2024-08-09,13:00:00,16:00:00,26,APROBADA
e9665033-7815-589d-9de8-dd343f448cbf,d76d770e-14c2-5fea-bf8b-28f95250e124,2025-03-02,11:30:00,13:30:00,40,APROBADA
ca26a174-7942-5752-8284-3e0349f2f380,b8969593-19a7-5a43-84c0-d52e63ac0cb4,2025-02-16,12:00:00,13:00:00,25,APROBADA
4576bb03-780d-598b-98ab-508b282923a8,b46607fb-d28f-5c06-a3a8-091cb9d995ec,2025-05-01,07:00:00,08:00:00,35,APROBADA
0226cb1d-d66f-5894-8b0e-e8e70ee904f3,2574a671-d58d-5db3-8c9f-2518d8a8d790,2024-11-06,09:00:00,12:00:00,34,APROBADA
ddb7754e-021e-58f7-8b51-1fea9b711a70,6d481120-dab0-50c8-8f1b-33cf911e9573,2025-03-03,09:30:00,10:30:00,42,APROBADA
77293e7a-cdbf-5f73-86dc-257a15f0e9d8,d056b3a8-8204-507a-b6c1-1f1203a87651,2025-04-15,18:30:00,20:00:00,27,APROBADA
c79a66a6-5881-5d96-ad33-4669d4082185,f5e43a2a-032c-562e-837a-ff3c72abffb4,2025-06-10,14:30:00,16:00:00,27,APROBADA
8175c7ac-6952-519b-9ef1-d2f438522937,7d424b25-0f98-5f10-b2a8-ed9ddcd33e7a,2024-12-03,09:00:00,10:30:00,25,APROBADA
f1f16b72-20e5-5321-9ca0-b2389e0c6c66,d056b3a8-8204-507a-b6c1-1f1203a87651,2024-09-27,16:00:00,17:30:00,25,APROBADA
c89931f9-ee53-5c71-8cb9-4bc5988b3c63,a22ee2bf-332c-5ac1-ae12-28ce7b0033a1,2024-07-23,13:00:00,14:30:00,33,APROBADA
2f363956-7610-515c-8a0d-97cb651eca0b,da1fe6a7-058c-5ad3-a10e-f529804a44b5,2024-08-20,13:30:00,16:30:00,30,APROBADA
75092a9b-50c7-57ac-8cfc-4f1ec79d86e5,ef815f08-b586-5f03-964a-a08004eaebf3,2025-02-12,18:00:00,19:00:00,32,APROBADA
0d653994-c514-5114-a686-1ab07192b712,d7ce39c6-be5b-537a-ae81-d449a1710ff2,2025-03-11,16:00:00,19:00:00,27,APROBADA
ff999c3e-58c3-570c-876c-7030ae4f346c,b8969593-19a7-5a43-84c0-d52e63ac0cb4,2025-02-21,16:30:00,19:30:00,28,APROBADA
7ca37576-84ce-5806-8b3d-71994ebeca4e,7d424b25-0f98-5f10-b2a8-ed9ddcd33e7a,2025-03-20,18:00:00,19:30:00,26,APROBADA
add1b2b8-542e-5d67-978e-e904a90214fc,c1489a8f-1dff-511e-b025-5a10261901d7,2025-02-02,12:00:00,15:00:00,29,APROBADA
d77faa2d-350a-596b-8c33-547b361c6b53,d7ce39c6-be5b-537a-ae81-d449a1710ff2,2025-06-05,07:00:00,10:00:00,40,APROBADA
f9649f9f-886d-53f7-b1fd-c4211a001f9c,706ea773-fd09-5587-a465-302616f9d571,2025-03-26,07:00:00,10:00:00,29,APROBADA
24c5de8d-d28c-512e-abbe-cdf1d45dcf12,7d424b25-0f98-5f10-b2a8-ed9ddcd33e7a,2025-06-14,11:30:00,12:30:00,37,APROBADA
2d9926e9-39ea-5482-8650-98e65e935260,2574a671-d58d-5db3-8c9f-2518d8a8d790,2024-10-25,10:30:00,13:30:00,34,APROBADA
1fb5e8b1-b4fa-5449-86d1-b6810872ffde,8fd4b53b-1d49-5307-8a1a-e184999a4434,2025-04-22,10:00:00,13:00:00,32,APROBADA
dcfb2eee-0e8e-55c1-b581-472965621bc2,eb4139b4-3715-5623-a990-d045271440a9,2024-11-26,07:00:00,10:00:00,27,APROBADA
1e8d1102-fe8b-52e6-aa8c-2aad1d490e7e,6d481120-dab0-50c8-8f1b-33cf911e9573,2024-10-24,16:00:00,17:00:00,43,APROBADA
5069c514-bb88-5059-9f38-49fabf7bf65b,45b00d8f-2f79-52ba-8b17-e7d6ee0b476f,2024-11-04,07:30:00,09:00:00,33,APROBADA
d7d28229-cf00-5fb3-acd0-a8cb9a6d602a,d76d770e-14c2-5fea-bf8b-28f95250e124,2024-10-03,09:00:00,10:30:00,39,APROBADA
c23ce6e4-cf68-55d5-96b6-b6eabb747257,7bcb3d0c-2500-5f01-abe8-d24e962af50e,2025-06-17,19:00:00,20:30:00,29,APROBADA
49d27ecd-7ff3-55bc-968c-2039cb7d4bc6,706ea773-fd09-5587-a465-302616f9d571,2024-07-04,07:00:00,08:00:00,32,APROBADA
05542bd5-7674-50f1-b812-12f6827809a6,706ea773-fd09-5587-a465-302616f9d571,2025-06-17,08:00:00,09:30:00,27,APROBADA
e603cdd3-dce5-5ec4-9bdb-5d50bd3785dc,0880d439-8834-59c1-bfce-e7f3da722b3f,2025-04-26,12:30:00,14:00:00,34,APROBADA
a57bb6d5-9766-5fa8-9e12-4aff7c5d8b5a,6d481120-dab0-50c8-8f1b-33cf911e9573,2024-07-15,11:00:00,13:00:00,32,APROBADA
db1a5611-c009-5aa2-adc6-bb0f71bd9438,6d481120-dab0-50c8-8f1b-33cf911e9573,2025-03-09,11:00:00,12:30:00,40,APROBADA
4dd181c0-d8ae-5200-9b2a-05becd52248b,d76d770e-14c2-5fea-bf8b-28f95250e124,2024-07-28,12:30:00,14:30:00,30,APROBADA
61503eb9-856e-50b7-9888-c7148660ece8,45b00d8f-2f79-52ba-8b17-e7d6ee0b476f,2024-07-22,16:00:00,18:00:00,33,APROBADA
0a2123ff-c434-5128-b112-99bcc818d9fe,d76d770e-14c2-5fea-bf8b-28f95250e124,2025-01-27,18:30:00,20:30:00,26,APROBADA
aa0c238c-48fe-533b-91d0-d06b305d7c62,6c814918-8ba0-52cc-9377-6d60b7946f8b,2024-12-12,09:00:00,10:30:00,36,APROBADA
9403ce6a-1bce-5f50-8f20-706ccb499b4c,10225e74-7c22-5384-8cdc-396a168ec651,2025-05-28,10:30:00,12:00:00,33,APROBADA
115085b9-a42d-5330-8603-d7fd0f3ee02d,4b4a10f4-36fa-5109-bc5d-14e24370c164,2024-11-10,09:00:00,11:00:00,31,APROBADA
7a4ef004-2b06-5b12-9448-449423c7c95d,dd609563-702d-543d-a49a-0ce27a83f234,2024-10-15,15:30:00,17:00:00,39,APROBADA
73dd5572-1368-524f-bd60-4cb460803e49,0880d439-8834-59c1-bfce-e7f3da722b3f,2025-03-14,18:30:00,20:30:00,27,APROBADA
e2f75a4b-33c3-5fcc-9a91-95f9167827f6,6c814918-8ba0-52cc-9377-6d60b7946f8b,2025-05-01,12:00:00,15:00:00,26,APROBADA
8a46a7f3-0084-5419-b14f-2bb91584fca5,1a0b71d7-4721-5998-bd82-de26b25b5771,2025-01-21,11:00:00,12:00:00,44,APROBADA
75646ae1-d4ac-5379-ba99-e2570a7037c9,d7ce39c6-be5b-537a-ae81-d449a1710ff2,2025-04-10,13:00:00,14:00:00,41,APROBADA
ddd2e013-0a75-58dc-9bce-f954f04e07ac,45b00d8f-2f79-52ba-8b17-e7d6ee0b476f,2024-12-09,08:30:00,10:00:00,25,APROBADA
63fd9fcb-b234-52d2-9919-64547f729580,ef815f08-b586-5f03-964a-a08004eaebf3,2025-06-27,08:30:00,11:30:00,27,APROBADA
6b8f9b67-99c3-57dc-abeb-2568d8cb8f8e,6d481120-dab0-50c8-8f1b-33cf911e9573,2024-10-18,10:00:00,11:00:00,38,APROBADA
3806242d-ef24-506f-b3fe-8d2db1cfa95c,a40fe9f0-87fa-5853-968f-5cedd5939e8a,2025-02-01,10:30:00,12:30:00,27,APROBADA
6748cec3-62a8-5a42-be00-9ce8896bb5ff,d056b3a8-8204-507a-b6c1-1f1203a87651,2024-07-01,17:00:00,19:00:00,32,APROBADA
2f26bd06-5afc-5ce2-9968-bd3b84a7f95d,0880d439-8834-59c1-bfce-e7f3da722b3f,2024-10-14,07:30:00,08:30:00,42,APROBADA
cac567b8-1f2a-56ec-ac09-195d91182f58,8fd4b53b-1d49-5307-8a1a-e184999a4434,2025-03-13,15:00:00,16:30:00,27,APROBADA
9b1903eb-f8c2-50e6-9111-6d6108db6ce9,dd609563-702d-543d-a49a-0ce27a83f234,2024-10-10,07:30:00,08:30:00,28,APROBADA
4522605e-6332-5e93-b1e9-639ca60662bf,b8969593-19a7-5a43-84c0-d52e63ac0cb4,2024-12-20,07:30:00,09:30:00,29,APROBADA
9dea0fd4-fc9a-51c1-9b16-0191df8c0834,6d481120-dab0-50c8-8f1b-33cf911e9573,2025-04-20,09:30:00,10:30:00,40,APROBADA
d6780ec9-da21-50a8-971c-1d65567299bb,0880d439-8834-59c1-bfce-e7f3da722b3f,2024-10-06,12:30:00,13:30:00,28,APROBADA
b4458f1c-eb3e-591b-8410-aef00e00ad33,2574a671-d58d-5db3-8c9f-2518d8a8d790,2024-11-14,16:00:00,19:00:00,40,APROBADA
aea3a5e0-3b11-5965-ab75-ba828c7eb97f,d76d770e-14c2-5fea-bf8b-28f95250e124,2025-02-27,11:30:00,12:30:00,25,APROBADA
8a67d89f-3c80-5717-af04-11baa18dd60a,dd609563-702d-543d-a49a-0ce27a83f234,2025-06-25,17:30:00,20:30:00,35,APROBADA
e9373dbf-4f04-5965-82c0-7ac88bcdf110,7d424b25-0f98-5f10-b2a8-ed9ddcd33e7a,2025-04-04,15:00:00,16:30:00,27,APROBADA
cb7a1b45-f1fa-5572-8848-25a1245367e8,e5da4cff-29aa-5f05-8532-70f093603e74,2025-04-23,15:30:00,17:30:00,38,APROBADA
12f07355-3313-5a09-b76d-db6cffcea829,1a0b71d7-4721-5998-bd82-de26b25b5771,2025-06-15,08:30:00,10:00:00,29,APROBADA
287e20d4-a4da-5379-a7d5-e13c585efcaf,a22ee2bf-332c-5ac1-ae12-28ce7b0033a1,2025-04-19,09:30:00,11:30:00,30,APROBADA
c8862c12-55cf-5837-bec9-21bfa247f7da,d76d770e-14c2-5fea-bf8b-28f95250e124,2025-04-24,08:00:00,09:00:00,36,APROBADA
6cb9af8a-5292-5eed-b2fb-ef3caaac6bc7,6c814918-8ba0-52cc-9377-6d60b7946f8b,2025-04-27,17:00:00,18:30:00,26,APROBADA
bea82211-5a1c-5d56-b282-12de950040dd,d76d770e-14c2-5fea-bf8b-28f95250e124,2025-04-03,10:00:00,11:30:00,32,APROBADA
8a015e31-d1cd-50da-b3a5-dc7f57abd14d,c1489a8f-1dff-511e-b025-5a10261901d7,2025-01-28,12:30:00,15:30:00,28,APROBADA
1c64d490-fb89-5099-a00c-db13b6e40508,8fd4b53b-1d49-5307-8a1a-e184999a4434,2024-10-26,17:30:00,19:30:00,25,APROBADA
78e7fbf0-8599-5843-b711-17fd82e9b766,7bcb3d0c-2500-5f01-abe8-d24e962af50e,2025-02-04,07:00:00,10:00:00,27,APROBADA
f6ae256a-5591-5aee-bd43-1a2f3291e20a,e5da4cff-29aa-5f05-8532-70f093603e74,2024-08-01,14:30:00,16:30:00,38,APROBADA
416c162d-9159-588c-9723-0e8f511005b3,4b4a10f4-36fa-5109-bc5d-14e24370c164,2025-05-09,16:00:00,17:00:00,29,APROBADA
d566f3e5-d87b-5417-b313-45afc264139d,2574a671-d58d-5db3-8c9f-2518d8a8d790,2024-08-17,12:00:00,15:00:00,35,APROBADA
15714694-bade-5e6a-862f-fe6f2bad6d37,f5e43a2a-032c-562e-837a-ff3c72abffb4,2024-11-01,11:30:00,13:00:00,27,APROBADA
f351567e-a859-5822-8139-c53cd33989f5,8fd4b53b-1d49-5307-8a1a-e184999a4434,2025-06-01,15:00:00,18:00:00,27,APROBADA
18526c0d-7fe1-5caa-ba3d-6406cf900535,d7ce39c6-be5b-537a-ae81-d449a1710ff2,2025-06-09,07:00:00,08:30:00,32,APROBADA
e43ef73c-a1a5-5b9f-9f35-c477483fc60d,d76d770e-14c2-5fea-bf8b-28f95250e124,2024-12-06,17:30:00,19:30:00,25,APROBADA
2f1340ba-c50b-5882-a6cf-8c2de403f29e,a40fe9f0-87fa-5853-968f-5cedd5939e8a,2024-11-04,09:30:00,11:30:00,28,APROBADA
6726a751-b9c9-5c9e-a0d8-d19e566ba2a5,c1489a8f-1dff-511e-b025-5a10261901d7,2025-04-17,15:00:00,16:00:00,25,APROBADA
ff4bac10-227b-5d8c-bd20-6823cf1d2ae2,dd609563-702d-543d-a49a-0ce27a83f234,2024-11-13,18:30:00,21:30:00,39,APROBADA
629bb750-66fe-5d0b-81ad-7858a3e5a289,05a1191e-b84b-597d-b970-b04889cc30ee,2024-07-26,10:30:00,13:30:00,31,APROBADA
e711281e-121e-5d38-a59b-1ebca94c930a,c1489a8f-1dff-511e-b025-5a10261901d7,2025-05-05,11:00:00,12:00:00,27,APROBADA
81def2dc-169b-5ff6-aed2-2f1d0c5e839e,b46607fb-d28f-5c06-a3a8-091cb9d995ec,2024-09-18,12:30:00,15:30:00,32,APROBADA
5eaad8b2-0d80-56f6-8094-030f7fb270fc,45b00d8f-2f79-52ba-8b17-e7d6ee0b476f,2024-10-28,13:30:00,15:00:00,33,APROBADA
e490dbd6-6c60-505b-9eda-ee2c7f4751b5,f5e43a2a-032c-562e-837a-ff3c72abffb4,2024-11-10,19:00:00,20:00:00,27,APROBADA
999b00f6-e9f3-57ec-bb4e-85c5b8bb6b7b,8fd4b53b-1d49-5307-8a1a-e184999a4434,2024-11-29,08:30:00,10:00:00,25,APROBADA
b9ec24b2-3958-5dfc-af42-c7f5d7005f78,dd609563-702d-543d-a49a-0ce27a83f234,2025-03-22,16:30:00,19:30:00,33,APROBADA
f3eebeaf-f5ac-5327-af78-beef7a457c37,0880d439-8834-59c1-bfce-e7f3da722b3f,2025-01-24,08:00:00,09:00:00,34,APROBADA
c3935980-1c67-53f4-9afa-ee99f331e5df,8fd4b53b-1d49-5307-8a1a-e184999a4434,2025-06-05,09:30:00,11:00:00,27,APROBADA
e529e0a4-683e-5cb4-a5cc-ce0c77bdce0f,d76d770e-14c2-5fea-bf8b-28f95250e124,2025-02-25,17:30:00,19:00:00,40,APROBADA
f3d6730e-c612-5568-8449-24ea6039357a,45b00d8f-2f79-52ba-8b17-e7d6ee0b476f,2024-07-28,15:00:00,17:00:00,27,APROBADA
a502a839-b439-54b8-9989-224226365f0d,8fd4b53b-1d49-5307-8a1a-e184999a4434,2025-06-13,12:00:00,15:00:00,34,APROBADA
ba35a234-165c-52f6-8a5f-4a18326b6e3f,706ea773-fd09-5587-a465-302616f9d571,2024-10-28,17:00:00,19:00:00,34,APROBADA
277e8bd5-84d0-5062-a35b-004eb4fcffb1,d056b3a8-8204-507a-b6c1-1f1203a87651,2024-12-21,15:00:00,18:00:00,26,APROBADA
35bb97fe-920c-5c3f-a7fa-aee182192545,ef815f08-b586-5f03-964a-a08004eaebf3,2024-10-19,13:30:00,15:30:00,32,APROBADA
a6d2edd3-00fa-5ea7-8040-b37ef4b25bae,1dee66e3-0076-5033-8ba0-70dd67e8aea0,2025-05-25,14:30:00,16:00:00,26,APROBADA
5a1d5452-11df-5eba-aefc-4b83ef4d386c,1dee66e3-0076-5033-8ba0-70dd67e8aea0,2025-02-28,16:30:00,17:30:00,35,APROBADA
bd93140a-5d07-5fef-a5ae-5af99f80a079,ef815f08-b586-5f03-964a-a08004eaebf3,2025-04-23,08:00:00,10:00:00,26,APROBADA
f1dadddf-c623-5710-8dd4-a4cf5d681a85,d7ce39c6-be5b-537a-ae81-d449a1710ff2,2025-03-24,15:00:00,18:00:00,38,APROBADA
484d507c-9fec-54f2-bc1f-dbf55d2afd96,7bcb3d0c-2500-5f01-abe8-d24e962af50e,2025-04-29,07:00:00,08:30:00,29,APROBADA
d3e742d0-c1b1-5230-bca7-eedb9b13a620,0880d439-8834-59c1-bfce-e7f3da722b3f,2024-10-01,15:30:00,16:30:00,42,APROBADA
6175623e-dc25-5973-952b-295056d076a6,6d481120-dab0-50c8-8f1b-33cf911e9573,2024-10-04,18:00:00,21:00:00,37,APROBADA
f99bfd7d-ed9d-59fc-948e-eeb657d9ca24,1a0b71d7-4721-5998-bd82-de26b25b5771,2025-06-02,16:30:00,18:00:00,43,APROBADA
594f7e5d-6c0b-5e1d-ab31-25c7a9298708,1dee66e3-0076-5033-8ba0-70dd67e8aea0,2025-05-11,07:30:00,09:00:00,35,APROBADA
fa29a43e-6941-51c5-86f7-14d138aa67f8,7d424b25-0f98-5f10-b2a8-ed9ddcd33e7a,2025-02-22,13:30:00,14:30:00,31,APROBADA
45f2cfaf-e86b-5a38-9c9d-cf6a9b85fe3c,706ea773-fd09-5587-a465-302616f9d571,2025-06-01,11:30:00,14:30:00,28,APROBADA
42f37339-6584-5566-b47f-ef686214125d,1dee66e3-0076-5033-8ba0-70dd67e8aea0,2025-01-15,12:00:00,13:00:00,36,APROBADA
bf70475c-e048-5d6a-89a3-454e07920d76,7bcb3d0c-2500-5f01-abe8-d24e962af50e,2024-10-08,14:30:00,15:30:00,30,APROBADA
5f0b33d9-d54d-5383-b454-9ddf90d9e4df,23c254ed-4635-5cec-baa9-656efa7fd130,2024-07-07,11:30:00,12:30:00,27,APROBADA
bf7e2d14-d751-5cdd-9433-ea4717e8e715,a22ee2bf-332c-5ac1-ae12-28ce7b0033a1,2025-02-13,12:00:00,13:30:00,30,APROBADA
6157f87d-bff0-5b9e-8675-34f30aa70fb0,dd609563-702d-543d-a49a-0ce27a83f234,2024-07-15,15:30:00,17:00:00,35,APROBADA
d881080c-fe99-5971-8a2e-a8cecc85ed17,eb4139b4-3715-5623-a990-d045271440a9,2024-08-01,08:30:00,09:30:00,32,APROBADA
97f9285d-b557-5a12-874d-792679b76815,1dee66e3-0076-5033-8ba0-70dd67e8aea0,2025-04-22,17:30:00,18:30:00,30,APROBADA
e3cbeb58-5788-5304-8cba-5bad61b195e9,6903b35b-c2a6-5770-98e5-743c2bc06b45,2025-01-29,19:00:00,20:30:00,35,APROBADA
c10cfa05-4498-5b52-ab21-542d1c69979c,aad269e7-97f7-5e2d-9c43-cf84b49bd847,2025-03-25,11:00:00,12:30:00,25,APROBADA
b006807c-c48e-52e6-bb10-c15c8c709423,05a1191e-b84b-597d-b970-b04889cc30ee,2024-12-23,09:30:00,10:30:00,32,APROBADA
56eda989-c83e-5310-ac15-a8ce93ee6a8d,d7ce39c6-be5b-537a-ae81-d449a1710ff2,2025-05-19,17:00:00,20:00:00,31,APROBADA
d51b65b6-0477-5856-b3bc-f40a15d05191,23c254ed-4635-5cec-baa9-656efa7fd130,2024-12-23,13:00:00,15:00:00,31,APROBADA
f87e2328-c1f1-5d30-a1d7-77c4fbc8679e,d7ce39c6-be5b-537a-ae81-d449a1710ff2,2025-06-13,09:00:00,10:30:00,36,APROBADA
3da400a4-a118-58a7-9854-e96e2a9225db,c1489a8f-1dff-511e-b025-5a10261901d7,2024-12-26,18:30:00,20:00:00,32,APROBADA
87dbbd10-1c54-5a5a-9ea2-15e9ec4e425c,da1fe6a7-058c-5ad3-a10e-f529804a44b5,2025-05-09,10:00:00,11:00:00,34,APROBADA
b12a6227-9d87-539b-9234-a947ffbae0b3,706ea773-fd09-5587-a465-302616f9d571,2024-12-31,10:30:00,12:00:00,34,APROBADA
397dfe53-5f5c-5281-b4ed-ab51990bdea4,e5da4cff-29aa-5f05-8532-70f093603e74,2025-02-20,12:30:00,13:30:00,33,APROBADA
6ea73d55-879c-51b6-9224-0f66316e1aa1,1a0b71d7-4721-5998-bd82-de26b25b5771,2024-10-12,11:30:00,14:30:00,29,APROBADA
57613a99-89a3-56e9-a59b-bdf0b774a6c9,b46607fb-d28f-5c06-a3a8-091cb9d995ec,2024-12-24,15:00:00,18:00:00,33,APROBADA
d6be544c-dca7-5fd5-ba4c-29feea4bca13,0880d439-8834-59c1-bfce-e7f3da722b3f,2025-06-24,09:30:00,11:30:00,27,APROBADA
d1edf499-6534-529c-84a1-2381be4f5a23,dd609563-702d-543d-a49a-0ce27a83f234,2024-10-11,07:30:00,09:00:00,30,APROBADA
c0af61ad-307e-573f-8557-6bdc09134981,b8969593-19a7-5a43-84c0-d52e63ac0cb4,2025-05-08,08:00:00,09:30:00,27,APROBADA
0b951d58-ac13-5e88-86db-431cedac8dde,b46607fb-d28f-5c06-a3a8-091cb9d995ec,2025-06-13,08:00:00,11:00:00,33,APROBADA
76d74236-3f9a-5be1-ac17-91e874d2cd34,a40fe9f0-87fa-5853-968f-5cedd5939e8a,2024-07-05,14:30:00,15:30:00,25,APROBADA
5cbbaf26-e5db-56ff-bfe1-b05f1d498b52,6c814918-8ba0-52cc-9377-6d60b7946f8b,2024-12-27,10:00:00,12:00:00,40,APROBADA
076498d7-e222-5b36-aaac-411e5f769f01,1a0b71d7-4721-5998-bd82-de26b25b5771,2025-06-02,09:30:00,11:00:00,38,APROBADA
269214a2-5cbc-59f3-a138-51838bc10fc7,d76d770e-14c2-5fea-bf8b-28f95250e124,2024-07-30,13:00:00,14:30:00,38,APROBADA
939091df-9eda-5ddf-a323-a2c9cee37fbb,dd609563-702d-543d-a49a-0ce27a83f234,2025-03-03,15:00:00,16:00:00,25,APROBADA
b25b69f6-9a6a-5f4b-aa30-fa094eb3851e,0880d439-8834-59c1-bfce-e7f3da722b3f,2025-03-03,14:00:00,17:00:00,35,APROBADA
11cfc2ec-8319-54f8-91f2-f88bcbe233e4,2574a671-d58d-5db3-8c9f-2518d8a8d790,2024-11-04,14:00:00,15:00:00,34,APROBADA
f76b4cf3-7c95-55f5-badc-402c3013b146,da1fe6a7-058c-5ad3-a10e-f529804a44b5,2024-11-08,14:00:00,15:30:00,25,APROBADA
18bef14d-5493-5500-8582-780a6a5ac08c,6903b35b-c2a6-5770-98e5-743c2bc06b45,2024-09-04,14:30:00,15:30:00,33,APROBADA
2529a5b6-fd29-5fe8-80d9-65e3191159ea,b46607fb-d28f-5c06-a3a8-091cb9d995ec,2025-01-10,17:30:00,20:30:00,25,APROBADA
6f8d7b35-09c2-5397-ba63-1a58901d41d4,2574a671-d58d-5db3-8c9f-2518d8a8d790,2024-08-25,09:30:00,11:30:00,37,APROBADA
e91eaca6-0394-5edc-8fe7-3f7c778c3664,e5da4cff-29aa-5f05-8532-70f093603e74,2024-12-18,18:00:00,19:00:00,32,APROBADA
7d4a7eb4-a169-5c25-b3bf-92fafb646681,45b00d8f-2f79-52ba-8b17-e7d6ee0b476f,2024-12-12,08:30:00,10:00:00,26,APROBADA
1bda9e71-c4c5-521e-acfa-86b87bbafa93,d76d770e-14c2-5fea-bf8b-28f95250e124,2024-10-01,09:00:00,10:00:00,39,APROBADA
b283ad9f-7aa4-5f98-8d4d-fd5f640b4d57,23c254ed-4635-5cec-baa9-656efa7fd130,2024-11-11,17:30:00,19:30:00,25,APROBADA
852d0080-9b95-57f9-8f78-bbd09927eabf,e5da4cff-29aa-5f05-8532-70f093603e74,2024-07-30,07:30:00,10:30:00,26,APROBADA
bdcfed93-5c18-5e27-ad5b-bbe41b5a8791,7bcb3d0c-2500-5f01-abe8-d24e962af50e,2025-01-27,18:00:00,19:00:00,25,APROBADA
c1189364-71ad-589e-b841-8495a960df0a,1a0b71d7-4721-5998-bd82-de26b25b5771,2025-04-20,18:00:00,19:30:00,31,APROBADA
72e83220-28d4-5a0b-adac-d31efea8a771,1dee66e3-0076-5033-8ba0-70dd67e8aea0,2025-06-01,08:30:00,11:30:00,39,APROBADA
9bf102a0-92be-584c-9553-e6b561f509b7,23c254ed-4635-5cec-baa9-656efa7fd130,2025-03-03,11:00:00,12:30:00,30,APROBADA
a1a056a8-116d-51b1-b6bc-16613cdbf969,a22ee2bf-332c-5ac1-ae12-28ce7b0033a1,2025-03-14,17:30:00,18:30:00,35,APROBADA
c8ec0982-2cdd-5203-a078-74bcf633551e,6c814918-8ba0-52cc-9377-6d60b7946f8b,2025-06-21,09:00:00,10:30:00,36,APROBADA
4f06cb5c-86e8-539e-bd8e-a14ebf2b0aac,8fd4b53b-1d49-5307-8a1a-e184999a4434,2024-11-02,17:30:00,18:30:00,25,APROBADA
7584f26f-489d-538e-a781-f7abec7a98f6,c1489a8f-1dff-511e-b025-5a10261901d7,2024-09-29,17:00:00,20:00:00,26,APROBADA
3ddc24f4-89f8-58fe-92e1-005e550b77ba,d7ce39c6-be5b-537a-ae81-d449a1710ff2,2024-12-19,14:00:00,15:30:00,41,APROBADA
234a3e4b-0185-5a53-8681-070b0e4d9eb6,d76d770e-14c2-5fea-bf8b-28f95250e124,2024-11-08,10:30:00,11:30:00,36,APROBADA
fa6712a7-d072-598b-afb7-7065d9696fbf,ef815f08-b586-5f03-964a-a08004eaebf3,2025-01-02,15:30:00,17:00:00,30,APROBADA
b12d5b28-6b90-50cd-aa08-e719c41d9d33,706ea773-fd09-5587-a465-302616f9d571,2025-06-01,09:30:00,11:30:00,39,APROBADA
b512a7f7-c7b5-5530-946f-5face0c41587,e5da4cff-29aa-5f05-8532-70f093603e74,2025-04-22,18:30:00,20:30:00,38,APROBADA
df032f23-90d9-51cf-bf8e-8c58d01d431a,0880d439-8834-59c1-bfce-e7f3da722b3f,2024-10-31,14:30:00,15:30:00,40,APROBADA
8450aeaa-3074-557f-8735-b26f0986fed0,da1fe6a7-058c-5ad3-a10e-f529804a44b5,2025-02-13,16:30:00,18:00:00,35,APROBADA
51ef5f33-b627-5197-bff6-0f25804cac0f,d76d770e-14c2-5fea-bf8b-28f95250e124,2025-02-12,07:30:00,09:00:00,38,APROBADA
2953fabb-f38c-5044-9dbf-cc0908ce941d,da1fe6a7-058c-5ad3-a10e-f529804a44b5,2025-04-20,09:30:00,11:00:00,30,APROBADA
9ec459c8-9da9-566a-a1ae-2a9db2f64de1,d7ce39c6-be5b-537a-ae81-d449a1710ff2,2024-10-16,19:00:00,20:30:00,28,APROBADA
b4cd73c6-666d-5e01-a7be-c863ab822fe3,0880d439-8834-59c1-bfce-e7f3da722b3f,2025-05-07,14:00:00,17:00:00,29,APROBADA
c317aabb-e05d-5295-91c4-704ff3858abf,6d481120-dab0-50c8-8f1b-33cf911e9573,2024-10-06,14:00:00,16:00:00,25,APROBADA
dea3ceda-655a-5192-9b85-c592c9583d69,7bcb3d0c-2500-5f01-abe8-d24e962af50e,2024-12-28,18:00:00,19:00:00,32,APROBADA
dffbf46d-6ae9-5384-ae24-028751e26a20,a22ee2bf-332c-5ac1-ae12-28ce7b0033a1,2024-11-06,08:30:00,10:00:00,34,APROBADA
196ea919-44a6-5f51-8677-cbb69dcf789b,1a0b71d7-4721-5998-bd82-de26b25b5771,2025-01-08,18:00:00,20:00:00,45,APROBADA
53dee677-5f2f-59c3-9370-3b73f0b4b901,7d424b25-0f98-5f10-b2a8-ed9ddcd33e7a,2025-04-22,12:30:00,13:30:00,37,APROBADA
1228ddc9-a6e5-5b66-9da2-f286384fe0af,eb4139b4-3715-5623-a990-d045271440a9,2025-03-02,15:00:00,16:30:00,28,APROBADA
f9db6f4e-50aa-5118-9c0b-256f1bf7e631,4b4a10f4-36fa-5109-bc5d-14e24370c164,2025-02-18,07:30:00,08:30:00,26,APROBADA
4d003bf6-ecbf-5b63-bc4d-e43606f44942,d7ce39c6-be5b-537a-ae81-d449a1710ff2,2025-05-25,09:00:00,11:00:00,41,APROBADA
c485b728-a321-5d42-91d4-20027c5eeded,05a1191e-b84b-597d-b970-b04889cc30ee,2025-02-11,12:30:00,14:30:00,35,APROBADA
caba302b-b5e0-51f8-b447-ab318f5298a4,1dee66e3-0076-5033-8ba0-70dd67e8aea0,2025-06-08,08:30:00,11:30:00,34,APROBADA
cef75c3b-76cd-5220-9cec-d6d07b2bffd8,d056b3a8-8204-507a-b6c1-1f1203a87651,2024-12-07,11:00:00,12:30:00,25,APROBADA
2858a59a-667f-5003-8468-ae790a85dcb8,6c814918-8ba0-52cc-9377-6d60b7946f8b,2024-11-07,19:00:00,20:30:00,31,APROBADA
a60ac22a-4c35-514d-bd08-583fb5db10ee,8fd4b53b-1d49-5307-8a1a-e184999a4434,2025-01-02,09:00:00,12:00:00,29,APROBADA
defb2f86-3def-57f5-a5f0-8ab2555c13f7,b8969593-19a7-5a43-84c0-d52e63ac0cb4,2024-12-03,18:30:00,21:30:00,27,APROBADA
6ff3d9e5-1819-516d-b4d0-96568baa9e0e,e5da4cff-29aa-5f05-8532-70f093603e74,2025-04-29,10:00:00,12:00:00,34,APROBADA
0f99f608-7bf5-516f-99ed-c61865c9d46b,10225e74-7c22-5384-8cdc-396a168ec651,2024-07-10,14:00:00,16:00:00,29,APROBADA
0a6ae7ed-1bf6-5dd9-ac19-b082c2dfe4d6,d7ce39c6-be5b-537a-ae81-d449a1710ff2,2024-09-18,16:00:00,17:30:00,37,APROBADA
6e2d9c89-2141-5210-9d51-1aed12a7dd6f,e5da4cff-29aa-5f05-8532-70f093603e74,2025-05-25,18:00:00,21:00:00,34,APROBADA
d25f80b1-d97b-541f-b421-9cda18e2c6d0,1dee66e3-0076-5033-8ba0-70dd67e8aea0,2024-12-27,17:30:00,20:30:00,27,APROBADA
39b1e120-e1c7-52b3-bfaa-d41e2ef1fa98,05a1191e-b84b-597d-b970-b04889cc30ee,2024-08-10,18:00:00,19:30:00,35,APROBADA
1bc7b75a-1f53-50d2-92be-424f486b8ae3,0880d439-8834-59c1-bfce-e7f3da722b3f,2025-03-09,08:30:00,10:30:00,43,APROBADA
c7d3c56b-69c0-5654-8f79-31c0b612b4ef,c1489a8f-1dff-511e-b025-5a10261901d7,2025-06-23,09:00:00,10:30:00,26,APROBADA
b014aa77-8cb9-5c09-8909-e85f079ebadc,da1fe6a7-058c-5ad3-a10e-f529804a44b5,2024-11-19,14:00:00,16:00:00,26,APROBADA
6f463fde-9816-5f20-93c2-3e3e73c70b72,7d424b25-0f98-5f10-b2a8-ed9ddcd33e7a,2024-12-26,11:00:00,14:00:00,37,APROBADA
320a34db-06d2-5609-8121-d0aebaab064e,7d424b25-0f98-5f10-b2a8-ed9ddcd33e7a,2025-04-03,17:30:00,19:00:00,31,APROBADA
4ed5633f-d42d-5619-8883-abc1d8a4107b,c1489a8f-1dff-511e-b025-5a10261901d7,2024-08-21,12:00:00,13:00:00,25,APROBADA
3f6d20cd-952d-50bd-ba46-785b1b5b5883,10225e74-7c22-5384-8cdc-396a168ec651,2024-09-16,07:00:00,10:00:00,26,APROBADA
8ffae73c-0a3d-5f72-8e2e-d456f5abbbad,2574a671-d58d-5db3-8c9f-2518d8a8d790,2024-10-22,19:00:00,20:30:00,32,APROBADA
792b28cf-5703-5f16-bdf0-75deb10fdb8d,7bcb3d0c-2500-5f01-abe8-d24e962af50e,2024-10-07,18:30:00,21:30:00,30,APROBADA
59a32768-d0a8-58c1-9351-42b5856bfdd9,7d424b25-0f98-5f10-b2a8-ed9ddcd33e7a,2024-12-29,18:30:00,21:30:00,40,APROBADA
c5fa5f65-2471-5832-b6e8-48cf3a7cbc91,e5da4cff-29aa-5f05-8532-70f093603e74,2024-09-11,11:30:00,14:30:00,30,APROBADA
d62af6ca-c2da-5872-9982-0f8927e831ee,b8969593-19a7-5a43-84c0-d52e63ac0cb4,2024-09-16,08:00:00,10:00:00,27,APROBADA
7a50b2a1-300b-5f01-9d80-085ff05b00e4,1dee66e3-0076-5033-8ba0-70dd67e8aea0,2025-02-19,07:00:00,09:00:00,26,APROBADA
d9d6051e-0460-5427-9bf2-d1826b5685c3,0880d439-8834-59c1-bfce-e7f3da722b3f,2025-04-09,14:30:00,17:30:00,41,APROBADA
9a91a9a6-ce75-5497-adf9-ec607759b72a,10225e74-7c22-5384-8cdc-396a168ec651,2025-05-18,16:00:00,17:00:00,33,APROBADA
b20619df-cacf-5efc-b624-b62ad5761994,7d424b25-0f98-5f10-b2a8-ed9ddcd33e7a,2025-02-18,07:30:00,10:30:00,37,APROBADA
b1c25f47-1289-55d0-8e42-d473ed1154b7,1a0b71d7-4721-5998-bd82-de26b25b5771,2024-08-21,10:00:00,12:00:00,30,APROBADA
acc4bc61-bb8d-5685-b0e9-abdbd8246dd9,d7ce39c6-be5b-537a-ae81-d449a1710ff2,2024-10-17,07:00:00,08:30:00,38,APROBADA
ac480de9-d09e-5c05-aa14-bfd015d88cdc,7d424b25-0f98-5f10-b2a8-ed9ddcd33e7a,2024-12-27,18:30:00,20:00:00,30,APROBADA
84689f00-5e3c-51e1-9b86-bc8ae3fb4e61,8fd4b53b-1d49-5307-8a1a-e184999a4434,2025-06-30,08:00:00,11:00:00,30,APROBADA
664ac226-05d7-532d-b324-9cf6b892762f,eb4139b4-3715-5623-a990-d045271440a9,2024-09-17,09:30:00,12:30:00,32,APROBADA
93c02ef8-eb5a-5bea-8cd4-918ba7913d6c,d76d770e-14c2-5fea-bf8b-28f95250e124,2024-09-04,12:30:00,14:30:00,32,APROBADA
5557106b-b0fa-58c3-b149-5806d07b538c,e5da4cff-29aa-5f05-8532-70f093603e74,2025-01-16,07:30:00,09:30:00,36,APROBADA
1efd3448-95fa-5e1f-a652-7ad3d8ec511e,706ea773-fd09-5587-a465-302616f9d571,2024-07-12,10:30:00,11:30:00,38,APROBADA
7020cd10-9666-5a6c-af3b-24c5a8173837,d7ce39c6-be5b-537a-ae81-d449a1710ff2,2025-04-17,19:00:00,21:00:00,27,APROBADA
fd0b116d-77d4-5f98-9642-be96a7a50177,6903b35b-c2a6-5770-98e5-743c2bc06b45,2024-10-12,11:00:00,14:00:00,26,APROBADA
10a15f2c-b43a-5296-8742-f4e0fdc3ab9a,6903b35b-c2a6-5770-98e5-743c2bc06b45,2024-09-01,17:00:00,19:00:00,25,APROBADA
4cb5f5d0-e0d2-5299-9717-5003be1367b1,a22ee2bf-332c-5ac1-ae12-28ce7b0033a1,2025-04-24,18:00:00,19:30:00,27,APROBADA
44454506-55a0-52fd-898f-ae43ec253410,6903b35b-c2a6-5770-98e5-743c2bc06b45,2024-10-25,19:00:00,20:00:00,32,APROBADA
0278e9b3-30f3-5e82-95ca-23cfaf8e40da,c1489a8f-1dff-511e-b025-5a10261901d7,2024-11-17,17:00:00,19:00:00,27,APROBADA
ee2d9ab9-df3b-5edf-ad3e-c2468847e362,2574a671-d58d-5db3-8c9f-2518d8a8d790,2024-10-05,10:30:00,12:30:00,29,APROBADA
25866777-3116-5738-87a3-cab8905d9389,dd609563-702d-543d-a49a-0ce27a83f234,2024-11-21,11:00:00,12:30:00,40,APROBADA
9af89238-7e49-5a2d-926e-52f9daf10584,da1fe6a7-058c-5ad3-a10e-f529804a44b5,2024-07-19,13:30:00,15:30:00,31,APROBADA
c262c405-8b60-51af-9145-36e9a5216e99,b46607fb-d28f-5c06-a3a8-091cb9d995ec,2025-04-25,10:00:00,11:30:00,27,APROBADA
afc293fb-3651-50be-bd2c-56a7df0b6bbd,6903b35b-c2a6-5770-98e5-743c2bc06b45,2025-04-23,10:30:00,12:00:00,34,APROBADA
408c17b8-c5e2-5661-ba7a-a95793a95a22,4b4a10f4-36fa-5109-bc5d-14e24370c164,2025-06-14,15:30:00,18:30:00,29,APROBADA
89d63a44-ee7b-55aa-81e5-5018530a70e4,7d424b25-0f98-5f10-b2a8-ed9ddcd33e7a,2025-05-01,14:30:00,16:00:00,36,APROBADA
ece33118-c20e-55b3-a40a-4f8f14395eb5,7d424b25-0f98-5f10-b2a8-ed9ddcd33e7a,2025-05-18,09:30:00,10:30:00,27,APROBADA
d28d24c8-d752-53da-90db-6aaf6b1202de,0880d439-8834-59c1-bfce-e7f3da722b3f,2024-08-30,09:30:00,11:30:00,30,APROBADA
dc7dd4a1-d043-5fa4-bef2-02df7318bbc6,b8969593-19a7-5a43-84c0-d52e63ac0cb4,2025-02-10,17:30:00,18:30:00,30,APROBADA
9e024598-646b-5d9a-9dae-2047ec4cfdfa,10225e74-7c22-5384-8cdc-396a168ec651,2025-06-27,12:30:00,13:30:00,30,APROBADA
0b303d24-ca3e-595e-9c70-ffb08b57fbd4,b8969593-19a7-5a43-84c0-d52e63ac0cb4,2025-02-25,10:30:00,13:30:00,29,APROBADA
24fe2a39-03f9-5f38-9c15-b5fbae1bb505,6d481120-dab0-50c8-8f1b-33cf911e9573,2025-06-06,13:30:00,16:30:00,37,APROBADA
c0f2bc62-e4ff-560f-98e7-d1fd7be33506,d056b3a8-8204-507a-b6c1-1f1203a87651,2024-10-07,16:00:00,18:00:00,25,APROBADA
cfa80f56-405f-5c8c-b63d-06626bd61fdb,1a0b71d7-4721-5998-bd82-de26b25b5771,2025-03-18,14:00:00,15:30:00,33,APROBADA
35207d93-d54c-5e09-80fc-11572eefec9e,7d424b25-0f98-5f10-b2a8-ed9ddcd33e7a,2024-12-07,16:00:00,17:30:00,37,APROBADA
6ab45c63-623d-5aea-b085-10effd7b2489,1dee66e3-0076-5033-8ba0-70dd67e8aea0,2024-12-15,18:30:00,20:30:00,35,APROBADA
b1bf9269-d1b8-579e-831b-4b779d98e9a8,4b4a10f4-36fa-5109-bc5d-14e24370c164,2024-07-26,14:00:00,16:00:00,25,APROBADA
a3f38a3e-0941-52c6-a7c9-998ce575b971,1dee66e3-0076-5033-8ba0-70dd67e8aea0,2025-01-10,09:30:00,11:30:00,42,APROBADA
00d4b2fb-8d21-57be-8cc9-5fc9ef3cdce8,1a0b71d7-4721-5998-bd82-de26b25b5771,2024-12-27,10:30:00,13:30:00,43,APROBADA
1d879435-d362-523b-8b3c-c6d5932e27d3,0880d439-8834-59c1-bfce-e7f3da722b3f,2024-07-01,09:30:00,11:30:00,40,APROBADA
72d9e358-4513-588e-b429-2a9150850093,45b00d8f-2f79-52ba-8b17-e7d6ee0b476f,2025-06-18,09:00:00,10:30:00,28,APROBADA
31772150-5f33-5753-b96f-facba65b4800,0880d439-8834-59c1-bfce-e7f3da722b3f,2024-10-18,11:30:00,13:00:00,39,APROBADA
cb9f70fa-e452-52df-8dec-c937be982be6,8fd4b53b-1d49-5307-8a1a-e184999a4434,2024-12-11,12:30:00,14:30:00,33,APROBADA
17427fb9-1fd0-5192-945b-fdce35f64539,6d481120-dab0-50c8-8f1b-33cf911e9573,2024-08-24,17:00:00,20:00:00,37,APROBADA
546bcfa6-d3a4-50ad-937e-97baa1c506a7,706ea773-fd09-5587-a465-302616f9d571,2024-07-16,17:00:00,19:00:00,32,APROBADA
703108bf-b0a8-594d-a51b-8ca0e1ac963c,f5e43a2a-032c-562e-837a-ff3c72abffb4,2024-09-19,10:30:00,13:30:00,29,APROBADA
4143cbd9-cabe-5f8a-81f1-adbc5ecb32e2,6903b35b-c2a6-5770-98e5-743c2bc06b45,2024-08-20,08:30:00,10:00:00,27,APROBADA
b0c21faf-8ae3-58b6-a176-bc8bf9fc2105,aad269e7-97f7-5e2d-9c43-cf84b49bd847,2025-06-23,18:00:00,20:00:00,27,APROBADA
6d8d5f46-8984-54f7-bded-55ee1990b29d,6d481120-dab0-50c8-8f1b-33cf911e9573,2025-01-14,07:30:00,09:30:00,39,APROBADA
f412dc40-b3a9-5bba-a684-406b1b54960a,7bcb3d0c-2500-5f01-abe8-d24e962af50e,2024-10-22,08:30:00,10:30:00,26,APROBADA
1c373881-9360-5a39-8a04-e149d3fc7a2e,d76d770e-14c2-5fea-bf8b-28f95250e124,2024-08-13,15:30:00,17:30:00,35,APROBADA
4cb5ccb7-d322-5703-a8ac-006947c3ffdc,b46607fb-d28f-5c06-a3a8-091cb9d995ec,2025-06-10,10:30:00,11:30:00,31,APROBADA
68b85fd9-a312-5c4d-a4b5-1fddf83078d6,8fd4b53b-1d49-5307-8a1a-e184999a4434,2024-12-21,14:30:00,16:30:00,30,APROBADA
bcd92d7b-4dbf-56bc-93ac-ce38d3075801,10225e74-7c22-5384-8cdc-396a168ec651,2025-04-20,08:00:00,09:00:00,35,APROBADA
9a82e1a5-d80e-54d0-a6a5-b51b6f835148,05a1191e-b84b-597d-b970-b04889cc30ee,2024-07-20,12:00:00,15:00:00,28,APROBADA
03ff2aa6-e35d-5ac6-9489-198213339aeb,8fd4b53b-1d49-5307-8a1a-e184999a4434,2024-11-06,13:30:00,14:30:00,36,APROBADA
d07dd46e-f542-5c0a-8a3a-ec61ded2bf6d,7d424b25-0f98-5f10-b2a8-ed9ddcd33e7a,2025-02-08,16:30:00,19:30:00,40,APROBADA
b5862678-dfa7-57c1-9092-51e24774ab7c,05a1191e-b84b-597d-b970-b04889cc30ee,2025-02-25,09:00:00,12:00:00,26,APROBADA
be9f9ba0-78a1-599e-869e-08eb3948395e,1a0b71d7-4721-5998-bd82-de26b25b5771,2024-08-01,14:30:00,16:30:00,40,APROBADA
0fa6d673-a8ea-515e-a837-2173cb6580a7,a40fe9f0-87fa-5853-968f-5cedd5939e8a,2024-08-20,19:00:00,20:00:00,25,APROBADA
0fec1da0-39dc-5d62-8f77-0fe56597b7b9,d7ce39c6-be5b-537a-ae81-d449a1710ff2,2025-03-11,15:00:00,18:00:00,28,APROBADA
f6b6a592-b07c-5ef7-86a5-4fc92051db84,e5da4cff-29aa-5f05-8532-70f093603e74,2024-08-19,19:00:00,20:00:00,31,APROBADA
195efb28-de9a-5d8c-81f9-8925639f6b55,ef815f08-b586-5f03-964a-a08004eaebf3,2025-01-17,12:00:00,15:00:00,35,APROBADA
12a8dd48-7da7-5ff7-bd51-d1366be314ac,0880d439-8834-59c1-bfce-e7f3da722b3f,2024-10-27,16:30:00,18:30:00,32,APROBADA
4be3e045-58c9-5726-b475-b2ea87621e3b,2574a671-d58d-5db3-8c9f-2518d8a8d790,2025-06-08,15:00:00,18:00:00,26,APROBADA
1bcf254b-9baf-5105-b5bd-530d9d4431c8,706ea773-fd09-5587-a465-302616f9d571,2024-10-12,18:30:00,20:30:00,33,APROBADA
dd62f7a5-b84d-5f45-9a4a-d7b17e22d089,b46607fb-d28f-5c06-a3a8-091cb9d995ec,2024-12-09,13:30:00,16:30:00,30,APROBADA
032184fa-66da-572b-a275-3e6f9c698f03,ef815f08-b586-5f03-964a-a08004eaebf3,2025-01-29,14:00:00,17:00:00,33,APROBADA
f5aba2fe-2fe6-5590-add3-b63bce47f138,1a0b71d7-4721-5998-bd82-de26b25b5771,2025-02-18,13:00:00,14:00:00,26,APROBADA
aaa25e85-0e98-5e6e-a8a4-a0b64a005153,2574a671-d58d-5db3-8c9f-2518d8a8d790,2025-04-20,12:00:00,13:30:00,38,APROBADA
78fa7664-91ef-57a2-8236-10fec7ba507f,1a0b71d7-4721-5998-bd82-de26b25b5771,2025-05-19,17:00:00,18:00:00,30,APROBADA
0ffb5bf6-122a-594c-bdce-4fcacb964999,1dee66e3-0076-5033-8ba0-70dd67e8aea0,2025-03-09,18:30:00,21:30:00,44,APROBADA
71aecd17-c199-58c9-bafa-9a848083f8f6,d76d770e-14c2-5fea-bf8b-28f95250e124,2024-11-07,16:00:00,17:30:00,30,APROBADA
b1fae24b-b6fa-5d2c-836e-5b6832fdbc6d,b46607fb-d28f-5c06-a3a8-091cb9d995ec,2024-12-04,08:30:00,10:30:00,27,APROBADA
040e1d23-a1f9-58e7-8108-8d7e69fcac1a,4b4a10f4-36fa-5109-bc5d-14e24370c164,2024-12-26,07:30:00,09:00:00,32,APROBADA
26827b7f-6e90-5fe4-b119-79929ee2277c,c1489a8f-1dff-511e-b025-5a10261901d7,2025-02-08,11:00:00,14:00:00,27,APROBADA
10216d50-4678-57cc-b047-3daa75386469,0880d439-8834-59c1-bfce-e7f3da722b3f,2024-07-01,10:30:00,12:00:00,27,APROBADA
7f215a02-5192-5be3-8af4-b592baa1359d,c1489a8f-1dff-511e-b025-5a10261901d7,2025-01-29,11:00:00,12:30:00,30,APROBADA
109be09b-870c-5a30-9484-f0d3cf851236,c1489a8f-1dff-511e-b025-5a10261901d7,2024-11-26,13:00:00,16:00:00,27,APROBADA
7077f903-652e-5114-82c5-612e74dfd1e8,aad269e7-97f7-5e2d-9c43-cf84b49bd847,2024-12-25,08:30:00,11:30:00,28,APROBADA
4d04ea49-0961-51a0-9e6c-e7fdb3101fdf,eb4139b4-3715-5623-a990-d045271440a9,2024-08-10,14:30:00,16:30:00,32,APROBADA
0e15e9e2-92a2-5102-b6bb-4e77f2234b19,a40fe9f0-87fa-5853-968f-5cedd5939e8a,2025-02-10,17:30:00,18:30:00,26,APROBADA
2bd7dd77-fbf9-5bb8-bf78-528e32311130,6d481120-dab0-50c8-8f1b-33cf911e9573,2024-08-15,13:30:00,14:30:00,34,APROBADA
c7f4c7dc-828e-56d1-a009-a8aa7903fe4e,0880d439-8834-59c1-bfce-e7f3da722b3f,2024-08-28,07:00:00,09:00:00,41,APROBADA
210e5588-b4e1-52c1-83b9-86a64bd49f84,a40fe9f0-87fa-5853-968f-5cedd5939e8a,2025-01-15,10:30:00,11:30:00,30,APROBADA
257d7837-bee4-5779-85e3-8e70daf54993,d76d770e-14c2-5fea-bf8b-28f95250e124,2025-03-23,08:00:00,09:30:00,26,APROBADA
fa7fd8d4-feb0-5594-964b-9616af2e9e55,23c254ed-4635-5cec-baa9-656efa7fd130,2025-03-18,15:30:00,16:30:00,31,APROBADA
ddb8f7ac-3926-556e-8db9-ee0e19809267,0880d439-8834-59c1-bfce-e7f3da722b3f,2025-01-26,10:30:00,13:30:00,27,APROBADA
af13b1c2-505e-554e-b858-1fed5ee6c788,1dee66e3-0076-5033-8ba0-70dd67e8aea0,2024-09-01,16:30:00,17:30:00,41,APROBADA
cebaca21-9d2c-59bf-9da9-753a1bb0f26e,6903b35b-c2a6-5770-98e5-743c2bc06b45,2024-10-12,15:30:00,17:30:00,34,APROBADA
b1d45e74-d9d7-51c8-be59-be332684b81e,6d481120-dab0-50c8-8f1b-33cf911e9573,2024-12-28,11:30:00,12:30:00,45,APROBADA
3042ab4d-a557-50cf-b84f-14282302ff39,7bcb3d0c-2500-5f01-abe8-d24e962af50e,2024-12-31,12:30:00,13:30:00,28,APROBADA
f17c3d20-d5e6-5920-8ea6-80e5319df197,2574a671-d58d-5db3-8c9f-2518d8a8d790,2025-06-25,14:30:00,16:00:00,27,APROBADA
7567d33f-f6e3-5444-927a-cffb7a811aed,d7ce39c6-be5b-537a-ae81-d449a1710ff2,2025-01-25,13:00:00,14:30:00,25,APROBADA
b5de5bad-9f93-5454-adfc-af1f3a272132,4b4a10f4-36fa-5109-bc5d-14e24370c164,2025-04-08,12:00:00,13:00:00,25,APROBADA
91c412a7-e833-5d15-880e-81bdf55fa3f4,f5e43a2a-032c-562e-837a-ff3c72abffb4,2025-06-25,19:00:00,21:00:00,25,APROBADA
74794df4-3fa1-528f-aa2d-72e526951b8d,1dee66e3-0076-5033-8ba0-70dd67e8aea0,2024-11-06,19:00:00,20:30:00,30,APROBADA
76cccbb2-9e79-5b8e-9901-b3adc55cb899,4b4a10f4-36fa-5109-bc5d-14e24370c164,2025-05-06,15:00:00,18:00:00,25,APROBADA
2625aa30-e951-558a-b299-7cb150aab16c,a22ee2bf-332c-5ac1-ae12-28ce7b0033a1,2024-08-24,13:00:00,16:00:00,36,APROBADA
b2c226f4-2654-5a30-a007-c03934c45231,ef815f08-b586-5f03-964a-a08004eaebf3,2024-12-17,09:00:00,10:00:00,34,APROBADA
41118ad4-03f2-5704-b4ba-0ff7932928e7,b46607fb-d28f-5c06-a3a8-091cb9d995ec,2025-04-20,10:00:00,12:00:00,36,APROBADA
61a4523b-18b9-52df-8d9a-ff62530996d1,b8969593-19a7-5a43-84c0-d52e63ac0cb4,2024-12-29,10:00:00,11:30:00,27,APROBADA
b791df66-217c-5c76-a3b4-db8970515e14,1dee66e3-0076-5033-8ba0-70dd67e8aea0,2025-05-24,11:30:00,13:30:00,40,APROBADA
8b06f885-3546-51ed-84a5-6ef4b1a694da,dd609563-702d-543d-a49a-0ce27a83f234,2024-12-15,10:30:00,11:30:00,27,APROBADA
0be40ce4-7128-5e02-90f5-0ea7c9f7efdb,1a0b71d7-4721-5998-bd82-de26b25b5771,2025-01-08,09:00:00,10:30:00,29,APROBADA
bec8962f-8660-5db8-aec1-b75caec6cbc4,1dee66e3-0076-5033-8ba0-70dd67e8aea0,2024-12-19,09:00:00,10:00:00,29,APROBADA
e1bae356-f70d-5138-970e-7d43e40a9871,6903b35b-c2a6-5770-98e5-743c2bc06b45,2025-03-25,07:00:00,08:00:00,30,APROBADA
796afde7-49d3-5173-b454-771886de896a,7bcb3d0c-2500-5f01-abe8-d24e962af50e,2024-07-23,13:00:00,14:30:00,30,APROBADA
d4ad0fe2-46b6-5da3-beca-735449a46e8b,c1489a8f-1dff-511e-b025-5a10261901d7,2025-05-01,10:30:00,12:00:00,27,APROBADA
44d7f428-8ccd-5ddc-98a5-f50f33c36668,1dee66e3-0076-5033-8ba0-70dd67e8aea0,2024-11-12,10:00:00,11:00:00,43,APROBADA
29d7d885-8ba5-5fd3-b1ae-e4e5f4198d0a,dd609563-702d-543d-a49a-0ce27a83f234,2025-05-17,19:00:00,22:00:00,36,APROBADA
26c939cb-b264-5ca0-802a-27f96ae32633,6d481120-dab0-50c8-8f1b-33cf911e9573,2025-04-05,12:00:00,13:00:00,45,APROBADA
c1e8afab-011b-5863-a39d-65e11b63a2b3,6c814918-8ba0-52cc-9377-6d60b7946f8b,2025-02-18,16:30:00,19:30:00,38,APROBADA
0e2dffec-13d1-5021-bc2c-990b8020a924,dd609563-702d-543d-a49a-0ce27a83f234,2025-06-23,09:30:00,10:30:00,40,APROBADA
42214a48-1aaf-56f4-a48a-218df30b2c77,6c814918-8ba0-52cc-9377-6d60b7946f8b,2024-12-20,18:30:00,20:00:00,30,APROBADA
3de44792-8194-5e0a-8f5e-61fd3ca5f0e5,1a0b71d7-4721-5998-bd82-de26b25b5771,2025-05-30,15:30:00,17:00:00,27,APROBADA
744d2681-7888-5516-9fbd-b2658d9a6b7b,6c814918-8ba0-52cc-9377-6d60b7946f8b,2024-11-13,08:00:00,09:00:00,34,APROBADA
798473fe-547a-523c-ad6d-f4495d258b4a,4b4a10f4-36fa-5109-bc5d-14e24370c164,2025-03-26,09:00:00,10:00:00,30,APROBADA
162d5855-c610-5350-9269-1a156ad154a6,dd609563-702d-543d-a49a-0ce27a83f234,2025-05-12,17:00:00,18:00:00,27,APROBADA
a66ae15a-03a5-5c03-b439-78d26515b040,45b00d8f-2f79-52ba-8b17-e7d6ee0b476f,2025-03-14,10:00:00,12:00:00,28,APROBADA
1999cdf3-25ee-5e6c-9eee-5ad4badd0744,45b00d8f-2f79-52ba-8b17-e7d6ee0b476f,2025-06-23,12:30:00,14:30:00,29,APROBADA
907c5b7d-43c5-5010-a45f-6f7ed46d6fd7,e5da4cff-29aa-5f05-8532-70f093603e74,2024-10-05,15:00:00,16:30:00,33,APROBADA
960b708b-4f8b-5abd-b47a-69b16a6bf795,a40fe9f0-87fa-5853-968f-5cedd5939e8a,2024-07-24,11:00:00,12:30:00,29,APROBADA
937f92a9-9ec7-5105-9c07-d08e0be5220b,05a1191e-b84b-597d-b970-b04889cc30ee,2025-01-23,12:00:00,14:00:00,30,APROBADA
52310dd6-18e1-5309-b124-40a02cbfb24a,dd609563-702d-543d-a49a-0ce27a83f234,2025-01-26,17:00:00,18:30:00,36,APROBADA
a82a5303-7abf-516a-8361-77fe89da9c89,6d481120-dab0-50c8-8f1b-33cf911e9573,2025-06-21,14:30:00,17:30:00,37,APROBADA
8d42ef86-6ccc-5941-9ad6-c7c2e5e3d587,7d424b25-0f98-5f10-b2a8-ed9ddcd33e7a,2024-08-05,18:00:00,20:00:00,32,APROBADA
705b03da-2707-54a1-930a-0820d5b30d2b,e5da4cff-29aa-5f05-8532-70f093603e74,2025-03-15,13:00:00,16:00:00,32,APROBADA
3b0aae33-002a-5eca-93bd-2652eaa00d26,da1fe6a7-058c-5ad3-a10e-f529804a44b5,2025-05-10,19:00:00,20:00:00,27,APROBADA
1ba3f10b-6835-5e25-a3e1-f2e08a52e146,a40fe9f0-87fa-5853-968f-5cedd5939e8a,2025-01-03,12:30:00,13:30:00,29,APROBADA
98faf693-99ef-5896-bbd9-c7854ea2b178,b8969593-19a7-5a43-84c0-d52e63ac0cb4,2025-06-05,15:30:00,16:30:00,28,APROBADA
1a4aeba4-e074-541e-b1ee-a2c7c0a8cb38,ef815f08-b586-5f03-964a-a08004eaebf3,2024-09-07,10:00:00,11:00:00,28,APROBADA
f25e22c3-04d5-5401-a171-73bb79e979d2,dd609563-702d-543d-a49a-0ce27a83f234,2025-05-26,14:00:00,16:00:00,39,APROBADA
4c2db55e-a0a8-543f-a218-b899a0652b61,2574a671-d58d-5db3-8c9f-2518d8a8d790,2025-04-16,19:00:00,21:00:00,39,APROBADA
023f4199-9462-556e-a3a7-8ef6b4420738,6c814918-8ba0-52cc-9377-6d60b7946f8b,2025-03-25,14:00:00,17:00:00,40,APROBADA
5f8209d4-2ccb-5194-9358-b64640bb64ce,c1489a8f-1dff-511e-b025-5a10261901d7,2024-09-13,09:30:00,10:30:00,30,APROBADA
1a94877b-6d4b-5794-abbf-aa3a8fa6cf3a,6c814918-8ba0-52cc-9377-6d60b7946f8b,2025-05-27,07:00:00,10:00:00,38,APROBADA
b8a71ea2-1580-524e-a7bf-e898d0a23d08,a40fe9f0-87fa-5853-968f-5cedd5939e8a,2025-01-22,12:00:00,13:00:00,28,APROBADA
75bf2253-c894-58e2-9779-43b3e016dc02,05a1191e-b84b-597d-b970-b04889cc30ee,2024-08-21,13:30:00,14:30:00,30,APROBADA
1b8f1ec8-0572-51e2-a3bf-324ec571ae25,a40fe9f0-87fa-5853-968f-5cedd5939e8a,2025-02-23,13:00:00,15:00:00,31,APROBADA
2d16aaaa-a02e-5a5d-b043-643ecea8d639,7d424b25-0f98-5f10-b2a8-ed9ddcd33e7a,2024-08-20,19:00:00,20:00:00,33,APROBADA
febd1e06-23b4-5982-a33f-160ad8c0af21,6c814918-8ba0-52cc-9377-6d60b7946f8b,2025-01-11,14:30:00,16:30:00,25,APROBADA
c6ef2196-f4ac-5f45-b39c-dc19c3f51312,aad269e7-97f7-5e2d-9c43-cf84b49bd847,2024-11-14,12:00:00,15:00:00,27,APROBADA
acab4329-bcc7-54bb-b029-2006904aa2b0,10225e74-7c22-5384-8cdc-396a168ec651,2025-05-06,07:30:00,10:30:00,26,APROBADA
8346b7ba-eac4-58be-a4a4-cf135e839e6d,6d481120-dab0-50c8-8f1b-33cf911e9573,2024-10-23,08:30:00,10:00:00,29,APROBADA
4a2d82bd-3d11-5aee-97bc-674a1c2a4112,7d424b25-0f98-5f10-b2a8-ed9ddcd33e7a,2025-03-03,15:00:00,17:00:00,27,APROBADA
61486632-9864-5006-8aab-5a2ff5d2fcc5,b46607fb-d28f-5c06-a3a8-091cb9d995ec,2025-02-22,08:30:00,09:30:00,30,APROBADA
0ea1058b-2038-5cc2-9a47-9794145e8f0c,a40fe9f0-87fa-5853-968f-5cedd5939e8a,2025-02-07,16:00:00,17:30:00,28,APROBADA
fbece07f-cc5a-5c84-9573-4a9fa579cb6b,a40fe9f0-87fa-5853-968f-5cedd5939e8a,2024-07-07,17:30:00,19:00:00,26,APROBADA
df6a6e1c-8402-508d-9135-b90ba263b0aa,05a1191e-b84b-597d-b970-b04889cc30ee,2025-01-12,15:30:00,16:30:00,32,APROBADA
c4c7b345-6619-5b5a-b1a8-588ce4ce2b7e,8fd4b53b-1d49-5307-8a1a-e184999a4434,2025-02-24,15:30:00,18:30:00,25,APROBADA
c6d57260-0e9f-5b52-84e3-58b0a562d4ae,da1fe6a7-058c-5ad3-a10e-f529804a44b5,2024-07-28,15:30:00,16:30:00,27,APROBADA
fc46f067-881b-5982-be3d-cee8e9d5a739,6d481120-dab0-50c8-8f1b-33cf911e9573,2025-04-03,13:00:00,16:00:00,36,APROBADA
92a77df7-7571-52e1-b1f1-2b63918c5c47,7bcb3d0c-2500-5f01-abe8-d24e962af50e,2025-02-03,07:00:00,10:00:00,31,APROBADA
40a95417-98e0-5e3b-b912-cf5e889b0968,4b4a10f4-36fa-5109-bc5d-14e24370c164,2025-03-27,13:30:00,15:00:00,27,APROBADA
d4c618dc-f3cd-576f-b43f-3ddba8b198a7,6c814918-8ba0-52cc-9377-6d60b7946f8b,2024-07-04,10:00:00,12:00:00,27,APROBADA
74b09345-beac-597f-b008-cb75a18b2d0d,b8969593-19a7-5a43-84c0-d52e63ac0cb4,2025-06-04,17:00:00,18:30:00,29,APROBADA
c44d9745-442c-583c-b994-91175321d53e,da1fe6a7-058c-5ad3-a10e-f529804a44b5,2024-11-10,11:00:00,12:00:00,30,APROBADA
ffec9474-4e5a-52fc-b504-68d868e710c2,6d481120-dab0-50c8-8f1b-33cf911e9573,2024-11-25,13:00:00,14:30:00,38,APROBADA
604af239-7fad-58c8-9890-477381942a2a,b46607fb-d28f-5c06-a3a8-091cb9d995ec,2024-09-03,10:00:00,12:00:00,36,APROBADA
48e97111-e9d2-5c5b-acf7-d514a8f07a3b,45b00d8f-2f79-52ba-8b17-e7d6ee0b476f,2024-12-17,09:00:00,10:30:00,34,APROBADA
27c94da3-75f3-5c87-88db-4a44eb0e2841,7d424b25-0f98-5f10-b2a8-ed9ddcd33e7a,2025-06-06,07:00:00,09:00:00,36,APROBADA
b6dcc2b3-fb88-5366-9492-3faf1df5bc41,6903b35b-c2a6-5770-98e5-743c2bc06b45,2024-08-30,09:30:00,12:30:00,31,APROBADA
4155a5ab-cc48-55ee-a90f-b6bbe4cb9ec2,ef815f08-b586-5f03-964a-a08004eaebf3,2025-03-20,13:30:00,15:00:00,33,APROBADA
d0b1fa47-76d6-5277-90e8-f6fdcad4886b,6c814918-8ba0-52cc-9377-6d60b7946f8b,2025-03-04,09:00:00,10:30:00,33,APROBADA
c975f576-909e-5685-8553-9445907eedd5,aad269e7-97f7-5e2d-9c43-cf84b49bd847,2024-08-12,19:00:00,21:00:00,25,APROBADA
604218ff-9530-577c-944b-8eed6c48cc9d,e5da4cff-29aa-5f05-8532-70f093603e74,2025-02-08,13:30:00,16:30:00,32,APROBADA
bbe5f0c9-f12d-50fc-a5e1-cb08bea5971b,aad269e7-97f7-5e2d-9c43-cf84b49bd847,2024-11-01,15:30:00,16:30:00,28,APROBADA
971cbf44-71bb-5c87-86ac-db46a54f08c1,a22ee2bf-332c-5ac1-ae12-28ce7b0033a1,2025-03-02,14:30:00,16:30:00,35,APROBADA
28a47036-ca71-578d-9d93-8df62c69fa1d,7bcb3d0c-2500-5f01-abe8-d24e962af50e,2025-03-17,13:30:00,16:30:00,30,APROBADA
f027f1c1-6447-5088-9da4-995408ce64ee,6c814918-8ba0-52cc-9377-6d60b7946f8b,2025-03-31,14:00:00,16:00:00,25,APROBADA
88f85368-c328-579c-9a2b-1ef5056311a9,e5da4cff-29aa-5f05-8532-70f093603e74,2024-10-14,13:30:00,14:30:00,28,APROBADA
df2a25b3-c8e4-5f10-b77d-588fa1ef2255,0880d439-8834-59c1-bfce-e7f3da722b3f,2025-05-31,12:00:00,15:00:00,34,APROBADA
762ebffe-6b04-560f-85fc-a9ea6452eea0,a22ee2bf-332c-5ac1-ae12-28ce7b0033a1,2024-12-14,16:00:00,17:00:00,33,APROBADA
4a79cdc2-1af3-57d2-918c-26b8428153b0,4b4a10f4-36fa-5109-bc5d-14e24370c164,2024-08-24,10:00:00,13:00:00,27,APROBADA
f66332bc-650b-5229-b0d1-becbc021e5d2,7bcb3d0c-2500-5f01-abe8-d24e962af50e,2025-03-21,13:30:00,15:30:00,30,APROBADA
4660dd80-2c74-5ddf-9520-950bd35eeb99,7bcb3d0c-2500-5f01-abe8-d24e962af50e,2025-02-14,08:30:00,10:00:00,31,APROBADA
df244ffc-4244-5f9d-8943-b4a2ff895eaf,eb4139b4-3715-5623-a990-d045271440a9,2024-10-28,13:30:00,15:30:00,29,APROBADA
3149a9de-4284-5fec-8dd4-2ad8e9c7da44,6c814918-8ba0-52cc-9377-6d60b7946f8b,2024-11-15,12:00:00,13:30:00,31,APROBADA
f896b7cf-3286-55d1-8ba4-113f31016906,8fd4b53b-1d49-5307-8a1a-e184999a4434,2024-12-26,10:30:00,12:00:00,35,APROBADA
1ebfe990-eb03-5de6-82ae-5fb94862ffd1,eb4139b4-3715-5623-a990-d045271440a9,2025-03-29,15:30:00,18:30:00,31,APROBADA
98780e9a-dcbe-5e7a-89b9-5e1be4f204bb,45b00d8f-2f79-52ba-8b17-e7d6ee0b476f,2024-07-16,08:00:00,11:00:00,33,APROBADA
a9614440-5f90-503c-9e80-dfec6fb13d5e,2574a671-d58d-5db3-8c9f-2518d8a8d790,2024-09-08,19:00:00,20:00:00,36,APROBADA
9e55fa08-9045-592b-bfbf-e22e6c01ed02,6c814918-8ba0-52cc-9377-6d60b7946f8b,2024-12-28,18:00:00,21:00:00,39,APROBADA
3ac69e63-661e-5a17-9a3f-c0af0af517e6,05a1191e-b84b-597d-b970-b04889cc30ee,2024-08-20,09:00:00,10:00:00,36,APROBADA
1e2b74cc-d1a7-5e93-9c98-b283c45eaa0b,d056b3a8-8204-507a-b6c1-1f1203a87651,2024-10-15,12:00:00,13:30:00,26,APROBADA
1ae68451-6e04-58da-9e32-2316c7f0547a,6c814918-8ba0-52cc-9377-6d60b7946f8b,2025-02-23,11:00:00,14:00:00,30,APROBADA
a7856f3a-cacc-5a58-beaf-9c7f377d777f,6d481120-dab0-50c8-8f1b-33cf911e9573,2025-03-08,18:30:00,20:00:00,45,APROBADA
ce880ac2-dc0b-5898-a3fd-a2a0525ee4dc,ef815f08-b586-5f03-964a-a08004eaebf3,2025-01-28,14:00:00,16:00:00,30,APROBADA
c9e12ca6-a2d2-5652-a414-addcddd30aea,1dee66e3-0076-5033-8ba0-70dd67e8aea0,2024-07-10,11:00:00,12:00:00,42,APROBADA
2f5d9ad9-104c-53d0-a7cc-854691f27e24,e5da4cff-29aa-5f05-8532-70f093603e74,2024-12-06,12:30:00,14:30:00,28,APROBADA
92d3f51d-b827-55f8-b6e6-04de4fbcaff3,aad269e7-97f7-5e2d-9c43-cf84b49bd847,2024-07-28,13:00:00,14:30:00,29,APROBADA
8c111b64-ee98-5e5e-afe8-f4fb8e5c3303,0880d439-8834-59c1-bfce-e7f3da722b3f,2025-04-07,17:00:00,18:30:00,27,APROBADA
0e7c1e0a-2ffc-5e23-978e-db8f46bce131,1dee66e3-0076-5033-8ba0-70dd67e8aea0,2025-06-03,15:30:00,16:30:00,27,APROBADA
2fbb950d-a93d-5255-80ba-221fe73bed98,d056b3a8-8204-507a-b6c1-1f1203a87651,2024-09-15,08:00:00,10:00:00,30,APROBADA
391f01f7-c04f-5d81-a3e6-0f1eecaab811,8fd4b53b-1d49-5307-8a1a-e184999a4434,2025-01-22,18:00:00,21:00:00,40,APROBADA
9b8ff378-8725-599d-bcb3-add4d406c23d,ef815f08-b586-5f03-964a-a08004eaebf3,2024-09-20,13:30:00,15:30:00,29,APROBADA
57fd5b36-fa2b-5c2f-a002-5ba1ac42e20b,aad269e7-97f7-5e2d-9c43-cf84b49bd847,2024-10-24,08:30:00,11:30:00,27,APROBADA
46c559e1-f70d-568c-980c-4b843cf9faba,2574a671-d58d-5db3-8c9f-2518d8a8d790,2024-12-15,16:30:00,17:30:00,27,APROBADA
19247b60-dd4f-537b-8a69-199784312897,45b00d8f-2f79-52ba-8b17-e7d6ee0b476f,2024-08-19,07:00:00,09:00:00,28,APROBADA
fc7c13d6-4ad7-5d1a-8666-83725228c1a9,0880d439-8834-59c1-bfce-e7f3da722b3f,2025-03-10,18:00:00,21:00:00,40,APROBADA
ccc58dd6-db6e-5022-a1ad-e3a18ecd52db,f5e43a2a-032c-562e-837a-ff3c72abffb4,2025-05-04,07:30:00,08:30:00,26,APROBADA
d3217343-1c4d-546e-8c65-b6fa89c130d2,d76d770e-14c2-5fea-bf8b-28f95250e124,2024-11-24,17:00:00,20:00:00,28,APROBADA
56162223-6895-5c6b-a200-011ee668a03d,d7ce39c6-be5b-537a-ae81-d449a1710ff2,2024-11-29,10:30:00,13:30:00,36,APROBADA
8db60ca1-7093-5899-a479-0c54a70a1925,6d481120-dab0-50c8-8f1b-33cf911e9573,2024-08-07,14:30:00,16:30:00,42,APROBADA
439eeb63-dc87-59a4-b264-a8a90da52451,7d424b25-0f98-5f10-b2a8-ed9ddcd33e7a,2024-12-03,09:30:00,12:30:00,39,APROBADA
7c3fe620-5821-5ef0-90a6-e5aa298d8c71,d76d770e-14c2-5fea-bf8b-28f95250e124,2025-02-12,12:00:00,15:00:00,32,APROBADA
438c91db-e957-5893-a3bb-bcfa8a295349,da1fe6a7-058c-5ad3-a10e-f529804a44b5,2025-03-15,14:00:00,15:30:00,26,APROBADA
d8e262e3-62bb-5fc0-95b8-ce8ee3fd4c2e,d76d770e-14c2-5fea-bf8b-28f95250e124,2025-03-05,15:30:00,17:00:00,37,APROBADA
8d208bb7-2550-5b74-b641-9e9b047797e7,ef815f08-b586-5f03-964a-a08004eaebf3,2025-02-15,19:00:00,21:00:00,33,APROBADA
84569326-7c71-5176-ab4d-f2e11251ee6c,0880d439-8834-59c1-bfce-e7f3da722b3f,2025-04-05,12:30:00,13:30:00,31,APROBADA
8b1a7ec1-d527-5827-b5fd-b6a2c534b18a,6c814918-8ba0-52cc-9377-6d60b7946f8b,2024-07-17,12:00:00,15:00:00,34,APROBADA
d9d6b162-b8da-564c-b86c-b5241bbb9002,aad269e7-97f7-5e2d-9c43-cf84b49bd847,2024-10-12,08:00:00,11:00:00,29,APROBADA
2b255aea-1b7e-5534-bedf-ab969a6fecfc,7d424b25-0f98-5f10-b2a8-ed9ddcd33e7a,2025-04-07,11:30:00,12:30:00,30,APROBADA
f56ab445-2d6c-5523-b15c-547eb2c16671,1a0b71d7-4721-5998-bd82-de26b25b5771,2024-11-08,13:00:00,15:00:00,39,APROBADA
7abcddb7-9a32-5ee4-a9d6-94578fac894f,706ea773-fd09-5587-a465-302616f9d571,2025-03-22,14:30:00,15:30:00,27,APROBADA
52c356f2-dffe-52e3-a94c-13c6e4cd303c,1dee66e3-0076-5033-8ba0-70dd67e8aea0,2024-09-26,09:00:00,11:00:00,29,APROBADA
6f03dc18-679e-5895-9cc0-78b5713680bd,a40fe9f0-87fa-5853-968f-5cedd5939e8a,2024-12-06,16:00:00,18:00:00,29,APROBADA
ce33cba2-72f7-5332-bf5f-da35fc99e07d,a40fe9f0-87fa-5853-968f-5cedd5939e8a,2024-11-22,14:30:00,16:00:00,25,APROBADA
82df8438-726b-5d0f-a959-31268fa6a9b1,6c814918-8ba0-52cc-9377-6d60b7946f8b,2024-08-27,15:00:00,16:00:00,25,APROBADA
17ff4257-c58a-5572-a563-e7067cc9e794,1dee66e3-0076-5033-8ba0-70dd67e8aea0,2024-12-09,07:30:00,09:30:00,40,APROBADA
8f2918f6-a5ec-5c02-861a-f76fc98728db,6903b35b-c2a6-5770-98e5-743c2bc06b45,2024-07-07,12:30:00,14:00:00,33,APROBADA
2f502de0-ec7b-584d-8d48-dd8e85f6ddbc,7d424b25-0f98-5f10-b2a8-ed9ddcd33e7a,2025-06-10,08:00:00,09:30:00,26,APROBADA
2ea8561e-9cd1-5327-9393-1126e66378b6,eb4139b4-3715-5623-a990-d045271440a9,2024-08-28,08:30:00,10:00:00,25,APROBADA
9917f1b9-8816-5984-8563-f5578e46fa2f,706ea773-fd09-5587-a465-302616f9d571,2025-05-10,18:00:00,20:00:00,31,APROBADA
a3e13e3a-66cf-5f0a-b7fc-ed5223e66b48,a22ee2bf-332c-5ac1-ae12-28ce7b0033a1,2024-07-23,18:30:00,21:30:00,25,APROBADA
1f63c259-adb0-5e09-b783-c53ff5b97d85,23c254ed-4635-5cec-baa9-656efa7fd130,2024-07-12,17:30:00,19:00:00,28,APROBADA
03a312f7-8598-5079-b606-33bf736bd10f,1dee66e3-0076-5033-8ba0-70dd67e8aea0,2024-07-31,16:30:00,17:30:00,45,APROBADA
10388fbe-2fcd-59cc-bba8-c30d7da39778,eb4139b4-3715-5623-a990-d045271440a9,2025-03-04,08:00:00,10:00:00,30,APROBADA
e5d6dca5-d426-5347-b977-3c1c9a601a87,4b4a10f4-36fa-5109-bc5d-14e24370c164,2025-02-14,12:00:00,13:00:00,27,APROBADA
2923e787-62c8-51af-a236-f742cdb12fab,eb4139b4-3715-5623-a990-d045271440a9,2024-12-07,10:30:00,12:30:00,32,APROBADA
831e954e-00f4-5413-9c27-b06ffd2a174d,d056b3a8-8204-507a-b6c1-1f1203a87651,2025-04-23,17:30:00,20:30:00,30,APROBADA
876553ce-5c18-594e-a7ac-a17fa39f7826,a40fe9f0-87fa-5853-968f-5cedd5939e8a,2024-11-14,12:00:00,15:00:00,32,APROBADA
637f6601-3d7a-5481-aec6-e584ccad57be,706ea773-fd09-5587-a465-302616f9d571,2024-11-20,07:30:00,09:30:00,26,APROBADA
ef36b279-7175-5901-b62e-f3cf810dd344,d7ce39c6-be5b-537a-ae81-d449a1710ff2,2024-11-14,14:00:00,15:00:00,30,APROBADA
ea8be139-f97c-519d-83a9-9928b66e3eb2,7bcb3d0c-2500-5f01-abe8-d24e962af50e,2025-06-10,18:00:00,19:00:00,29,APROBADA
064707cd-f44f-5078-ab62-d5da3c62c020,b8969593-19a7-5a43-84c0-d52e63ac0cb4,2024-12-12,18:00:00,21:00:00,28,APROBADA
681ee294-e9f2-5257-ad44-410138521c54,d056b3a8-8204-507a-b6c1-1f1203a87651,2025-04-23,10:00:00,13:00:00,28,APROBADA
3fafd732-788c-56ae-b4b7-35ce202cf01e,e5da4cff-29aa-5f05-8532-70f093603e74,2025-05-06,15:00:00,16:00:00,29,APROBADA
43588bd4-411e-5bf1-aa5c-563b13fcb326,d7ce39c6-be5b-537a-ae81-d449a1710ff2,2024-08-06,08:00:00,09:30:00,39,APROBADA
00f440b1-c50c-5d3b-a205-c478059f8394,a40fe9f0-87fa-5853-968f-5cedd5939e8a,2024-11-03,15:00:00,17:00:00,32,APROBADA
6feea89f-1129-5956-bb35-192c36da894b,e5da4cff-29aa-5f05-8532-70f093603e74,2024-09-26,18:30:00,21:30:00,27,APROBADA
c9d3c4af-c154-537a-a5d6-e36bf64bb069,10225e74-7c22-5384-8cdc-396a168ec651,2024-08-11,18:30:00,21:30:00,28,APROBADA
71c5561f-dc6e-5c5e-8ef2-d7a5811e1bc6,d76d770e-14c2-5fea-bf8b-28f95250e124,2025-05-10,11:00:00,14:00:00,37,APROBADA
d751cc7c-1be1-5015-9f34-9818256ad1b0,7d424b25-0f98-5f10-b2a8-ed9ddcd33e7a,2024-11-23,12:30:00,14:30:00,40,APROBADA
dc381594-8b49-546d-a6c3-24751b51ec5b,e5da4cff-29aa-5f05-8532-70f093603e74,2024-12-31,17:00:00,20:00:00,28,APROBADA
8fa7b2b0-8019-5a0f-8c27-1d20de092cdb,1dee66e3-0076-5033-8ba0-70dd67e8aea0,2024-09-16,10:00:00,13:00:00,36,APROBADA
21b6d76d-68f6-5944-a94f-e0105d3d25d5,eb4139b4-3715-5623-a990-d045271440a9,2025-01-24,16:30:00,17:30:00,29,APROBADA
8f661800-59c0-5e3e-9c54-7b95a3b8b0bc,c1489a8f-1dff-511e-b025-5a10261901d7,2024-09-22,07:00:00,08:00:00,28,APROBADA
61ca78a0-dbcd-53f8-b421-840f2b990b99,6c814918-8ba0-52cc-9377-6d60b7946f8b,2024-11-23,19:00:00,20:30:00,31,APROBADA
fba3a8e3-1909-5555-8f2b-ab4ec7988760,d76d770e-14c2-5fea-bf8b-28f95250e124,2025-01-06,14:30:00,16:30:00,30,APROBADA
37490a21-65a5-5fa4-b48d-066c0147050a,05a1191e-b84b-597d-b970-b04889cc30ee,2025-06-25,07:00:00,08:00:00,28,APROBADA
0a124aed-007a-5a79-a284-7131f26a80d1,a22ee2bf-332c-5ac1-ae12-28ce7b0033a1,2024-08-04,15:00:00,16:00:00,25,APROBADA
515dec0c-c365-5dd8-b84c-125a497f84cc,a22ee2bf-332c-5ac1-ae12-28ce7b0033a1,2024-10-03,11:00:00,14:00:00,26,APROBADA
21d8306b-b298-5913-89a9-2d00e436d048,e5da4cff-29aa-5f05-8532-70f093603e74,2025-04-12,07:30:00,09:00:00,40,APROBADA
f7e98385-2751-56d3-88c0-7b375bbf90d3,7bcb3d0c-2500-5f01-abe8-d24e962af50e,2025-04-30,18:00:00,19:30:00,28,APROBADA
1f84bea1-14f7-5f27-903c-4527e56fc282,dd609563-702d-543d-a49a-0ce27a83f234,2024-10-03,07:30:00,09:00:00,39,APROBADA
4ca981c4-bb83-5024-8ff6-1ef920d00cbb,4b4a10f4-36fa-5109-bc5d-14e24370c164,2024-11-29,15:30:00,16:30:00,29,APROBADA
0ffc3dbc-2e36-56f6-896e-5c3de7582db4,6d481120-dab0-50c8-8f1b-33cf911e9573,2025-06-25,15:30:00,16:30:00,30,APROBADA
dcebb3df-10ee-5ce6-9739-203be895a9bb,7bcb3d0c-2500-5f01-abe8-d24e962af50e,2024-09-17,17:30:00,19:00:00,28,APROBADA
dc0100ea-dcab-5b87-a91d-8e0d9bd84073,eb4139b4-3715-5623-a990-d045271440a9,2024-08-03,15:00:00,17:00:00,31,APROBADA
71116b76-6ef3-53e8-9aa3-1ff832214135,da1fe6a7-058c-5ad3-a10e-f529804a44b5,2025-02-22,15:00:00,17:00:00,28,APROBADA
7a56e89b-9562-57dc-8aa7-ba6b484518e7,a22ee2bf-332c-5ac1-ae12-28ce7b0033a1,2024-10-24,19:00:00,21:00:00,26,APROBADA
a6a7dd49-ab1e-59e4-8f5a-7df45d8febaf,d7ce39c6-be5b-537a-ae81-d449a1710ff2,2024-10-26,16:00:00,17:30:00,37,APROBADA
eb1d6f02-3467-5bb9-8e06-5e2b4ae0c2d1,1a0b71d7-4721-5998-bd82-de26b25b5771,2025-06-18,13:00:00,14:30:00,35,APROBADA
857966ca-8e0c-5090-9d9a-af906fae20b1,05a1191e-b84b-597d-b970-b04889cc30ee,2025-01-04,10:30:00,12:00:00,28,APROBADA
0b29602d-59d6-50f9-a86d-09a4f13beb2f,1dee66e3-0076-5033-8ba0-70dd67e8aea0,2025-01-23,16:00:00,17:30:00,32,APROBADA
f6a60ba8-8827-5187-81b3-d5d03a19517f,8fd4b53b-1d49-5307-8a1a-e184999a4434,2025-04-21,16:30:00,19:30:00,25,APROBADA
b386f045-10b9-5f15-b219-75b3ef0a7ee0,e5da4cff-29aa-5f05-8532-70f093603e74,2024-11-22,16:30:00,17:30:00,36,APROBADA
01c7668a-fe34-5d9a-b3e6-7e7c9e87fd3c,8fd4b53b-1d49-5307-8a1a-e184999a4434,2025-04-12,18:00:00,21:00:00,31,APROBADA
92b8426a-ee3c-52d6-9e53-f5bf1e41f204,a22ee2bf-332c-5ac1-ae12-28ce7b0033a1,2024-12-20,12:30:00,15:30:00,36,APROBADA
7a7f88f2-6525-5fc1-a26f-b5c40bf0ce40,8fd4b53b-1d49-5307-8a1a-e184999a4434,2025-02-01,16:30:00,18:30:00,29,APROBADA
9b32aa89-e663-587f-827e-edc7848e9962,a22ee2bf-332c-5ac1-ae12-28ce7b0033a1,2025-03-02,17:00:00,19:00:00,31,APROBADA
eae06121-2d3a-526f-b35d-f18d5cbec05f,706ea773-fd09-5587-a465-302616f9d571,2024-11-06,10:30:00,13:30:00,25,APROBADA
82c93d65-fd6e-5e13-bb8d-8d63e4dde52e,4b4a10f4-36fa-5109-bc5d-14e24370c164,2025-06-26,18:30:00,20:30:00,30,APROBADA
c2bbf663-9211-5037-a30e-5e70be702a88,dd609563-702d-543d-a49a-0ce27a83f234,2025-05-12,17:00:00,19:00:00,34,APROBADA
e518a53b-43f8-5e7c-a2a2-663e954b6274,e5da4cff-29aa-5f05-8532-70f093603e74,2024-07-18,12:30:00,14:30:00,36,APROBADA
4b1eb066-66e7-5649-94c1-a99d72918eda,1dee66e3-0076-5033-8ba0-70dd67e8aea0,2024-07-15,08:30:00,11:30:00,41,APROBADA
4b611583-44c3-5857-a916-c3d633709422,dd609563-702d-543d-a49a-0ce27a83f234,2024-10-01,19:00:00,21:00:00,26,APROBADA
64c65758-32d6-5a15-a3f0-1ab6d5e22487,b46607fb-d28f-5c06-a3a8-091cb9d995ec,2025-04-30,10:30:00,13:30:00,35,APROBADA
f4d2e6fd-14c7-55b0-9320-45a71a746039,b8969593-19a7-5a43-84c0-d52e63ac0cb4,2025-03-16,13:30:00,16:30:00,30,APROBADA
5b30a6cb-91b2-559b-a564-51415413ced9,4b4a10f4-36fa-5109-bc5d-14e24370c164,2025-04-06,14:00:00,17:00:00,30,APROBADA
c8f72d1d-4f76-5b0e-a761-52fd4b7c817b,6c814918-8ba0-52cc-9377-6d60b7946f8b,2024-10-17,07:30:00,09:30:00,25,APROBADA
30dfef30-2831-59df-9cbf-3cbcce5ef19b,aad269e7-97f7-5e2d-9c43-cf84b49bd847,2025-03-11,11:30:00,13:30:00,27,APROBADA
47322e3e-6aff-5afe-bc59-716920e42259,1dee66e3-0076-5033-8ba0-70dd67e8aea0,2025-05-29,16:30:00,18:00:00,44,APROBADA
1b63afd0-6a27-5272-8f46-a879e7531f13,45b00d8f-2f79-52ba-8b17-e7d6ee0b476f,2025-02-09,15:30:00,18:30:00,34,APROBADA
c8d7d99c-2100-516a-8974-cd908d649a9b,0880d439-8834-59c1-bfce-e7f3da722b3f,2025-05-05,13:30:00,14:30:00,38,APROBADA
d35e5f54-89e7-5d81-afd7-0b7dfcfb628c,10225e74-7c22-5384-8cdc-396a168ec651,2024-10-06,09:00:00,11:00:00,26,APROBADA
44480194-4763-503e-87e8-42d5db69b2fa,d76d770e-14c2-5fea-bf8b-28f95250e124,2025-02-15,14:30:00,15:30:00,27,APROBADA
7552da79-a575-5fc0-b8de-e62790e75289,d7ce39c6-be5b-537a-ae81-d449a1710ff2,2024-10-30,13:00:00,14:30:00,40,APROBADA
e1ab7970-3d3e-543a-8230-9d3817559c75,da1fe6a7-058c-5ad3-a10e-f529804a44b5,2024-10-08,07:30:00,09:00:00,31,APROBADA
8966801e-5e4a-5ec4-a129-e24ae1494def,f5e43a2a-032c-562e-837a-ff3c72abffb4,2025-01-10,07:30:00,10:30:00,29,APROBADA
43d2e288-56e2-5515-aa34-4256ae70e2d8,6d481120-dab0-50c8-8f1b-33cf911e9573,2025-04-28,17:30:00,19:30:00,35,APROBADA
4f4c0564-5862-5e8a-bf12-741c70fc6374,7d424b25-0f98-5f10-b2a8-ed9ddcd33e7a,2025-06-28,07:30:00,10:30:00,29,APROBADA
4013b3ab-4df5-5063-9425-596f6a398d84,706ea773-fd09-5587-a465-302616f9d571,2025-06-19,17:30:00,19:00:00,29,APROBADA
5f4fd3c4-d627-5ffc-8223-b5017c170aa5,8fd4b53b-1d49-5307-8a1a-e184999a4434,2024-07-11,17:00:00,18:30:00,30,APROBADA
45084878-55c9-56d4-a9b3-44ec5ee156de,eb4139b4-3715-5623-a990-d045271440a9,2025-03-18,08:30:00,10:30:00,27,APROBADA
eeab80d7-58b8-5a56-a51d-c380c21c2d21,6c814918-8ba0-52cc-9377-6d60b7946f8b,2024-08-02,15:00:00,18:00:00,27,APROBADA
5609b0c3-3649-55b3-9d30-e0b533d45bd1,d7ce39c6-be5b-537a-ae81-d449a1710ff2,2025-04-28,11:00:00,12:00:00,39,APROBADA
0ce9d8da-91ac-5bf8-a5d5-2f97634b787b,eb4139b4-3715-5623-a990-d045271440a9,2025-05-15,12:00:00,15:00:00,26,APROBADA
22a840ed-bd26-5817-b1f8-009423d1311c,7bcb3d0c-2500-5f01-abe8-d24e962af50e,2025-06-01,10:30:00,11:30:00,25,APROBADA
1d4e9758-4d17-5511-bef3-00c03ef93c1d,0880d439-8834-59c1-bfce-e7f3da722b3f,2025-01-25,18:30:00,21:30:00,30,APROBADA
944de254-555c-5176-be89-c05892146f34,8fd4b53b-1d49-5307-8a1a-e184999a4434,2025-01-13,14:00:00,16:00:00,28,APROBADA
e6258112-e9fa-5634-a5c1-0b3068cf0264,7d424b25-0f98-5f10-b2a8-ed9ddcd33e7a,2025-01-15,12:30:00,14:30:00,36,APROBADA
6416af18-92e1-5cec-9f5a-28a8c6b78319,b8969593-19a7-5a43-84c0-d52e63ac0cb4,2025-06-29,10:00:00,11:30:00,28,APROBADA
834f97cf-4132-55d9-b3f5-07a9d3a6da8c,8fd4b53b-1d49-5307-8a1a-e184999a4434,2025-05-21,12:00:00,15:00:00,25,APROBADA
df449bc8-0e2a-542f-82b3-0f91f3e1f14c,e5da4cff-29aa-5f05-8532-70f093603e74,2025-05-28,12:00:00,13:00:00,33,APROBADA
951bc281-3b17-53cc-b4eb-776df8335479,eb4139b4-3715-5623-a990-d045271440a9,2024-07-12,11:30:00,13:30:00,28,APROBADA
29ddbe57-0e12-5885-82ae-e2e18b1dd494,0880d439-8834-59c1-bfce-e7f3da722b3f,2025-03-28,12:30:00,14:30:00,38,APROBADA
adb32d08-f86a-531c-b4f0-ab62a2b319c9,dd609563-702d-543d-a49a-0ce27a83f234,2024-10-21,07:30:00,08:30:00,30,APROBADA
af23b5a8-6ad2-5ab7-b8c4-2b68f1f123e5,45b00d8f-2f79-52ba-8b17-e7d6ee0b476f,2024-12-19,14:00:00,15:00:00,33,APROBADA
f45a3f5e-c3a5-53b1-a6a8-ef7da7129301,7d424b25-0f98-5f10-b2a8-ed9ddcd33e7a,2025-06-19,15:30:00,17:30:00,39,APROBADA
fc5363b3-70c8-5edc-b9a3-7a50cae542af,d056b3a8-8204-507a-b6c1-1f1203a87651,2024-09-18,07:30:00,10:30:00,26,APROBADA
0411f26b-ed3c-55e9-afe5-ad7d1c51415c,45b00d8f-2f79-52ba-8b17-e7d6ee0b476f,2025-05-21,12:00:00,15:00:00,32,APROBADA
8e824f31-20ae-5c20-9059-29eca1c7875d,d76d770e-14c2-5fea-bf8b-28f95250e124,2025-03-04,09:00:00,12:00:00,28,APROBADA
bcdd175a-94c5-53d4-86b2-c7c47b28a06e,d76d770e-14c2-5fea-bf8b-28f95250e124,2025-05-09,07:30:00,09:00:00,28,APROBADA
8b6ee3b8-5078-5f49-9725-b38a2ff715cc,d7ce39c6-be5b-537a-ae81-d449a1710ff2,2024-07-16,19:00:00,22:00:00,25,APROBADA
18eca56d-57a5-51a1-94e7-861cac039575,a22ee2bf-332c-5ac1-ae12-28ce7b0033a1,2025-04-29,09:30:00,12:30:00,29,APROBADA
53b7f7e7-8b51-5d5d-8b5f-164338e39117,1a0b71d7-4721-5998-bd82-de26b25b5771,2025-02-03,13:30:00,16:30:00,33,APROBADA
25244b4e-18b7-599a-bbe8-36b298c61274,1dee66e3-0076-5033-8ba0-70dd67e8aea0,2024-07-23,19:00:00,20:30:00,27,APROBADA
e5838791-4b52-58ef-9d7f-d17d312bc913,d7ce39c6-be5b-537a-ae81-d449a1710ff2,2025-04-16,17:00:00,20:00:00,35,APROBADA
429b4a63-94f1-5ea8-a0fc-a3b3b6fc1266,6d481120-dab0-50c8-8f1b-33cf911e9573,2024-11-20,17:30:00,20:30:00,40,APROBADA
15e9c5dc-82da-5fee-a9f3-e3126d6b2884,d7ce39c6-be5b-537a-ae81-d449a1710ff2,2025-02-05,12:00:00,15:00:00,32,APROBADA
3ec7c727-23a7-54be-8dc0-e419917678fd,1a0b71d7-4721-5998-bd82-de26b25b5771,2024-12-27,11:30:00,14:30:00,45,APROBADA
db38fb3e-de8e-58e6-94de-95bd08dad35f,10225e74-7c22-5384-8cdc-396a168ec651,2025-04-30,07:30:00,09:00:00,35,APROBADA
5e69f8eb-bd17-5521-99f5-56075212095a,2574a671-d58d-5db3-8c9f-2518d8a8d790,2024-07-16,15:00:00,18:00:00,38,APROBADA
4f3bc112-cf03-55a9-a891-21968dcbecc7,1dee66e3-0076-5033-8ba0-70dd67e8aea0,2024-12-24,11:30:00,12:30:00,41,APROBADA
7ee8b8e6-edca-5c13-abdb-e4327108e36e,a40fe9f0-87fa-5853-968f-5cedd5939e8a,2024-07-04,08:00:00,10:00:00,25,APROBADA
eb9c853c-5654-54a4-952e-25cf589d9c36,b46607fb-d28f-5c06-a3a8-091cb9d995ec,2025-04-09,15:30:00,17:00:00,36,APROBADA
69d3c6a6-8c67-5c1f-8108-545c28abf97e,05a1191e-b84b-597d-b970-b04889cc30ee,2024-12-22,11:00:00,12:00:00,35,APROBADA
7b097141-3c91-52c5-93bb-53bc318de5c0,aad269e7-97f7-5e2d-9c43-cf84b49bd847,2024-08-28,09:00:00,10:30:00,26,APROBADA
fd8a8c21-72de-5b18-97ee-22d69a159d62,d76d770e-14c2-5fea-bf8b-28f95250e124,2025-01-22,10:00:00,12:00:00,33,APROBADA
d952d156-9385-5082-872c-8e591386d34f,45b00d8f-2f79-52ba-8b17-e7d6ee0b476f,2024-07-17,17:00:00,20:00:00,31,APROBADA
482b832d-571c-5f9f-a76f-efe30957dda7,dd609563-702d-543d-a49a-0ce27a83f234,2024-10-12,12:30:00,13:30:00,38,APROBADA
ec6c8df1-fa29-58b3-ba16-7be2a83c1e40,05a1191e-b84b-597d-b970-b04889cc30ee,2024-12-01,08:30:00,09:30:00,28,APROBADA
56d67889-8c75-5943-ad8b-c9c1948681b4,b8969593-19a7-5a43-84c0-d52e63ac0cb4,2025-04-06,16:00:00,19:00:00,25,APROBADA
f79ec82b-5ea1-52dc-a8e0-381134d240b5,ef815f08-b586-5f03-964a-a08004eaebf3,2024-10-25,16:30:00,18:30:00,26,APROBADA
373eab7a-26f4-5c3d-8b13-e53c65b98b42,8fd4b53b-1d49-5307-8a1a-e184999a4434,2024-12-06,18:00:00,21:00:00,38,APROBADA
db5b5240-c37b-5b95-bee2-70b38e3b7048,aad269e7-97f7-5e2d-9c43-cf84b49bd847,2024-10-06,18:00:00,19:00:00,29,APROBADA
c96330ad-05f1-59da-9dfc-79762395a536,a40fe9f0-87fa-5853-968f-5cedd5939e8a,2025-02-16,09:30:00,10:30:00,29,APROBADA
9dc6203b-ddb5-5d1f-b3b2-718f3a4a33f8,7d424b25-0f98-5f10-b2a8-ed9ddcd33e7a,2025-06-11,13:30:00,16:30:00,35,APROBADA
81d6053d-61da-58d4-a184-68cbc7d74139,8fd4b53b-1d49-5307-8a1a-e184999a4434,2024-09-08,16:30:00,19:30:00,33,APROBADA
dcc5f2a5-fbbc-57f5-9c20-18442671f9df,1dee66e3-0076-5033-8ba0-70dd67e8aea0,2024-10-26,13:30:00,14:30:00,32,APROBADA
6fde197a-004b-592c-9d44-f17ff201826d,b46607fb-d28f-5c06-a3a8-091cb9d995ec,2025-03-12,14:00:00,17:00:00,29,APROBADA
de6a9579-1df3-55bf-8a81-37c40534d2ee,dd609563-702d-543d-a49a-0ce27a83f234,2024-12-09,07:30:00,10:30:00,38,APROBADA
49b024c3-87a5-5609-a1e0-e701fb6362fe,7d424b25-0f98-5f10-b2a8-ed9ddcd33e7a,2025-03-24,16:00:00,19:00:00,32,APROBADA
02393d2f-23de-521d-9dc3-2a086ee27a83,0880d439-8834-59c1-bfce-e7f3da722b3f,2025-02-21,14:30:00,15:30:00,27,APROBADA
fe9d77de-02f7-5f24-a374-0e9245a4118e,dd609563-702d-543d-a49a-0ce27a83f234,2024-11-25,12:00:00,13:00:00,26,APROBADA
38715b24-89e6-5957-9286-86eaf37528b7,6d481120-dab0-50c8-8f1b-33cf911e9573,2025-04-22,13:00:00,15:00:00,30,APROBADA
73d583db-ad17-50b2-a757-d4a40952df63,0880d439-8834-59c1-bfce-e7f3da722b3f,2024-08-21,19:00:00,20:00:00,36,APROBADA
c14a1733-045b-55c6-a52a-c54a8f591023,05a1191e-b84b-597d-b970-b04889cc30ee,2025-05-04,15:00:00,18:00:00,28,APROBADA
e7d0e8b0-3ceb-5156-893d-12cf828e865d,eb4139b4-3715-5623-a990-d045271440a9,2025-02-24,11:30:00,13:30:00,30,APROBADA
8bf18051-272e-5342-bc56-cbe8de186fbc,05a1191e-b84b-597d-b970-b04889cc30ee,2024-09-18,11:00:00,12:00:00,33,APROBADA
d95324f0-b0e4-5a3d-8377-63fbaf672a83,7d424b25-0f98-5f10-b2a8-ed9ddcd33e7a,2025-06-28,11:00:00,12:00:00,35,APROBADA
1fecbd1d-25ee-5173-93a8-aba43470bdd9,a40fe9f0-87fa-5853-968f-5cedd5939e8a,2024-08-23,09:30:00,12:30:00,29,APROBADA
63c5b925-51ef-5d0b-aa9a-d508260b39a2,1a0b71d7-4721-5998-bd82-de26b25b5771,2024-12-07,19:00:00,21:00:00,41,APROBADA
418cc49f-7ace-5a5c-bb82-ef6be339e814,1a0b71d7-4721-5998-bd82-de26b25b5771,2025-05-30,11:30:00,14:30:00,44,APROBADA
b717b8b3-81b8-5102-b5c5-48edda8c70c8,e5da4cff-29aa-5f05-8532-70f093603e74,2024-12-28,07:00:00,09:00:00,32,APROBADA
4cd64bac-a186-5026-bd0a-f7c31b867992,aad269e7-97f7-5e2d-9c43-cf84b49bd847,2025-01-14,09:30:00,12:30:00,28,APROBADA
d5f6b2bb-8e4f-5c14-b0b9-e334bed831dd,d056b3a8-8204-507a-b6c1-1f1203a87651,2024-10-04,17:30:00,18:30:00,25,APROBADA
0d6f1f2d-cf6b-5e35-8e1d-21cee0e5999c,23c254ed-4635-5cec-baa9-656efa7fd130,2024-08-30,08:00:00,09:30:00,27,APROBADA
097174d2-1619-5e22-b86e-2a1d5e80354f,d7ce39c6-be5b-537a-ae81-d449a1710ff2,2024-08-04,08:00:00,09:30:00,34,APROBADA
118c414d-4129-5305-ab6d-c33db92dcf39,d7ce39c6-be5b-537a-ae81-d449a1710ff2,2025-01-13,19:00:00,22:00:00,26,APROBADA
a73fd9ab-f42f-572b-ba73-f50651d5323a,7d424b25-0f98-5f10-b2a8-ed9ddcd33e7a,2024-07-24,10:30:00,12:00:00,39,APROBADA
397e296d-d62d-5d44-82d9-ae3721fce479,f5e43a2a-032c-562e-837a-ff3c72abffb4,2025-03-10,13:00:00,15:00:00,30,APROBADA
6a07a386-097d-5e92-937a-531059f85fb8,d056b3a8-8204-507a-b6c1-1f1203a87651,2024-11-24,15:00:00,16:00:00,28,APROBADA
1cd6533c-576b-5a3d-a4ea-b5178681d663,dd609563-702d-543d-a49a-0ce27a83f234,2025-02-14,17:00:00,20:00:00,34,APROBADA
ffae72e5-ce37-5326-9442-d9408d8f0f01,0880d439-8834-59c1-bfce-e7f3da722b3f,2025-04-03,12:00:00,13:00:00,45,APROBADA
db8c5bd7-428d-5717-90a2-e133023bc7d2,1dee66e3-0076-5033-8ba0-70dd67e8aea0,2024-09-27,19:00:00,20:00:00,29,APROBADA
99c64816-14d4-576f-b6cd-7b4863cebe28,706ea773-fd09-5587-a465-302616f9d571,2025-01-10,13:00:00,14:30:00,30,APROBADA
17a5a34e-9e36-5044-b005-5966ec865201,aad269e7-97f7-5e2d-9c43-cf84b49bd847,2024-10-24,16:30:00,18:00:00,29,APROBADA
f4e10bc6-ee64-5ab0-9272-8797bc7f6147,1a0b71d7-4721-5998-bd82-de26b25b5771,2025-06-23,12:00:00,15:00:00,31,APROBADA
c9f2e54a-acb6-59cd-90e2-76571bf7309d,706ea773-fd09-5587-a465-302616f9d571,2025-06-04,19:00:00,20:00:00,31,APROBADA
cf298eec-4538-5998-92b7-d6fb4f85f1bc,45b00d8f-2f79-52ba-8b17-e7d6ee0b476f,2024-07-02,18:00:00,19:00:00,26,APROBADA
f1f9b823-7082-59fe-a107-1bdc694b8701,7d424b25-0f98-5f10-b2a8-ed9ddcd33e7a,2025-01-11,15:00:00,16:30:00,31,APROBADA
eaf7a958-8375-589f-b0ef-e7fadc9226be,05a1191e-b84b-597d-b970-b04889cc30ee,2024-07-15,18:30:00,20:00:00,33,APROBADA
d7c2fca1-5ac2-5e15-b0c7-c0f2d514ba8a,1a0b71d7-4721-5998-bd82-de26b25b5771,2025-05-06,07:00:00,09:00:00,30,APROBADA
088e740a-f2cb-51a2-95a1-d6ce270530b3,d76d770e-14c2-5fea-bf8b-28f95250e124,2025-06-02,10:30:00,13:30:00,26,APROBADA
1e897110-a56a-53aa-aeb9-9f4cb951b4e4,1a0b71d7-4721-5998-bd82-de26b25b5771,2025-06-07,08:00:00,09:00:00,31,APROBADA
588ea742-eec1-5eb3-968e-398049829f1d,1dee66e3-0076-5033-8ba0-70dd67e8aea0,2025-01-14,11:30:00,12:30:00,32,APROBADA
88c49ff0-8cfe-5792-b600-44fe20e5cad8,d7ce39c6-be5b-537a-ae81-d449a1710ff2,2025-06-13,12:00:00,13:30:00,31,APROBADA
1d6b69b8-873c-502f-bf18-30da4228c594,6d481120-dab0-50c8-8f1b-33cf911e9573,2025-05-13,08:30:00,10:30:00,42,APROBADA
37078810-a1af-5351-bd0c-11225a50ea99,d056b3a8-8204-507a-b6c1-1f1203a87651,2024-07-29,18:00:00,19:00:00,31,APROBADA
93f45470-dd90-5c95-bb79-970550c38d25,23c254ed-4635-5cec-baa9-656efa7fd130,2024-08-16,11:00:00,13:00:00,32,APROBADA
5f4d4d48-2b06-530a-80f1-2b60d639d260,e5da4cff-29aa-5f05-8532-70f093603e74,2024-11-16,12:00:00,13:30:00,38,APROBADA
6f5bd2ae-4676-5852-9c8e-390b6c2192d0,a40fe9f0-87fa-5853-968f-5cedd5939e8a,2025-03-27,13:00:00,15:00:00,32,APROBADA
e58e1df5-282e-5356-bb82-8e20133ab590,0880d439-8834-59c1-bfce-e7f3da722b3f,2025-03-15,12:00:00,13:30:00,45,APROBADA
491c7bb5-c567-535f-98b7-1f0e4695109d,23c254ed-4635-5cec-baa9-656efa7fd130,2024-09-23,14:00:00,15:30:00,32,APROBADA
a6f78c82-7591-5a1e-9372-301ace8b08b8,e5da4cff-29aa-5f05-8532-70f093603e74,2025-01-11,08:30:00,09:30:00,37,APROBADA
60a40790-c8f2-5a5e-9031-83244de024aa,45b00d8f-2f79-52ba-8b17-e7d6ee0b476f,2024-10-22,11:00:00,12:00:00,25,APROBADA
f41d8098-26a3-5797-bdab-4ad02ce5d8f1,dd609563-702d-543d-a49a-0ce27a83f234,2024-11-27,11:00:00,12:30:00,33,APROBADA
ed8e96e0-0260-550b-8d99-786022f3ad53,1dee66e3-0076-5033-8ba0-70dd67e8aea0,2024-07-13,10:00:00,11:00:00,32,APROBADA
48ad9f65-f7a8-5804-bd95-3883a7ca91ad,e5da4cff-29aa-5f05-8532-70f093603e74,2024-10-15,10:30:00,13:30:00,40,APROBADA
d5e60b18-ffe0-5ca6-aa11-1870c54a068b,706ea773-fd09-5587-a465-302616f9d571,2025-03-26,13:30:00,15:00:00,34,APROBADA
83d80edd-7071-51d2-9e24-20f906db0c09,b8969593-19a7-5a43-84c0-d52e63ac0cb4,2024-12-25,17:30:00,19:00:00,29,APROBADA
cf78bed2-0132-5328-a579-e759294c8c58,2574a671-d58d-5db3-8c9f-2518d8a8d790,2024-12-29,18:00:00,20:00:00,36,APROBADA
f69e844b-413a-5c16-aeb9-65bb7901c656,7d424b25-0f98-5f10-b2a8-ed9ddcd33e7a,2024-08-27,15:00:00,17:00:00,37,APROBADA
c723ea1b-e85d-5e9d-a929-a1af3aae9989,dd609563-702d-543d-a49a-0ce27a83f234,2024-09-01,11:30:00,13:30:00,34,APROBADA
56ba4223-f583-5466-9c94-0b093c520c2a,10225e74-7c22-5384-8cdc-396a168ec651,2025-04-27,09:30:00,11:00:00,33,APROBADA
ed768dcd-509a-5fc1-8926-8097249064b2,1a0b71d7-4721-5998-bd82-de26b25b5771,2025-05-14,15:30:00,17:00:00,28,APROBADA
45ded20c-bd51-599d-836b-90b29b40a433,2574a671-d58d-5db3-8c9f-2518d8a8d790,2025-06-21,09:00:00,11:00:00,39,APROBADA
9ed414f0-6181-5dba-809e-d47352d62305,8fd4b53b-1d49-5307-8a1a-e184999a4434,2024-08-10,12:30:00,14:00:00,26,APROBADA
007bbfbf-4030-56d3-bd73-9dd88adc72dd,d7ce39c6-be5b-537a-ae81-d449a1710ff2,2025-03-16,16:30:00,19:30:00,43,APROBADA
78a1ab03-93f2-5b59-9f33-9ce824da5956,c1489a8f-1dff-511e-b025-5a10261901d7,2024-10-04,13:30:00,16:30:00,25,APROBADA
e4616f3e-43c0-5bef-a64b-77e48a3f5165,a22ee2bf-332c-5ac1-ae12-28ce7b0033a1,2025-03-21,16:00:00,19:00:00,29,APROBADA
4ae3e3d3-5f96-5125-ba89-f2bbdf5bb35e,a22ee2bf-332c-5ac1-ae12-28ce7b0033a1,2025-01-20,10:30:00,11:30:00,30,APROBADA
5483146a-c6f2-5fdf-b960-862b3f38e897,0880d439-8834-59c1-bfce-e7f3da722b3f,2025-02-16,08:00:00,09:00:00,40,APROBADA
6d9731cd-8c53-55d3-a123-c13b3cdfe2a8,d056b3a8-8204-507a-b6c1-1f1203a87651,2025-05-28,09:00:00,10:00:00,31,APROBADA
8499c0dc-4265-5cdb-8608-3f08683e4e16,23c254ed-4635-5cec-baa9-656efa7fd130,2024-07-23,16:30:00,18:30:00,31,APROBADA
430bf2c2-7cbd-52fe-80e6-334f35290daf,7bcb3d0c-2500-5f01-abe8-d24e962af50e,2025-06-13,16:30:00,18:30:00,25,APROBADA
d1d8dbdb-9853-52a7-8772-b51503694529,05a1191e-b84b-597d-b970-b04889cc30ee,2024-10-19,13:30:00,15:00:00,35,APROBADA
8ad88cae-bd35-5dcf-ae47-9f59130cb5eb,0880d439-8834-59c1-bfce-e7f3da722b3f,2025-02-03,15:30:00,16:30:00,35,APROBADA
75aaa567-ebbc-5c99-a7fb-394ebb69db62,8fd4b53b-1d49-5307-8a1a-e184999a4434,2025-03-02,13:00:00,15:00:00,34,APROBADA
87d06747-a009-5993-ab79-00e1d2432a69,7bcb3d0c-2500-5f01-abe8-d24e962af50e,2024-07-04,16:30:00,19:30:00,29,APROBADA
d0c2a3fb-285f-58cc-ae0a-1e79b486e755,7d424b25-0f98-5f10-b2a8-ed9ddcd33e7a,2024-10-27,13:00:00,15:00:00,38,APROBADA
3f8161bd-ac46-58ad-905d-bc7114ac44c0,6c814918-8ba0-52cc-9377-6d60b7946f8b,2025-05-09,15:30:00,17:00:00,35,APROBADA
88b3a2b1-a31c-57e2-9651-858067804e10,eb4139b4-3715-5623-a990-d045271440a9,2025-04-29,13:30:00,15:00:00,27,APROBADA
aa026386-e0eb-5724-a8c5-82429c7829f9,dd609563-702d-543d-a49a-0ce27a83f234,2024-09-17,17:30:00,20:30:00,39,APROBADA
ae8df9da-e722-57c7-81cb-4fe52644c8b6,b46607fb-d28f-5c06-a3a8-091cb9d995ec,2025-01-24,10:30:00,13:30:00,37,APROBADA
9abefb08-857a-58bc-9047-918a35bb85d8,0880d439-8834-59c1-bfce-e7f3da722b3f,2025-02-13,14:30:00,17:30:00,27,APROBADA
91c94dee-115a-566c-9389-09581ab2ec0d,d7ce39c6-be5b-537a-ae81-d449a1710ff2,2025-06-07,13:00:00,16:00:00,44,APROBADA
a73c6fdd-fb45-526b-a6cb-f346007e8728,ef815f08-b586-5f03-964a-a08004eaebf3,2024-12-29,16:30:00,18:00:00,34,APROBADA
ac5a28dc-04ae-5603-ac3a-e43eb96c302d,0880d439-8834-59c1-bfce-e7f3da722b3f,2024-11-01,19:00:00,22:00:00,29,APROBADA
0bf7eec3-9eeb-5a40-9ce5-ae200ef1b925,706ea773-fd09-5587-a465-302616f9d571,2024-11-08,07:30:00,10:30:00,29,APROBADA
f164daeb-97e9-5ab9-9cc2-184a1e4ca2c3,23c254ed-4635-5cec-baa9-656efa7fd130,2024-10-29,11:30:00,13:00:00,28,APROBADA
b3dd5d39-90b1-53bb-b151-245dc1bb6b74,e5da4cff-29aa-5f05-8532-70f093603e74,2024-10-26,12:30:00,15:30:00,31,APROBADA
d5d8faef-9e54-5bed-a640-3e78814b3992,6d481120-dab0-50c8-8f1b-33cf911e9573,2025-05-22,15:30:00,17:30:00,36,APROBADA
88f6db25-8a19-5d5e-8d83-bdeb39816574,8fd4b53b-1d49-5307-8a1a-e184999a4434,2025-04-21,10:00:00,13:00:00,34,APROBADA
04790e0f-64c2-593c-816f-424353a9ab96,2574a671-d58d-5db3-8c9f-2518d8a8d790,2025-04-16,11:30:00,14:30:00,32,APROBADA
d0357ce5-ba22-53f7-b0a1-6f46fcad7d5f,7d424b25-0f98-5f10-b2a8-ed9ddcd33e7a,2024-12-28,16:30:00,18:00:00,28,APROBADA
2ca13ddd-5637-51c0-b1ee-2e01b46c5047,4b4a10f4-36fa-5109-bc5d-14e24370c164,2025-04-23,18:00:00,20:00:00,27,APROBADA
552353cc-0e99-5f43-8853-f24af378d289,1dee66e3-0076-5033-8ba0-70dd67e8aea0,2024-10-29,19:00:00,21:00:00,44,APROBADA
7a93e493-48c6-5050-9776-c54420589227,1dee66e3-0076-5033-8ba0-70dd67e8aea0,2024-09-06,09:30:00,11:00:00,38,APROBADA
98fe877b-b5c3-5302-8bcf-91f7f5aab4ba,e5da4cff-29aa-5f05-8532-70f093603e74,2024-08-09,09:30:00,10:30:00,29,APROBADA
8fd4fe3a-4f33-525f-be4a-f938588adb41,a22ee2bf-332c-5ac1-ae12-28ce7b0033a1,2025-04-23,08:30:00,10:00:00,36,APROBADA
5a768fdc-ca3c-5f61-880d-b4efff8100ad,7bcb3d0c-2500-5f01-abe8-d24e962af50e,2024-08-02,15:30:00,17:30:00,26,APROBADA
4e5d4d6b-0ba0-5403-8063-b5e46458583c,706ea773-fd09-5587-a465-302616f9d571,2025-01-16,07:00:00,10:00:00,28,APROBADA
946e09b5-fd61-50cd-8eba-75cc7ee38034,45b00d8f-2f79-52ba-8b17-e7d6ee0b476f,2025-01-13,13:00:00,16:00:00,27,APROBADA
dda98d55-e5aa-56cd-a449-65bcc65147f7,45b00d8f-2f79-52ba-8b17-e7d6ee0b476f,2025-06-22,18:30:00,20:30:00,30,APROBADA
8b462279-47cd-5bd1-ac8e-4a594d71ee1a,1dee66e3-0076-5033-8ba0-70dd67e8aea0,2025-05-16,13:30:00,14:30:00,25,APROBADA
c58ce7b3-3661-53d7-9fb6-6b505722859d,6903b35b-c2a6-5770-98e5-743c2bc06b45,2024-12-17,11:30:00,12:30:00,34,APROBADA
5b8b3b96-bb0d-5c6f-bee7-49e83fa19a68,b46607fb-d28f-5c06-a3a8-091cb9d995ec,2025-06-10,15:30:00,18:30:00,30,APROBADA
1eefe3b3-68c6-59b4-adbe-8b3515b6fa4d,d76d770e-14c2-5fea-bf8b-28f95250e124,2024-08-11,13:30:00,15:00:00,35,APROBADA
72034c4d-47fb-520f-af42-13cecfd97777,d76d770e-14c2-5fea-bf8b-28f95250e124,2025-03-20,18:30:00,20:00:00,35,APROBADA
d0ddd205-718f-5c7a-980c-6e1724e80840,1dee66e3-0076-5033-8ba0-70dd67e8aea0,2024-12-05,09:00:00,12:00:00,37,APROBADA
dbd0eefc-1681-58a8-8308-b30c0a571d16,b46607fb-d28f-5c06-a3a8-091cb9d995ec,2025-02-19,07:30:00,08:30:00,30,APROBADA
3dd285fb-1ccd-5ce2-a768-8a82dcb8563f,0880d439-8834-59c1-bfce-e7f3da722b3f,2024-09-14,13:00:00,14:30:00,40,APROBADA
beda10dc-8d9a-5290-837f-d203d753eda7,d7ce39c6-be5b-537a-ae81-d449a1710ff2,2024-09-24,12:00:00,14:00:00,44,APROBADA
7cb143f9-76c8-577e-81c9-c0607147875c,da1fe6a7-058c-5ad3-a10e-f529804a44b5,2024-10-16,11:30:00,13:00:00,33,APROBADA
9197d4cf-b959-5f58-9db7-6bb1a60c6324,1a0b71d7-4721-5998-bd82-de26b25b5771,2024-11-21,16:30:00,18:30:00,32,APROBADA
2500f824-54ad-5ece-ba18-124fe72fee1e,6d481120-dab0-50c8-8f1b-33cf911e9573,2024-12-25,17:00:00,19:00:00,33,APROBADA
f4a85524-cae8-51ec-8e19-fdff58d91e97,7d424b25-0f98-5f10-b2a8-ed9ddcd33e7a,2024-09-30,13:30:00,15:30:00,36,APROBADA
7d73d1b5-d813-5626-8515-e1a0be995a63,7bcb3d0c-2500-5f01-abe8-d24e962af50e,2024-11-24,08:00:00,09:00:00,31,APROBADA
7266aa1f-27ef-5cc2-a08e-36e5ba026998,1a0b71d7-4721-5998-bd82-de26b25b5771,2024-10-23,11:00:00,13:00:00,35,APROBADA
ec234e67-d804-57b1-804f-6de3652f78d3,1a0b71d7-4721-5998-bd82-de26b25b5771,2024-10-13,07:30:00,08:30:00,26,APROBADA
455fd0de-5d05-53c0-9b22-9ef32fed9075,7d424b25-0f98-5f10-b2a8-ed9ddcd33e7a,2024-12-23,17:30:00,19:00:00,40,APROBADA
dbae3459-a39b-5419-8b87-e87a68009add,0880d439-8834-59c1-bfce-e7f3da722b3f,2025-01-24,16:30:00,18:30:00,27,APROBADA
51103f85-0648-504b-bbaa-dfbcd1f91474,0880d439-8834-59c1-bfce-e7f3da722b3f,2024-08-16,18:00:00,19:00:00,38,APROBADA
effa9ec6-a11b-57eb-9484-a60f3c815da8,d76d770e-14c2-5fea-bf8b-28f95250e124,2025-01-12,09:30:00,12:30:00,31,APROBADA
2a1c1cde-78e3-54a8-a471-f818daf19288,1dee66e3-0076-5033-8ba0-70dd67e8aea0,2024-12-16,15:00:00,16:00:00,26,APROBADA
67a6c40f-7c5d-53d0-9f0e-870c8480e825,7d424b25-0f98-5f10-b2a8-ed9ddcd33e7a,2024-12-07,12:00:00,13:00:00,27,APROBADA
246e232f-449f-5146-a3ae-1a1b85a479e9,7bcb3d0c-2500-5f01-abe8-d24e962af50e,2024-07-19,17:30:00,20:30:00,28,APROBADA
0c1c60b8-5f21-54c4-b384-b259be723563,6903b35b-c2a6-5770-98e5-743c2bc06b45,2025-01-27,17:30:00,18:30:00,35,APROBADA
6aa229dd-e81e-5e6d-a627-f64482eefc68,45b00d8f-2f79-52ba-8b17-e7d6ee0b476f,2024-09-28,11:00:00,14:00:00,34,APROBADA
998ea6c3-9ff2-5e4f-86e5-adc3ed07c39b,6c814918-8ba0-52cc-9377-6d60b7946f8b,2025-04-07,11:30:00,14:30:00,33,APROBADA
dcbd819d-0c3b-5393-bb4f-be47d97595e4,dd609563-702d-543d-a49a-0ce27a83f234,2024-08-27,09:30:00,11:00:00,29,APROBADA
66a7a4bd-1aa1-5ce5-88fc-dd51dc64c00d,d76d770e-14c2-5fea-bf8b-28f95250e124,2024-08-29,12:00:00,13:30:00,30,APROBADA
3f4e5bae-a485-558d-9626-3529f0e1fa29,dd609563-702d-543d-a49a-0ce27a83f234,2024-09-17,16:30:00,18:00:00,34,APROBADA
7fd5ac14-13ea-50b6-8c43-4eedc83ff495,d76d770e-14c2-5fea-bf8b-28f95250e124,2024-12-09,15:00:00,18:00:00,33,APROBADA
7bcaca67-a70e-5a0c-a921-0eb9749a4029,1a0b71d7-4721-5998-bd82-de26b25b5771,2025-01-28,12:00:00,13:30:00,36,APROBADA
ab208bfc-9b4a-5cd3-ab24-362e864c691e,da1fe6a7-058c-5ad3-a10e-f529804a44b5,2025-02-24,07:30:00,10:30:00,27,APROBADA
9887ac20-f147-5f3d-ba6c-34da23d71c3c,6d481120-dab0-50c8-8f1b-33cf911e9573,2025-04-01,18:00:00,21:00:00,30,APROBADA
3ab823ce-c044-536c-9c58-71f5d46fe9d2,b46607fb-d28f-5c06-a3a8-091cb9d995ec,2024-11-27,09:30:00,12:30:00,38,APROBADA
e96baa39-0cef-58f7-9d50-fc0bd831e64d,6903b35b-c2a6-5770-98e5-743c2bc06b45,2024-07-14,15:00:00,16:30:00,30,APROBADA
f7b8e535-ecdc-532d-a4de-d5952d1272f2,f5e43a2a-032c-562e-837a-ff3c72abffb4,2024-07-28,18:00:00,20:00:00,29,APROBADA
30128cb0-ba94-51bf-a21a-2dc2e00a3819,b46607fb-d28f-5c06-a3a8-091cb9d995ec,2024-09-03,08:30:00,09:30:00,39,APROBADA
6d2a7f3c-c444-597b-8c23-f97e2db86dd1,2574a671-d58d-5db3-8c9f-2518d8a8d790,2024-09-20,15:30:00,17:00:00,30,APROBADA
0a9c2b6d-6416-501f-aa95-84178c6969f2,b46607fb-d28f-5c06-a3a8-091cb9d995ec,2024-08-29,10:00:00,11:30:00,38,APROBADA
f8b0f876-480c-54e7-b393-ea32ff080976,10225e74-7c22-5384-8cdc-396a168ec651,2024-11-29,17:00:00,18:30:00,35,APROBADA
564c2892-dfaf-5ef0-ba27-8bbb51031041,4b4a10f4-36fa-5109-bc5d-14e24370c164,2025-05-02,07:30:00,09:30:00,25,APROBADA
14109e7f-119f-59d0-9b4e-c01c22424075,f5e43a2a-032c-562e-837a-ff3c72abffb4,2024-12-30,17:00:00,20:00:00,30,APROBADA
b0cf79df-713e-5cee-a639-524441a78b64,eb4139b4-3715-5623-a990-d045271440a9,2025-03-25,13:00:00,15:00:00,31,APROBADA
bd900b0e-bafa-5ee9-8be9-0eb37e8cdde8,d76d770e-14c2-5fea-bf8b-28f95250e124,2025-05-04,07:00:00,09:00:00,25,APROBADA
6670ec08-7e82-50b8-816b-dd5974cdbd9c,d7ce39c6-be5b-537a-ae81-d449a1710ff2,2024-10-09,18:30:00,20:30:00,38,APROBADA
383cf629-60f4-5160-9443-567c034b6a07,a40fe9f0-87fa-5853-968f-5cedd5939e8a,2024-10-21,18:30:00,20:30:00,32,APROBADA
faf2ce1f-3df8-5031-9f64-169c517d4d1b,1a0b71d7-4721-5998-bd82-de26b25b5771,2025-01-11,12:30:00,14:30:00,44,APROBADA
66022ac3-0867-5e1a-87ca-4611a24e14fd,0880d439-8834-59c1-bfce-e7f3da722b3f,2024-11-10,10:00:00,11:00:00,41,APROBADA
4b8548c4-5448-5864-877c-cf37eb1c1a88,e5da4cff-29aa-5f05-8532-70f093603e74,2024-12-17,10:00:00,11:30:00,39,APROBADA
7a67eb54-baa5-56b9-81b5-ec458d4b666f,d76d770e-14c2-5fea-bf8b-28f95250e124,2025-03-04,07:00:00,09:00:00,28,APROBADA
6cfd02a8-3de9-5363-a06f-1445a1299c20,1dee66e3-0076-5033-8ba0-70dd67e8aea0,2024-12-01,14:30:00,17:30:00,33,APROBADA
4d0aebab-3008-5d45-821f-15a593bdb859,b46607fb-d28f-5c06-a3a8-091cb9d995ec,2024-12-24,16:30:00,18:00:00,30,APROBADA
beff4a71-ee4c-594a-9196-5c3967ba1423,da1fe6a7-058c-5ad3-a10e-f529804a44b5,2025-06-02,17:00:00,18:00:00,26,APROBADA
12f50f58-8214-5b6d-ac74-085d7d6119f3,c1489a8f-1dff-511e-b025-5a10261901d7,2024-10-24,19:00:00,20:00:00,25,APROBADA
7bafc2a1-f704-54ab-824b-25175edc588f,23c254ed-4635-5cec-baa9-656efa7fd130,2024-12-30,18:30:00,20:00:00,30,APROBADA
4e56a810-98dd-5eaa-ba1d-10d30b8d019e,c1489a8f-1dff-511e-b025-5a10261901d7,2024-08-06,12:00:00,13:30:00,27,APROBADA
fb1e6eea-c4f2-58f0-8375-908a07cb9ea6,0880d439-8834-59c1-bfce-e7f3da722b3f,2024-09-08,15:30:00,17:30:00,38,APROBADA
f900ec92-035a-584e-b035-cbbd49117806,da1fe6a7-058c-5ad3-a10e-f529804a44b5,2024-12-27,18:30:00,20:00:00,26,APROBADA
8f867aae-0396-5618-8c65-7d2c2c0a047b,6d481120-dab0-50c8-8f1b-33cf911e9573,2024-10-16,13:00:00,16:00:00,41,APROBADA
b57707cc-fcf4-59fc-b447-59b975a50fbf,b46607fb-d28f-5c06-a3a8-091cb9d995ec,2025-04-29,07:00:00,10:00:00,28,APROBADA
284f829a-3e24-5c8d-8502-57fd19a23352,6903b35b-c2a6-5770-98e5-743c2bc06b45,2024-08-16,15:00:00,16:00:00,25,APROBADA
8df2441f-a980-50f5-a629-e075cb66266e,6903b35b-c2a6-5770-98e5-743c2bc06b45,2025-06-22,16:00:00,19:00:00,34,APROBADA
32dad317-573b-5522-95ad-350c0d199e1b,1dee66e3-0076-5033-8ba0-70dd67e8aea0,2025-04-02,11:00:00,12:00:00,27,APROBADA
5512269c-18c2-5ace-b6a7-4e436159bcd3,706ea773-fd09-5587-a465-302616f9d571,2024-08-13,07:30:00,09:00:00,31,APROBADA
b9029325-352b-5e55-aeb6-9f1ab2d87feb,1dee66e3-0076-5033-8ba0-70dd67e8aea0,2025-01-18,13:30:00,15:00:00,38,APROBADA
8eec835b-311e-526c-933d-db6ac9f75e36,b8969593-19a7-5a43-84c0-d52e63ac0cb4,2025-03-17,13:30:00,14:30:00,26,APROBADA
b549a699-6f95-5aa7-b809-ec46b8aa9904,c1489a8f-1dff-511e-b025-5a10261901d7,2024-08-06,16:30:00,18:30:00,26,APROBADA
ca59b7e6-41f7-5dc1-be12-51a32c262fe9,d76d770e-14c2-5fea-bf8b-28f95250e124,2025-02-10,16:30:00,17:30:00,34,APROBADA
03f1d0e0-64b6-5272-8703-d6de13a540e8,d056b3a8-8204-507a-b6c1-1f1203a87651,2024-07-12,16:30:00,18:00:00,30,APROBADA
0a293f6b-3e5f-53b4-906b-67e3e4ee938d,706ea773-fd09-5587-a465-302616f9d571,2025-04-13,07:30:00,08:30:00,25,APROBADA
752a29d7-1099-5c14-8528-72eeb975298a,05a1191e-b84b-597d-b970-b04889cc30ee,2025-01-20,18:30:00,21:30:00,30,APROBADA
4dee059b-09ba-54ab-9e13-e07999a6f0ef,1dee66e3-0076-5033-8ba0-70dd67e8aea0,2025-02-11,14:30:00,17:30:00,27,APROBADA
d80fb57d-cd8b-5d34-81be-87037f247b40,f5e43a2a-032c-562e-837a-ff3c72abffb4,2025-03-06,17:30:00,20:30:00,26,APROBADA
4f0b924f-1b4c-5447-8917-f4d56c20138c,b8969593-19a7-5a43-84c0-d52e63ac0cb4,2024-09-28,13:00:00,14:00:00,27,APROBADA
0ea46d75-b06f-5b6b-ae7d-72d6adbeb731,d76d770e-14c2-5fea-bf8b-28f95250e124,2025-02-09,18:00:00,20:00:00,38,APROBADA
d2489a8e-3ce5-57ae-8f05-9a9f6a0a2657,10225e74-7c22-5384-8cdc-396a168ec651,2025-01-14,08:00:00,11:00:00,31,APROBADA
3b1fa44c-b512-5c55-a4af-88fb37e8632b,d7ce39c6-be5b-537a-ae81-d449a1710ff2,2025-04-02,14:00:00,15:00:00,30,APROBADA
7f2f0b93-52bc-538c-8209-6a1fad7d714a,7bcb3d0c-2500-5f01-abe8-d24e962af50e,2025-04-03,14:00:00,15:00:00,27,APROBADA
0c012428-3af7-5912-a0a0-1a0831767a6e,6903b35b-c2a6-5770-98e5-743c2bc06b45,2025-03-13,07:30:00,09:00:00,29,APROBADA
27cda220-2cc5-5d1e-af51-25fb42967a4b,0880d439-8834-59c1-bfce-e7f3da722b3f,2025-01-14,15:00:00,17:00:00,44,APROBADA
8cfb2ae3-47d6-5bde-8fed-f376bfba9258,45b00d8f-2f79-52ba-8b17-e7d6ee0b476f,2025-06-12,09:00:00,10:00:00,25,APROBADA
57c6cea6-237b-5f98-bae4-a029dea3266a,1dee66e3-0076-5033-8ba0-70dd67e8aea0,2025-04-04,08:00:00,10:00:00,44,APROBADA
d01036aa-96a7-5c91-aadd-a579398e6fac,d76d770e-14c2-5fea-bf8b-28f95250e124,2024-10-17,17:00:00,18:30:00,30,APROBADA
5ff67e6f-5fcc-5fff-8a97-aabcc5a9a408,1dee66e3-0076-5033-8ba0-70dd67e8aea0,2025-06-02,08:00:00,11:00:00,36,APROBADA
23d564a2-212d-5fdb-89e1-6be2d66880a8,b8969593-19a7-5a43-84c0-d52e63ac0cb4,2025-02-07,13:30:00,14:30:00,30,APROBADA
3305c15d-94aa-52f2-b029-0c6b20c4f4dd,eb4139b4-3715-5623-a990-d045271440a9,2024-09-01,09:00:00,10:30:00,26,APROBADA
a9a021de-9052-5ea3-b7f0-6f8857c72897,d76d770e-14c2-5fea-bf8b-28f95250e124,2025-05-19,15:00:00,16:30:00,34,APROBADA
83f1be61-449c-54a3-ae42-68900e1d4fa2,4b4a10f4-36fa-5109-bc5d-14e24370c164,2025-06-14,18:00:00,19:00:00,29,APROBADA
6f6dfaef-db18-5ea6-b1ef-784d5584f84c,da1fe6a7-058c-5ad3-a10e-f529804a44b5,2024-08-03,13:00:00,14:00:00,29,APROBADA
5f984f66-d2d0-5a05-a4b6-19bb16ca52a1,1dee66e3-0076-5033-8ba0-70dd67e8aea0,2025-01-27,09:00:00,11:00:00,30,APROBADA
4429176b-09ce-5a2c-aaaf-0b19b5c4bbc4,706ea773-fd09-5587-a465-302616f9d571,2024-09-12,12:30:00,14:00:00,40,APROBADA
e539cb5e-f8cb-58b6-8e27-63b228acab03,ef815f08-b586-5f03-964a-a08004eaebf3,2024-07-28,11:00:00,14:00:00,28,APROBADA
a1372008-d456-5879-a10c-fac85b5a5ea4,a22ee2bf-332c-5ac1-ae12-28ce7b0033a1,2025-05-05,07:30:00,09:00:00,36,APROBADA
99a66a02-042b-5725-83b6-c71572f990b1,0880d439-8834-59c1-bfce-e7f3da722b3f,2024-09-01,08:00:00,10:00:00,36,APROBADA
1bd0fad5-ea11-57f4-80b4-af9ea6012bc1,ef815f08-b586-5f03-964a-a08004eaebf3,2025-05-23,16:00:00,19:00:00,36,APROBADA
0650f323-f06d-53d7-88c0-fc30bbb112c6,d7ce39c6-be5b-537a-ae81-d449a1710ff2,2025-06-14,14:00:00,16:00:00,41,APROBADA
a6e08822-1585-593e-b126-47e92889ad5f,d7ce39c6-be5b-537a-ae81-d449a1710ff2,2025-03-07,12:00:00,13:00:00,33,APROBADA
d46b21d7-9240-55bf-9571-326bd1f1f91f,706ea773-fd09-5587-a465-302616f9d571,2024-08-01,10:30:00,13:30:00,26,APROBADA
22711898-be8c-5983-927e-0dec69014ea5,0880d439-8834-59c1-bfce-e7f3da722b3f,2024-12-27,08:30:00,10:30:00,40,APROBADA
7c3da869-1b86-5147-881b-486dc8c0113f,c1489a8f-1dff-511e-b025-5a10261901d7,2025-04-27,11:00:00,14:00:00,28,APROBADA
37a4a67a-1a63-5999-8ef6-a9ca7a821a10,a22ee2bf-332c-5ac1-ae12-28ce7b0033a1,2024-08-30,12:00:00,13:00:00,26,APROBADA
402f4acd-a7a4-5cce-ab49-e5da4b477e6a,706ea773-fd09-5587-a465-302616f9d571,2024-11-20,09:30:00,12:30:00,26,APROBADA
e4cd152f-fed9-58ba-84dd-f2d75b8e99c2,da1fe6a7-058c-5ad3-a10e-f529804a44b5,2025-05-20,13:30:00,14:30:00,36,APROBADA
1b3cd302-6e09-5060-b28b-794b3512b975,6d481120-dab0-50c8-8f1b-33cf911e9573,2024-11-21,07:00:00,08:00:00,26,APROBADA
ac645683-f64f-58f5-8d23-b0bb8e63be83,706ea773-fd09-5587-a465-302616f9d571,2025-06-20,12:30:00,15:30:00,36,APROBADA
97d3b8af-077b-587c-ad03-9548ab772939,2574a671-d58d-5db3-8c9f-2518d8a8d790,2024-07-25,16:00:00,19:00:00,36,APROBADA
c4e8690c-8577-5600-8dda-960570249170,6c814918-8ba0-52cc-9377-6d60b7946f8b,2024-10-03,08:30:00,10:00:00,30,APROBADA
c2b1ff49-734b-592e-a117-90a9b350d41d,6d481120-dab0-50c8-8f1b-33cf911e9573,2025-04-09,11:00:00,14:00:00,37,APROBADA
9f5ffe00-5251-5b1b-b244-4ad5a64eba4e,dd609563-702d-543d-a49a-0ce27a83f234,2025-01-04,15:00:00,16:30:00,31,APROBADA
2dd6ed1e-55d6-56fb-8ec1-9208d67e258b,c1489a8f-1dff-511e-b025-5a10261901d7,2025-01-11,18:00:00,19:30:00,25,APROBADA
2fd9e297-21fb-5039-a1d7-30aa806b778e,05a1191e-b84b-597d-b970-b04889cc30ee,2025-01-19,09:30:00,11:00:00,36,APROBADA
c6940671-62f6-58fb-a961-96cc9c4bb1cc,7bcb3d0c-2500-5f01-abe8-d24e962af50e,2025-01-07,15:00:00,17:00:00,25,APROBADA
dbc57193-5570-5f6f-b28a-edebe6c068c8,6c814918-8ba0-52cc-9377-6d60b7946f8b,2025-02-20,14:30:00,15:30:00,38,APROBADA
694f9b6b-51bb-50a8-9acb-9e29dd0e40c5,dd609563-702d-543d-a49a-0ce27a83f234,2025-04-07,10:00:00,12:00:00,35,APROBADA
e476100b-4ed5-55b7-9fd1-b569fae75390,f5e43a2a-032c-562e-837a-ff3c72abffb4,2025-05-14,18:00:00,19:30:00,29,APROBADA
15ff4884-2ab5-54bb-acbc-4883d5c152a6,e5da4cff-29aa-5f05-8532-70f093603e74,2025-04-18,13:00:00,15:00:00,27,APROBADA
5c31a2ce-ffed-51b8-a84f-c7fed65e6370,a40fe9f0-87fa-5853-968f-5cedd5939e8a,2024-11-18,16:30:00,18:30:00,25,APROBADA
2afc296f-5226-5989-8a2c-4717445a82ab,6c814918-8ba0-52cc-9377-6d60b7946f8b,2024-11-20,10:30:00,13:30:00,33,APROBADA
3b14bb0f-3928-5c69-bc54-fec7ae2cceb2,dd609563-702d-543d-a49a-0ce27a83f234,2024-10-10,17:00:00,20:00:00,25,APROBADA
4bea7125-216a-5fb4-ba78-e0a2d337a1e7,0880d439-8834-59c1-bfce-e7f3da722b3f,2025-03-02,11:30:00,14:30:00,38,APROBADA
59299f6a-3f60-536a-a512-9549646d2fd5,6903b35b-c2a6-5770-98e5-743c2bc06b45,2025-01-09,15:00:00,16:00:00,28,APROBADA
c614b19a-f718-5033-9ff2-5bd9810b36de,da1fe6a7-058c-5ad3-a10e-f529804a44b5,2024-07-16,11:00:00,14:00:00,35,APROBADA
b411c5b0-690f-5f93-9fba-37d3c78b5719,706ea773-fd09-5587-a465-302616f9d571,2024-09-18,19:00:00,21:00:00,30,APROBADA
79c6c596-f799-5e7b-83c5-5e7d11555771,1a0b71d7-4721-5998-bd82-de26b25b5771,2025-03-20,11:00:00,13:00:00,29,APROBADA
bc5b6242-e274-53c4-a0d9-3461c88f31da,ef815f08-b586-5f03-964a-a08004eaebf3,2024-12-31,11:30:00,12:30:00,36,APROBADA
e300beaa-7a63-56c3-8571-daf431abbbfc,ef815f08-b586-5f03-964a-a08004eaebf3,2024-10-04,17:30:00,18:30:00,34,APROBADA
cba1f3cd-3be2-508d-b568-45e2254b6795,4b4a10f4-36fa-5109-bc5d-14e24370c164,2024-11-30,15:00:00,16:30:00,31,APROBADA
7619f423-d407-5e91-9a50-9c5e3afbf170,eb4139b4-3715-5623-a990-d045271440a9,2025-04-22,12:30:00,15:30:00,31,APROBADA
b7c5d670-bc2e-5cbd-ac64-e6670caad79e,6c814918-8ba0-52cc-9377-6d60b7946f8b,2025-02-13,13:00:00,14:00:00,31,APROBADA
42ab032a-0a63-52a5-bc1b-c8b5fa1e1feb,d76d770e-14c2-5fea-bf8b-28f95250e124,2024-12-03,11:00:00,12:30:00,28,APROBADA
3265e30c-1f18-5b97-a0ec-0d5918c46b87,1dee66e3-0076-5033-8ba0-70dd67e8aea0,2024-10-31,19:00:00,22:00:00,44,APROBADA
4a9fc6e4-5e3b-54ee-9138-443144054b09,706ea773-fd09-5587-a465-302616f9d571,2024-09-21,14:00:00,15:00:00,33,APROBADA
99f2b904-af12-5657-81bf-780cf9be6069,706ea773-fd09-5587-a465-302616f9d571,2024-11-10,09:30:00,11:30:00,37,APROBADA
3af8737e-4a06-5aad-9ff6-7d009de5c659,b46607fb-d28f-5c06-a3a8-091cb9d995ec,2025-04-19,14:00:00,16:00:00,37,APROBADA
1549e41b-bfca-5441-a047-7b8b5dcb30f7,d76d770e-14c2-5fea-bf8b-28f95250e124,2024-12-23,17:00:00,18:00:00,35,APROBADA
6d058d27-026e-5d63-9d6a-653a9cd171b2,6c814918-8ba0-52cc-9377-6d60b7946f8b,2024-11-22,14:00:00,15:00:00,36,APROBADA
a09ab2b8-95a8-5db0-8527-d5a045cad878,b46607fb-d28f-5c06-a3a8-091cb9d995ec,2025-02-20,16:00:00,18:00:00,36,APROBADA
2c089da7-0f36-567f-9cf6-2bf6151ec44b,1dee66e3-0076-5033-8ba0-70dd67e8aea0,2025-06-23,13:30:00,15:00:00,31,APROBADA
138503bd-8bc9-5efb-855f-0d1fa1ea734f,a22ee2bf-332c-5ac1-ae12-28ce7b0033a1,2025-05-30,18:00:00,19:00:00,33,APROBADA
9c03ea5c-01fa-591d-8920-f9233d322137,0880d439-8834-59c1-bfce-e7f3da722b3f,2025-01-08,10:00:00,13:00:00,45,APROBADA
2c8e3988-e951-5b98-bb42-76d55294f341,da1fe6a7-058c-5ad3-a10e-f529804a44b5,2024-12-13,10:30:00,12:30:00,34,APROBADA
7ab96ba9-665c-5e5b-afe9-696bfeb32a1a,1dee66e3-0076-5033-8ba0-70dd67e8aea0,2024-08-08,18:30:00,19:30:00,32,APROBADA
bff5a6cd-e6c7-5f90-b1dc-e87f16d967b9,da1fe6a7-058c-5ad3-a10e-f529804a44b5,2025-02-15,18:30:00,19:30:00,34,APROBADA
ffdee84c-dc9e-5852-ad43-e8892c546c93,a40fe9f0-87fa-5853-968f-5cedd5939e8a,2025-03-13,07:00:00,09:00:00,31,APROBADA
f4d95192-d464-5352-a820-a63a2cf1ace2,706ea773-fd09-5587-a465-302616f9d571,2025-01-14,12:30:00,13:30:00,30,APROBADA
5977498b-faf4-5a81-8724-c01905f88fbf,aad269e7-97f7-5e2d-9c43-cf84b49bd847,2025-03-23,07:30:00,09:00:00,26,APROBADA
971f7420-5ac0-5fd8-8165-68c5a72b726b,0880d439-8834-59c1-bfce-e7f3da722b3f,2025-01-04,17:30:00,20:30:00,37,APROBADA
cbc69611-de0f-5912-ada2-5cdcda40f87a,d056b3a8-8204-507a-b6c1-1f1203a87651,2025-03-01,10:00:00,11:30:00,25,APROBADA
522c5521-b186-59a0-8f58-c0c82742735b,0880d439-8834-59c1-bfce-e7f3da722b3f,2024-10-28,12:30:00,14:00:00,44,APROBADA
ccd89c2a-6e8a-5e3b-b51e-07d5cc81f62f,b46607fb-d28f-5c06-a3a8-091cb9d995ec,2025-06-09,15:00:00,16:30:00,38,APROBADA
7f4e171a-4a6b-5e28-ab2a-98ba4499609e,ef815f08-b586-5f03-964a-a08004eaebf3,2024-10-22,07:30:00,08:30:00,27,APROBADA
a60a4dc6-96dc-59b1-a629-9aee3765d191,4b4a10f4-36fa-5109-bc5d-14e24370c164,2024-07-04,13:30:00,15:00:00,29,APROBADA
2a444b59-bca1-5de3-8939-f19ef6283394,c1489a8f-1dff-511e-b025-5a10261901d7,2025-03-06,10:30:00,11:30:00,28,APROBADA
360c03da-d43d-51ae-9279-3949660769e0,706ea773-fd09-5587-a465-302616f9d571,2024-11-01,12:30:00,14:00:00,30,APROBADA
d40f7bd4-15d6-54d3-9d3f-8c4d6c5053a8,7bcb3d0c-2500-5f01-abe8-d24e962af50e,2025-03-01,07:30:00,09:30:00,32,APROBADA
0633930c-08ae-5747-86d7-cab347bb2f87,b8969593-19a7-5a43-84c0-d52e63ac0cb4,2025-05-13,15:30:00,16:30:00,28,APROBADA
48203fd0-680f-5d7e-9f36-590a9c899824,a40fe9f0-87fa-5853-968f-5cedd5939e8a,2025-03-28,14:00:00,15:30:00,30,APROBADA
eb36b9ef-b5cc-5136-91ec-42e7e2574dfb,1a0b71d7-4721-5998-bd82-de26b25b5771,2024-07-16,09:30:00,12:30:00,37,APROBADA
26b80194-406c-5f43-b115-b9cac808d96b,8fd4b53b-1d49-5307-8a1a-e184999a4434,2024-07-04,17:00:00,19:00:00,31,APROBADA
717cfddd-f4da-5e74-9bf3-b2b33258d45c,23c254ed-4635-5cec-baa9-656efa7fd130,2025-01-06,16:30:00,18:30:00,29,APROBADA
b691d7ca-3341-5797-a423-bfdddaf872d6,b8969593-19a7-5a43-84c0-d52e63ac0cb4,2025-04-10,17:30:00,19:30:00,26,APROBADA
5d582610-2df2-589e-a719-d0b78aed0e15,ef815f08-b586-5f03-964a-a08004eaebf3,2025-01-12,13:00:00,15:00:00,31,APROBADA
80338ad4-a602-5caf-a8eb-bf3b3e789ebe,d056b3a8-8204-507a-b6c1-1f1203a87651,2025-03-09,07:00:00,08:00:00,28,APROBADA
ef4c82df-22f6-56bb-a28e-02e0766adace,10225e74-7c22-5384-8cdc-396a168ec651,2024-07-24,18:30:00,20:30:00,36,APROBADA
6b5f5a1b-9546-5c89-b946-982b57534d30,0880d439-8834-59c1-bfce-e7f3da722b3f,2025-06-11,12:30:00,14:30:00,45,APROBADA
ce765abb-a85c-5eb2-8682-4d52f6b4c3ed,a40fe9f0-87fa-5853-968f-5cedd5939e8a,2024-11-20,16:30:00,19:30:00,28,APROBADA
dff27da1-4894-56c7-b73e-d541e89ad363,6d481120-dab0-50c8-8f1b-33cf911e9573,2024-12-04,08:30:00,11:30:00,28,APROBADA
11feb011-949d-5f0a-8fd5-3df4de1eeba8,f5e43a2a-032c-562e-837a-ff3c72abffb4,2024-12-03,08:30:00,10:30:00,28,APROBADA
999c43b5-a3d1-5484-8b71-29ea9eccefc4,1a0b71d7-4721-5998-bd82-de26b25b5771,2024-12-20,18:30:00,19:30:00,25,APROBADA
53cc21cb-9ecb-5109-90a3-13daef89970a,dd609563-702d-543d-a49a-0ce27a83f234,2025-04-22,16:00:00,17:30:00,38,APROBADA
b700a47a-f3d4-56eb-8471-2cb02f41c175,706ea773-fd09-5587-a465-302616f9d571,2024-10-12,16:30:00,18:30:00,39,APROBADA
eefb3a20-c16e-5426-8164-b84ed03794ef,6903b35b-c2a6-5770-98e5-743c2bc06b45,2025-04-21,19:00:00,20:00:00,26,APROBADA
81bbaea0-28be-54a8-a37d-cf4b62cdf5e6,10225e74-7c22-5384-8cdc-396a168ec651,2025-04-14,08:30:00,09:30:00,26,APROBADA
6bb31b6a-1dbd-5c55-935e-915cf879a4b3,b46607fb-d28f-5c06-a3a8-091cb9d995ec,2024-12-12,09:30:00,11:30:00,38,APROBADA
3784e908-170c-5741-99f3-e1843200f516,2574a671-d58d-5db3-8c9f-2518d8a8d790,2024-12-01,14:30:00,15:30:00,25,APROBADA
95a6f3ec-e8b5-5b56-a8fe-db2a3f752394,dd609563-702d-543d-a49a-0ce27a83f234,2025-01-21,07:30:00,08:30:00,40,APROBADA
15c0b3fd-90ed-5e55-b091-4ed84f72699e,4b4a10f4-36fa-5109-bc5d-14e24370c164,2025-01-01,16:00:00,17:30:00,29,APROBADA
c74b827b-a653-598a-bb99-ad184f5485d6,b46607fb-d28f-5c06-a3a8-091cb9d995ec,2025-05-24,19:00:00,22:00:00,32,APROBADA
835d45d5-7b7b-5c61-8c90-6276d79c6c0c,706ea773-fd09-5587-a465-302616f9d571,2024-07-16,13:00:00,16:00:00,31,APROBADA
a10b8edf-71d3-512b-ac4e-78dd9b0e474a,7bcb3d0c-2500-5f01-abe8-d24e962af50e,2025-01-04,16:30:00,18:30:00,30,APROBADA
fa8148a2-ca62-5deb-9fca-b4c258fc626e,6903b35b-c2a6-5770-98e5-743c2bc06b45,2024-11-14,17:00:00,18:00:00,36,APROBADA
a819460d-c9a8-5d21-b184-2f12c61b4333,ef815f08-b586-5f03-964a-a08004eaebf3,2025-04-23,08:30:00,11:30:00,31,APROBADA
019ba6a9-50fe-51fe-9b77-f6dd258afd64,1a0b71d7-4721-5998-bd82-de26b25b5771,2025-03-22,10:30:00,12:30:00,38,APROBADA
4a924235-01d4-5aea-a8f9-443574bb1968,2574a671-d58d-5db3-8c9f-2518d8a8d790,2024-09-13,14:00:00,16:00:00,35,APROBADA
59e75341-4d4e-5779-ac5e-37c9f2fdd039,6903b35b-c2a6-5770-98e5-743c2bc06b45,2025-05-24,12:00:00,13:30:00,32,APROBADA
822b23ad-c455-5890-a5c2-b625fa4d635a,10225e74-7c22-5384-8cdc-396a168ec651,2024-07-25,10:00:00,11:30:00,29,APROBADA
2b230f25-3e29-50a5-b65e-17c17e62fd1e,6903b35b-c2a6-5770-98e5-743c2bc06b45,2025-02-13,10:00:00,13:00:00,35,APROBADA
01f8812c-7376-578c-8006-1f4c14f49ca2,4b4a10f4-36fa-5109-bc5d-14e24370c164,2025-05-27,15:00:00,17:00:00,25,APROBADA
6608afce-2c1a-5199-900d-c21db93a02f1,dd609563-702d-543d-a49a-0ce27a83f234,2024-07-30,16:30:00,19:30:00,38,APROBADA
e2a9ae05-77de-57a8-a814-643a2c5c1de6,7d424b25-0f98-5f10-b2a8-ed9ddcd33e7a,2025-06-24,09:30:00,10:30:00,27,APROBADA
9c01d2cb-9194-56e1-ad10-62bedfe4b4b1,d76d770e-14c2-5fea-bf8b-28f95250e124,2024-12-06,16:30:00,18:30:00,27,APROBADA
e3ad0a92-02b2-5f8b-9a7d-227bcde7d174,45b00d8f-2f79-52ba-8b17-e7d6ee0b476f,2025-01-20,17:30:00,18:30:00,33,APROBADA
92d4d1d5-484e-5b69-baaa-af30ab9b7917,a22ee2bf-332c-5ac1-ae12-28ce7b0033a1,2025-05-26,08:30:00,11:30:00,34,APROBADA
1a8bbb88-1d05-5e97-ad74-1e38d654c3ac,b8969593-19a7-5a43-84c0-d52e63ac0cb4,2025-06-18,17:30:00,19:00:00,26,APROBADA
116e6bfa-3fa3-5105-a475-57736131fa49,1dee66e3-0076-5033-8ba0-70dd67e8aea0,2025-06-22,17:30:00,19:30:00,28,APROBADA
ebda1ed5-a44f-56be-a883-e57871e66d5d,7d424b25-0f98-5f10-b2a8-ed9ddcd33e7a,2025-03-04,08:00:00,11:00:00,29,APROBADA
588c1b0f-f628-5ecc-8f82-264357cbaa10,d76d770e-14c2-5fea-bf8b-28f95250e124,2025-01-31,10:30:00,12:30:00,32,APROBADA
640e1c48-270a-5dee-ae50-fc1726738775,dd609563-702d-543d-a49a-0ce27a83f234,2024-12-24,18:30:00,21:30:00,26,APROBADA
45b6b574-ea49-5749-9b9c-c542306e9590,2574a671-d58d-5db3-8c9f-2518d8a8d790,2024-11-19,12:30:00,14:00:00,38,APROBADA
97594601-a193-597b-9397-fb2c595d0e65,d76d770e-14c2-5fea-bf8b-28f95250e124,2025-04-12,12:00:00,15:00:00,38,APROBADA
563ad956-ef1d-543e-87b3-2f548594a291,6d481120-dab0-50c8-8f1b-33cf911e9573,2025-05-04,07:30:00,09:30:00,38,APROBADA
8b98114b-f057-5c19-974a-8510be4d0650,d76d770e-14c2-5fea-bf8b-28f95250e124,2025-05-01,12:00:00,14:00:00,31,APROBADA
1478b551-1f9f-5261-a8c8-e621810fa6fd,45b00d8f-2f79-52ba-8b17-e7d6ee0b476f,2025-04-25,10:30:00,12:30:00,26,APROBADA
520d7d72-fed3-5428-a90c-4221727c97de,4b4a10f4-36fa-5109-bc5d-14e24370c164,2025-03-05,19:00:00,20:00:00,27,APROBADA
81b71c42-5a90-5404-bd38-2b0f4fbf3de0,8fd4b53b-1d49-5307-8a1a-e184999a4434,2024-07-23,18:00:00,21:00:00,35,APROBADA
8d680efc-5d2b-5eaa-ae76-d6384aba7899,6c814918-8ba0-52cc-9377-6d60b7946f8b,2024-07-27,15:00:00,17:00:00,39,APROBADA
008c449d-8e14-5ebd-adf4-6165eaea7e7c,b46607fb-d28f-5c06-a3a8-091cb9d995ec,2024-12-26,12:00:00,15:00:00,33,APROBADA
b217749d-5a5b-5934-bdb4-696336dbc452,da1fe6a7-058c-5ad3-a10e-f529804a44b5,2025-02-24,09:30:00,10:30:00,29,APROBADA
3f4ce590-227b-591e-b7fa-037f80b45728,d7ce39c6-be5b-537a-ae81-d449a1710ff2,2024-07-29,15:00:00,16:00:00,30,APROBADA
75d5411e-dde5-545e-bdbd-2f0519f31af4,e5da4cff-29aa-5f05-8532-70f093603e74,2025-06-15,11:00:00,13:00:00,37,APROBADA
91d274ae-c330-57c1-933f-7e4242295975,8fd4b53b-1d49-5307-8a1a-e184999a4434,2024-12-01,07:30:00,09:00:00,37,APROBADA
dbd189b0-c2cc-5c6d-976e-0cff6bd20888,05a1191e-b84b-597d-b970-b04889cc30ee,2024-07-16,11:00:00,14:00:00,27,APROBADA
eb063929-1c55-5ce6-84e5-659ef9e0addc,c1489a8f-1dff-511e-b025-5a10261901d7,2024-08-28,08:00:00,10:00:00,25,APROBADA
ead88169-e3e8-5487-8943-8ff7be320a92,1dee66e3-0076-5033-8ba0-70dd67e8aea0,2025-05-26,11:30:00,13:30:00,39,APROBADA
41b1a7d6-35f0-5f96-a586-55f8c29b89c9,b46607fb-d28f-5c06-a3a8-091cb9d995ec,2025-04-09,17:00:00,18:00:00,28,APROBADA
c4757487-7c4e-5105-a275-993eb5cfa341,6903b35b-c2a6-5770-98e5-743c2bc06b45,2024-10-09,09:00:00,12:00:00,27,APROBADA
21d0eaad-d556-592e-9e4e-0c8f28ea1a2d,dd609563-702d-543d-a49a-0ce27a83f234,2025-06-23,19:00:00,20:00:00,31,APROBADA
3a69cd2a-5e2a-5ad5-8045-791377df162f,4b4a10f4-36fa-5109-bc5d-14e24370c164,2025-05-09,08:00:00,09:00:00,29,APROBADA
33c4d96f-c261-591e-b154-64def485aef4,6d481120-dab0-50c8-8f1b-33cf911e9573,2024-10-21,09:30:00,11:30:00,36,APROBADA
1183913c-2981-5868-b3d0-fd90480ac7d6,d7ce39c6-be5b-537a-ae81-d449a1710ff2,2024-07-01,18:30:00,20:00:00,35,APROBADA
d8d0022b-f76f-556f-9cc5-16b9b70e3471,eb4139b4-3715-5623-a990-d045271440a9,2024-10-24,14:00:00,17:00:00,28,APROBADA
588e9aeb-4fd3-5178-8171-3c291ca32584,a40fe9f0-87fa-5853-968f-5cedd5939e8a,2025-02-26,18:30:00,21:30:00,29,APROBADA
1d52ab7f-6d5c-5fa7-b7fb-bf658a114f4f,7d424b25-0f98-5f10-b2a8-ed9ddcd33e7a,2024-12-07,13:30:00,15:30:00,40,APROBADA
aab90885-bab5-5a6a-bbc0-67f567199b77,10225e74-7c22-5384-8cdc-396a168ec651,2025-05-12,18:00:00,19:00:00,27,APROBADA
08a79e97-84bc-5360-a58d-29e9a8ce48aa,706ea773-fd09-5587-a465-302616f9d571,2025-04-28,18:00:00,20:00:00,31,APROBADA
4baaaf04-4030-5b24-a138-182b95abadff,1dee66e3-0076-5033-8ba0-70dd67e8aea0,2024-10-03,13:30:00,15:00:00,31,APROBADA
082fad1d-9b37-5665-8936-f7fa14b42c71,8fd4b53b-1d49-5307-8a1a-e184999a4434,2024-12-06,08:00:00,09:30:00,28,APROBADA
385d4ad8-75ef-5384-acb8-24b963b1d625,7d424b25-0f98-5f10-b2a8-ed9ddcd33e7a,2025-03-11,16:00:00,18:00:00,38,APROBADA
15f1497f-5d96-572a-b11f-e028491115f0,23c254ed-4635-5cec-baa9-656efa7fd130,2024-08-06,12:30:00,14:00:00,26,APROBADA
43b43938-14f0-55a5-be46-3cec3dfd186b,eb4139b4-3715-5623-a990-d045271440a9,2024-07-22,11:30:00,14:30:00,29,APROBADA
86ac1991-30fa-5a26-a40c-31b3a7436d2c,e5da4cff-29aa-5f05-8532-70f093603e74,2024-07-18,13:30:00,14:30:00,32,APROBADA
370b8d7d-3ac7-5f47-bcc1-a4a893c91eb7,d056b3a8-8204-507a-b6c1-1f1203a87651,2025-03-10,14:00:00,15:00:00,26,APROBADA
1d8d6fcb-a824-5fd8-965d-0a998de6f295,1a0b71d7-4721-5998-bd82-de26b25b5771,2025-05-16,15:30:00,17:00:00,32,APROBADA
2753389e-441e-502c-b731-b7fd73a0e515,e5da4cff-29aa-5f05-8532-70f093603e74,2025-01-28,07:00:00,09:00:00,26,APROBADA
1f2e39f7-a5f3-508c-a5dd-b075d1b517ed,b46607fb-d28f-5c06-a3a8-091cb9d995ec,2024-07-07,07:00:00,08:00:00,28,APROBADA
8370ea73-1a07-5d85-827f-b8f19be10126,1a0b71d7-4721-5998-bd82-de26b25b5771,2025-01-21,07:30:00,10:30:00,37,APROBADA
77b018d8-0ba5-5bd8-8314-e71271d90e59,05a1191e-b84b-597d-b970-b04889cc30ee,2025-05-04,15:00:00,16:30:00,29,APROBADA
5912069b-f6c5-5081-a212-37c64472a02d,8fd4b53b-1d49-5307-8a1a-e184999a4434,2025-01-17,11:30:00,13:00:00,34,APROBADA
003ade6c-1849-5fc4-8e48-1c60d83aef1d,a40fe9f0-87fa-5853-968f-5cedd5939e8a,2024-09-06,12:30:00,13:30:00,25,APROBADA
5e7e01f4-cf17-51a8-a917-7602a7ddad96,05a1191e-b84b-597d-b970-b04889cc30ee,2024-12-02,14:00:00,15:00:00,32,APROBADA
5918b41c-245a-5c85-a886-2b9dce45bb20,2574a671-d58d-5db3-8c9f-2518d8a8d790,2025-02-18,15:00:00,17:00:00,32,APROBADA
f2b9fc26-1ebf-5bdd-9b41-b8bff8d1436e,a40fe9f0-87fa-5853-968f-5cedd5939e8a,2024-10-20,17:00:00,18:00:00,26,APROBADA
5049b362-ccd5-58fe-98b1-ee32d3d5016a,6c814918-8ba0-52cc-9377-6d60b7946f8b,2025-03-04,14:00:00,15:00:00,31,APROBADA
65ec045c-54f0-56bb-81c5-71b0ef54b695,2574a671-d58d-5db3-8c9f-2518d8a8d790,2024-12-29,07:00:00,10:00:00,35,APROBADA
adf77fb9-eff4-581b-a177-e0bd3fc96caf,10225e74-7c22-5384-8cdc-396a168ec651,2024-09-02,19:00:00,20:30:00,36,APROBADA
b7ae3378-1dff-5bb5-b186-f657ad3bec95,1dee66e3-0076-5033-8ba0-70dd67e8aea0,2025-04-01,16:00:00,17:00:00,39,APROBADA
36afa93e-ad09-5fec-a1bf-8d8e3ecb538b,05a1191e-b84b-597d-b970-b04889cc30ee,2025-05-09,17:00:00,18:00:00,30,APROBADA
5bd56c7f-17ba-5980-ae73-2ea8b8d2e5f7,dd609563-702d-543d-a49a-0ce27a83f234,2024-07-27,11:30:00,13:00:00,27,APROBADA
dc98e720-4327-5e23-80e1-61cd919fb099,d76d770e-14c2-5fea-bf8b-28f95250e124,2024-09-02,08:00:00,09:30:00,36,APROBADA
a366e4dd-b29d-51f3-9b7e-200a7ffd9f61,05a1191e-b84b-597d-b970-b04889cc30ee,2025-04-28,08:30:00,09:30:00,34,APROBADA
272cc01d-5b42-556c-8f0e-16b4b1af5c9a,23c254ed-4635-5cec-baa9-656efa7fd130,2025-06-01,18:30:00,20:00:00,29,APROBADA
3945a693-f8f0-5c8d-97a1-c6f8b20d862f,c1489a8f-1dff-511e-b025-5a10261901d7,2024-11-09,17:30:00,19:00:00,27,APROBADA
15227342-cb95-5797-8c62-a38d1e4b9844,05a1191e-b84b-597d-b970-b04889cc30ee,2024-08-06,08:00:00,11:00:00,25,APROBADA
5b7a9b72-0910-5b1e-80e0-54a8bd42b29b,23c254ed-4635-5cec-baa9-656efa7fd130,2024-10-10,09:00:00,10:00:00,28,APROBADA
abb33c74-2d90-53e2-b4b9-f091c34951dc,b46607fb-d28f-5c06-a3a8-091cb9d995ec,2024-07-13,19:00:00,21:00:00,34,APROBADA
e680852e-5cf7-51cc-8c80-413b9042d8d8,05a1191e-b84b-597d-b970-b04889cc30ee,2024-11-20,08:00:00,09:30:00,28,APROBADA
849c8b77-1e91-5577-92ce-34c392b9ee3d,2574a671-d58d-5db3-8c9f-2518d8a8d790,2025-01-17,12:00:00,15:00:00,39,APROBADA
9087198e-3aef-5d19-b622-419ec333e3b3,e5da4cff-29aa-5f05-8532-70f093603e74,2024-12-07,15:30:00,16:30:00,30,APROBADA
6845ddeb-bc8d-5b56-83f9-05df2181e5f5,45b00d8f-2f79-52ba-8b17-e7d6ee0b476f,2025-05-31,14:00:00,15:30:00,30,APROBADA
ab9f12f0-d12e-54ca-b3a1-4aee21781bd8,10225e74-7c22-5384-8cdc-396a168ec651,2024-09-25,18:00:00,19:30:00,26,APROBADA
c5f5a7ce-0530-59ea-b610-5d8aca040051,1dee66e3-0076-5033-8ba0-70dd67e8aea0,2025-05-12,13:00:00,14:00:00,35,APROBADA
0202feb9-ac32-5151-9b56-23e20a4ff487,05a1191e-b84b-597d-b970-b04889cc30ee,2025-02-07,09:30:00,11:30:00,30,APROBADA
f73ff41f-f599-5803-ad11-d275336b4a49,706ea773-fd09-5587-a465-302616f9d571,2024-09-30,14:00:00,15:00:00,33,APROBADA
67102ff1-5667-5284-a534-1a4986bea114,7d424b25-0f98-5f10-b2a8-ed9ddcd33e7a,2024-07-04,19:00:00,20:30:00,31,APROBADA
bf0648cf-700a-59c9-b333-d22e92fab6b2,706ea773-fd09-5587-a465-302616f9d571,2025-01-28,10:30:00,13:30:00,27,APROBADA
921c95b4-e522-5c1b-9460-09653454c2dd,1dee66e3-0076-5033-8ba0-70dd67e8aea0,2024-11-02,14:00:00,16:00:00,44,APROBADA
8a2fd7ec-6ef9-5980-aad5-43d9938d587f,45b00d8f-2f79-52ba-8b17-e7d6ee0b476f,2025-04-29,08:30:00,10:30:00,29,APROBADA
16ad5cb3-3fd0-5c38-a607-758f293cfad5,1dee66e3-0076-5033-8ba0-70dd67e8aea0,2024-12-23,19:00:00,20:30:00,34,APROBADA
0020a906-e7d1-53f9-a0f0-6b9afb8c6a97,aad269e7-97f7-5e2d-9c43-cf84b49bd847,2024-10-11,13:00:00,14:00:00,29,APROBADA
b44890bb-4649-5c3c-9a07-234148a17d62,1dee66e3-0076-5033-8ba0-70dd67e8aea0,2024-08-13,15:30:00,16:30:00,38,APROBADA
c6c7af64-7c3a-53e6-a82c-ce5a16baf056,706ea773-fd09-5587-a465-302616f9d571,2024-12-21,18:30:00,21:30:00,35,APROBADA
9d74cf93-d3e3-54a0-8b27-41c0c88eede6,45b00d8f-2f79-52ba-8b17-e7d6ee0b476f,2024-12-04,11:00:00,14:00:00,26,APROBADA
206b8285-d89c-553a-bb50-17a3fb8f759d,dd609563-702d-543d-a49a-0ce27a83f234,2025-01-02,17:30:00,19:00:00,34,APROBADA
e984affc-afa2-53c1-8ec0-06ba2f339fdc,e5da4cff-29aa-5f05-8532-70f093603e74,2025-05-24,11:30:00,14:30:00,31,APROBADA
75cfe8f2-b13d-5154-bb4a-607f32098b32,1a0b71d7-4721-5998-bd82-de26b25b5771,2024-07-12,11:00:00,12:30:00,30,APROBADA
3c0f3165-b668-5c48-be2a-2b74dde3c984,6903b35b-c2a6-5770-98e5-743c2bc06b45,2024-11-04,17:30:00,19:30:00,26,APROBADA
0f3e7de7-8570-54c4-895e-1250d5f0dbaf,05a1191e-b84b-597d-b970-b04889cc30ee,2025-04-26,11:00:00,12:30:00,34,APROBADA
c12e72a4-11b8-5478-925b-0528be14a696,10225e74-7c22-5384-8cdc-396a168ec651,2024-07-26,07:30:00,09:30:00,26,APROBADA
8fed7a62-b79c-5bb5-8b6a-2123c7eed313,706ea773-fd09-5587-a465-302616f9d571,2025-06-14,10:30:00,12:30:00,30,APROBADA
a6851590-c9d2-5319-83b7-0a4d7ce82c05,6c814918-8ba0-52cc-9377-6d60b7946f8b,2025-04-30,07:30:00,09:00:00,29,APROBADA
820bddfd-1512-56a3-8fc6-6de956711324,10225e74-7c22-5384-8cdc-396a168ec651,2025-04-22,12:30:00,14:00:00,36,APROBADA
c2da5117-bd96-51f1-8eb4-55a44c686cfb,b46607fb-d28f-5c06-a3a8-091cb9d995ec,2024-12-09,11:00:00,12:00:00,33,APROBADA
198c167c-1163-5607-a060-3730d3985ce7,d76d770e-14c2-5fea-bf8b-28f95250e124,2024-10-16,07:00:00,10:00:00,34,APROBADA
0367dd42-e55f-5d25-917d-45a4c4adb22d,7d424b25-0f98-5f10-b2a8-ed9ddcd33e7a,2024-07-06,07:30:00,09:30:00,33,APROBADA
8e972292-d262-5547-b17d-bc20d3e839b7,6d481120-dab0-50c8-8f1b-33cf911e9573,2024-12-05,12:30:00,14:30:00,31,APROBADA
47bdd8c2-ec27-5df8-981b-f68e0d4cc70f,45b00d8f-2f79-52ba-8b17-e7d6ee0b476f,2025-05-25,15:30:00,17:30:00,36,APROBADA
bf1b05f2-c7cc-536d-a9ed-2ec27fbf7f5e,1a0b71d7-4721-5998-bd82-de26b25b5771,2024-10-05,18:30:00,21:30:00,32,APROBADA
c5e8a1a8-50dc-5f20-b08c-c132750f13ff,d056b3a8-8204-507a-b6c1-1f1203a87651,2024-11-08,14:30:00,16:30:00,25,APROBADA
d2484409-8dc8-56c4-8a24-093fa7dd9f8c,0880d439-8834-59c1-bfce-e7f3da722b3f,2024-12-01,14:00:00,16:00:00,35,APROBADA
92f102e6-3590-5178-b7a5-d1f0199294af,da1fe6a7-058c-5ad3-a10e-f529804a44b5,2024-07-27,13:30:00,15:30:00,36,APROBADA
2eb43242-177b-5fdb-8b75-a90557602f9c,706ea773-fd09-5587-a465-302616f9d571,2024-10-16,19:00:00,21:00:00,25,APROBADA
e9cd45d0-fdab-5577-b405-9b94db69efac,6c814918-8ba0-52cc-9377-6d60b7946f8b,2025-01-19,17:00:00,18:30:00,29,APROBADA
c127b44b-4e65-509c-b41b-4c8d65d9eb01,2574a671-d58d-5db3-8c9f-2518d8a8d790,2025-06-09,07:30:00,10:30:00,34,APROBADA
803a2b7f-aac3-5165-abab-587caac3370b,1dee66e3-0076-5033-8ba0-70dd67e8aea0,2024-11-09,15:00:00,16:00:00,34,APROBADA
bd32fe61-980d-5457-80b5-b4ce7d650aba,e5da4cff-29aa-5f05-8532-70f093603e74,2024-10-04,15:00:00,18:00:00,34,APROBADA
150a3185-5008-5273-b8d3-cf88b837ca15,45b00d8f-2f79-52ba-8b17-e7d6ee0b476f,2024-10-17,17:30:00,19:00:00,32,APROBADA
742ba5e9-27fd-557a-a3fc-312888a5631b,8fd4b53b-1d49-5307-8a1a-e184999a4434,2025-02-07,17:30:00,20:30:00,40,APROBADA
cfdce039-4830-5e27-9cf1-59750d9e2391,6903b35b-c2a6-5770-98e5-743c2bc06b45,2024-08-27,17:30:00,18:30:00,35,APROBADA
bbaa87aa-ce92-5786-8a2f-2eb6e17b1b85,05a1191e-b84b-597d-b970-b04889cc30ee,2024-10-27,10:30:00,12:00:00,28,APROBADA
7a624b03-d4b8-57f3-946a-97d763a69f55,e5da4cff-29aa-5f05-8532-70f093603e74,2024-07-20,18:00:00,20:00:00,27,APROBADA
1c8ee0cc-c98d-5e4b-b256-6282df712ad5,b46607fb-d28f-5c06-a3a8-091cb9d995ec,2025-04-22,19:00:00,21:00:00,40,APROBADA
878b71f7-e978-55f0-9e78-cd0236d3db8a,23c254ed-4635-5cec-baa9-656efa7fd130,2024-09-18,08:00:00,09:00:00,27,APROBADA
a7cc8f5a-3253-5214-a522-81264ebf3f23,7bcb3d0c-2500-5f01-abe8-d24e962af50e,2025-03-31,07:30:00,09:30:00,27,APROBADA
814ae5b8-dba7-5870-a701-015fea59a6c5,d056b3a8-8204-507a-b6c1-1f1203a87651,2024-11-16,12:30:00,15:30:00,26,APROBADA
8594babf-59d1-504c-bd5c-5401e6c7a5c5,d056b3a8-8204-507a-b6c1-1f1203a87651,2024-09-02,11:30:00,12:30:00,25,APROBADA
30766e19-b2a7-549f-84f6-8eaea6d1e734,a40fe9f0-87fa-5853-968f-5cedd5939e8a,2025-01-18,16:00:00,19:00:00,29,APROBADA
ed7da25d-3232-581c-b23e-b8a51f68fe08,b46607fb-d28f-5c06-a3a8-091cb9d995ec,2024-10-12,09:00:00,12:00:00,32,APROBADA
369ba1ad-00ba-5ef4-a60a-5551a83e9264,a40fe9f0-87fa-5853-968f-5cedd5939e8a,2025-02-23,12:00:00,14:00:00,28,APROBADA
484bbdff-d09e-5f2c-8889-4be0afc0e302,706ea773-fd09-5587-a465-302616f9d571,2025-02-20,07:30:00,08:30:00,29,APROBADA
3034fcf7-abcf-5e54-9860-8a5821156d59,d7ce39c6-be5b-537a-ae81-d449a1710ff2,2025-05-03,07:00:00,09:00:00,42,APROBADA
68c3f692-b3b9-5b90-8618-9515cfc0bad9,6c814918-8ba0-52cc-9377-6d60b7946f8b,2025-04-21,16:30:00,17:30:00,31,APROBADA
90a7991b-57e5-5e82-b823-b2fcb1255b1a,10225e74-7c22-5384-8cdc-396a168ec651,2025-01-07,07:00:00,09:00:00,27,APROBADA
3271a4dd-3db2-5668-9f0d-1210ceb80551,7d424b25-0f98-5f10-b2a8-ed9ddcd33e7a,2025-04-28,17:30:00,19:30:00,26,APROBADA
daf4479b-fa60-5ae2-9cb2-37ef25a38e84,c1489a8f-1dff-511e-b025-5a10261901d7,2025-03-17,11:30:00,13:30:00,26,APROBADA
4f5ad8b2-db1e-50c7-9aee-35a6c796f599,b8969593-19a7-5a43-84c0-d52e63ac0cb4,2024-07-12,07:30:00,09:00:00,29,APROBADA
28c3efb4-7f39-5f10-bc1f-98247f31b1da,6d481120-dab0-50c8-8f1b-33cf911e9573,2024-07-27,18:30:00,20:30:00,31,APROBADA
a5bee8a3-5d15-5023-be3b-5dcbda7d26c5,05a1191e-b84b-597d-b970-b04889cc30ee,2024-09-25,10:00:00,12:00:00,26,APROBADA
3a619c6c-1db2-5913-81d8-8b08ee918204,2574a671-d58d-5db3-8c9f-2518d8a8d790,2025-06-21,09:30:00,11:30:00,32,APROBADA
416b0b6b-48f6-52e3-97d4-2af6df55e408,d7ce39c6-be5b-537a-ae81-d449a1710ff2,2024-09-03,18:30:00,21:30:00,36,APROBADA
d966f43a-8ae5-5b8f-89f5-0cb63f41413f,706ea773-fd09-5587-a465-302616f9d571,2025-05-18,16:00:00,17:00:00,40,APROBADA
a5132b11-f492-5a05-bda5-79cd96c7fde6,b8969593-19a7-5a43-84c0-d52e63ac0cb4,2024-08-31,13:30:00,15:00:00,28,APROBADA
7a1a767a-1513-50d5-b9e9-a27bf94bcc65,d7ce39c6-be5b-537a-ae81-d449a1710ff2,2025-01-29,10:30:00,12:00:00,33,APROBADA
fe051fb8-d6ca-5193-8fef-9b653c4a8269,0880d439-8834-59c1-bfce-e7f3da722b3f,2025-06-04,11:00:00,13:00:00,31,APROBADA
75e319ac-566f-5b98-86d5-71275c6e01db,10225e74-7c22-5384-8cdc-396a168ec651,2025-01-07,10:00:00,12:00:00,33,APROBADA
68231fe2-813c-58b3-8bd8-5439d034c683,b46607fb-d28f-5c06-a3a8-091cb9d995ec,2024-07-26,15:00:00,16:00:00,33,APROBADA
c01adc3b-5b3a-5280-8bd1-042dce891800,ef815f08-b586-5f03-964a-a08004eaebf3,2024-12-05,17:00:00,18:30:00,36,APROBADA
23ca673d-a471-5255-b5f6-7f081978ff3a,dd609563-702d-543d-a49a-0ce27a83f234,2024-10-02,07:30:00,08:30:00,32,APROBADA
66f47a5e-8c31-52c7-8445-a6e13314de29,b46607fb-d28f-5c06-a3a8-091cb9d995ec,2025-06-24,15:00:00,17:00:00,38,APROBADA
7169743c-dcff-57bc-b358-1b2ad791e607,706ea773-fd09-5587-a465-302616f9d571,2024-09-09,07:30:00,09:30:00,32,APROBADA
ec5e5aca-010c-5a4b-ab0d-93d6b25123f8,0880d439-8834-59c1-bfce-e7f3da722b3f,2024-07-05,17:00:00,18:30:00,32,APROBADA
287c526e-5af4-5170-9aa6-6458f2058204,aad269e7-97f7-5e2d-9c43-cf84b49bd847,2025-03-20,09:30:00,12:30:00,27,APROBADA
be6ace98-38b8-5eb6-adf7-98b9b60bca06,d7ce39c6-be5b-537a-ae81-d449a1710ff2,2024-12-12,12:30:00,14:00:00,44,APROBADA
a600a646-48ff-55d5-bd3a-5be58b20f871,a22ee2bf-332c-5ac1-ae12-28ce7b0033a1,2025-03-28,15:00:00,17:00:00,36,APROBADA
21f5d45b-60f1-5657-9276-08c4837c90e7,ef815f08-b586-5f03-964a-a08004eaebf3,2025-05-20,14:00:00,17:00:00,35,APROBADA
bc996810-df8e-55c1-89b4-0891a79e4971,e5da4cff-29aa-5f05-8532-70f093603e74,2025-01-27,07:00:00,08:30:00,34,APROBADA
b8d668a4-9b93-5a3e-8997-1b4039494034,8fd4b53b-1d49-5307-8a1a-e184999a4434,2025-04-15,10:00:00,11:00:00,38,APROBADA
d6d2c1c9-8677-55e5-b49f-113df2b5bfe1,45b00d8f-2f79-52ba-8b17-e7d6ee0b476f,2025-06-08,15:00:00,16:00:00,36,APROBADA
11700fc3-89b4-58cd-827f-41f6a3455c2b,d7ce39c6-be5b-537a-ae81-d449a1710ff2,2024-10-05,07:00:00,09:00:00,31,APROBADA
c299b95f-e289-5023-b926-5d58f115c581,6d481120-dab0-50c8-8f1b-33cf911e9573,2024-10-28,14:00:00,17:00:00,44,APROBADA
597137e4-2ec5-584e-9af3-9cedac53de7c,d7ce39c6-be5b-537a-ae81-d449a1710ff2,2024-11-10,13:00:00,14:00:00,36,APROBADA
762ae7ae-1d53-5523-90f3-5dd598f365aa,6d481120-dab0-50c8-8f1b-33cf911e9573,2025-03-29,08:30:00,11:30:00,44,APROBADA
a10ac45b-2ac0-5edf-8051-93ce14bbed4e,1a0b71d7-4721-5998-bd82-de26b25b5771,2025-01-10,07:00:00,09:00:00,30,APROBADA
23f303b0-8ce4-5763-98fb-338b7d6d2f6f,8fd4b53b-1d49-5307-8a1a-e184999a4434,2024-08-30,13:00:00,15:00:00,36,APROBADA
a7838b78-0802-501a-abcc-bdd12b26dfdd,05a1191e-b84b-597d-b970-b04889cc30ee,2025-05-03,18:00:00,19:30:00,33,APROBADA
8f501332-317a-57d1-9dec-ad27d70fa412,b46607fb-d28f-5c06-a3a8-091cb9d995ec,2024-10-13,09:30:00,11:30:00,40,APROBADA
ea47920b-d69b-588f-a79d-1f58c9fdb4c3,0880d439-8834-59c1-bfce-e7f3da722b3f,2024-09-09,07:00:00,09:00:00,41,APROBADA
470c27e2-af69-5b80-be63-50f790c98474,b8969593-19a7-5a43-84c0-d52e63ac0cb4,2024-07-15,07:30:00,09:00:00,29,APROBADA
bd954647-9243-55dc-b12a-7a7b91ae16bf,05a1191e-b84b-597d-b970-b04889cc30ee,2025-04-09,09:00:00,10:00:00,33,APROBADA
9e410c84-c539-5998-af05-47d7d8fb6877,d76d770e-14c2-5fea-bf8b-28f95250e124,2024-11-28,13:30:00,16:30:00,34,APROBADA
197f704a-6281-5e40-a45c-fd8462efcdc9,6d481120-dab0-50c8-8f1b-33cf911e9573,2025-01-02,10:30:00,12:30:00,38,APROBADA
fc60d98c-7abe-5c98-ac62-644ed7af112a,45b00d8f-2f79-52ba-8b17-e7d6ee0b476f,2024-09-12,10:00:00,13:00:00,36,APROBADA
1b257dbd-41c6-5a00-a4b3-47c9e4252e67,e5da4cff-29aa-5f05-8532-70f093603e74,2024-09-30,10:00:00,11:30:00,34,APROBADA
d12901a0-4578-5a99-9782-66be04bc28ac,aad269e7-97f7-5e2d-9c43-cf84b49bd847,2025-01-17,13:00:00,15:00:00,27,APROBADA
429f5aeb-73a0-58a0-b903-adc00126d865,b46607fb-d28f-5c06-a3a8-091cb9d995ec,2025-06-30,18:00:00,21:00:00,35,APROBADA
3044bd0f-e998-5e46-8449-684d7922c26c,05a1191e-b84b-597d-b970-b04889cc30ee,2025-03-04,08:00:00,09:30:00,32,APROBADA
0d3206bc-9fea-5d1f-9d18-238df744eb2e,ef815f08-b586-5f03-964a-a08004eaebf3,2025-05-28,17:00:00,20:00:00,29,APROBADA
2aa5ae2b-3448-5cb7-bad5-fa738614db63,7bcb3d0c-2500-5f01-abe8-d24e962af50e,2025-02-26,08:30:00,09:30:00,28,APROBADA
11348b04-e74f-549a-968a-3a681843842a,0880d439-8834-59c1-bfce-e7f3da722b3f,2024-12-21,07:30:00,09:30:00,36,APROBADA
1d72bffb-bdaf-5375-a33c-dc33f9b47e86,2574a671-d58d-5db3-8c9f-2518d8a8d790,2024-10-11,08:30:00,10:30:00,26,APROBADA
c2bf8bb5-fe5d-5f2b-970a-2cffad7394c8,1dee66e3-0076-5033-8ba0-70dd67e8aea0,2024-08-16,17:00:00,19:00:00,36,APROBADA
092205b9-dd82-5a93-a7ee-d8419e981573,6903b35b-c2a6-5770-98e5-743c2bc06b45,2024-09-06,09:00:00,11:00:00,25,APROBADA
8d528633-8d1d-51a4-8ac8-4e05465d86f8,45b00d8f-2f79-52ba-8b17-e7d6ee0b476f,2024-08-29,14:00:00,17:00:00,34,APROBADA
bd8d1037-030c-5097-b34d-de45b931f0b7,ef815f08-b586-5f03-964a-a08004eaebf3,2024-08-08,14:30:00,17:30:00,31,APROBADA
166fea5f-e70e-5f8e-bf1c-0cac3ab72daf,6c814918-8ba0-52cc-9377-6d60b7946f8b,2025-01-10,17:30:00,20:30:00,32,APROBADA
915ff3de-1dc8-5eb2-9a09-da032ec4504a,45b00d8f-2f79-52ba-8b17-e7d6ee0b476f,2024-10-06,16:30:00,17:30:00,25,APROBADA
30d5d034-6c5b-59a3-8c1e-8221321ef37f,d76d770e-14c2-5fea-bf8b-28f95250e124,2024-12-18,10:00:00,11:00:00,34,APROBADA
1eb1ca29-818f-5b7b-ae7a-bf8ce4d4aa01,6903b35b-c2a6-5770-98e5-743c2bc06b45,2024-07-04,16:30:00,18:00:00,36,APROBADA
c401390d-0d6a-5fab-8bfb-f36945f17a10,6903b35b-c2a6-5770-98e5-743c2bc06b45,2025-01-29,08:00:00,10:00:00,31,APROBADA
899cf440-2c4a-5247-b54e-2b5a96e91c7f,7d424b25-0f98-5f10-b2a8-ed9ddcd33e7a,2025-04-30,16:00:00,18:00:00,36,APROBADA
d1fa0fa4-925c-55bf-a1d9-4c2177d5b43b,6d481120-dab0-50c8-8f1b-33cf911e9573,2025-05-28,10:30:00,13:30:00,41,APROBADA
a705d1a3-a4f9-5e12-a4b4-7c9f6759be57,d056b3a8-8204-507a-b6c1-1f1203a87651,2025-06-09,15:00:00,18:00:00,29,APROBADA
9f4e57e7-d8e3-57fc-bff2-9a8d59b36852,1dee66e3-0076-5033-8ba0-70dd67e8aea0,2024-08-01,13:30:00,15:30:00,43,APROBADA
53f0c775-4d6e-5840-a070-779df9791026,1dee66e3-0076-5033-8ba0-70dd67e8aea0,2025-02-26,09:00:00,10:00:00,27,APROBADA
2e5c5cb1-295d-56e0-8ae2-91eada0b494c,6c814918-8ba0-52cc-9377-6d60b7946f8b,2025-06-27,15:00:00,16:30:00,33,APROBADA
755d8c2c-a3fe-5354-ac86-eb89c119ea79,da1fe6a7-058c-5ad3-a10e-f529804a44b5,2024-09-16,18:00:00,19:00:00,36,APROBADA
b7683390-7df4-5a93-a6a2-994977e8ff8d,b46607fb-d28f-5c06-a3a8-091cb9d995ec,2024-12-10,11:00:00,13:00:00,29,APROBADA
5e38bbcf-da2b-5982-aadd-8665b16090f3,706ea773-fd09-5587-a465-302616f9d571,2025-05-31,18:00:00,21:00:00,36,APROBADA
37c958ea-211f-5b4e-ba0b-65b594c912ef,a22ee2bf-332c-5ac1-ae12-28ce7b0033a1,2024-12-15,11:30:00,13:30:00,34,APROBADA
06f9f39a-1f98-5a20-97ec-78103e347fd7,0880d439-8834-59c1-bfce-e7f3da722b3f,2024-09-22,17:30:00,19:30:00,42,APROBADA
267ccea3-3bf9-5bd9-8eed-800799a1df12,6c814918-8ba0-52cc-9377-6d60b7946f8b,2024-11-01,11:00:00,12:00:00,36,APROBADA
4ef8c11b-9abc-5a20-8ba2-2468b0ff20ee,dd609563-702d-543d-a49a-0ce27a83f234,2025-04-19,08:00:00,10:00:00,25,APROBADA
81853d28-30e4-52fa-8e27-ab747a84d53d,d056b3a8-8204-507a-b6c1-1f1203a87651,2024-10-03,10:30:00,11:30:00,27,APROBADA
4ef83d7a-465a-5852-8ab4-b43b0025c70b,6903b35b-c2a6-5770-98e5-743c2bc06b45,2024-09-05,19:00:00,22:00:00,33,APROBADA
c577f876-5353-5a6a-ad78-8b78a7845315,d76d770e-14c2-5fea-bf8b-28f95250e124,2024-10-18,11:00:00,13:00:00,40,APROBADA
6131bba4-5928-5a7a-b3d8-1f9b072d5c6d,a22ee2bf-332c-5ac1-ae12-28ce7b0033a1,2025-03-27,10:30:00,12:30:00,30,APROBADA
519a577e-680a-5392-ae0b-a51bf496bf74,0880d439-8834-59c1-bfce-e7f3da722b3f,2025-05-10,15:30:00,18:30:00,38,APROBADA
2a38c299-1ee9-53d6-8bcd-bb9c51011ba1,706ea773-fd09-5587-a465-302616f9d571,2025-02-15,18:30:00,19:30:00,25,APROBADA
bced61b3-9db9-5280-8704-24cc1ff0ac91,b46607fb-d28f-5c06-a3a8-091cb9d995ec,2024-07-14,11:30:00,13:30:00,36,APROBADA
6bed1d49-648f-5faa-9ae7-45d327199ffd,7d424b25-0f98-5f10-b2a8-ed9ddcd33e7a,2024-07-04,19:00:00,20:00:00,31,APROBADA
6f7a96f2-4658-54de-8c43-0a480a1517bc,0880d439-8834-59c1-bfce-e7f3da722b3f,2025-03-07,12:30:00,13:30:00,42,APROBADA
cff17de7-d984-59ca-8361-3b5d8dae67e3,4b4a10f4-36fa-5109-bc5d-14e24370c164,2024-08-26,08:00:00,11:00:00,30,APROBADA
041ee1e8-e7ee-549b-930a-cc63936608e6,23c254ed-4635-5cec-baa9-656efa7fd130,2025-05-06,16:30:00,18:00:00,30,APROBADA
f132feee-331e-5060-a8ae-d40c7248737d,d76d770e-14c2-5fea-bf8b-28f95250e124,2025-04-06,12:00:00,14:00:00,36,APROBADA
2df9c263-c517-5f8f-8c9b-6073525dbb17,706ea773-fd09-5587-a465-302616f9d571,2025-06-17,10:30:00,12:30:00,37,APROBADA
94246153-fa92-5e7b-928e-1cca6e8536d6,e5da4cff-29aa-5f05-8532-70f093603e74,2024-07-26,14:00:00,15:30:00,31,APROBADA
6d91468e-f342-5d90-af97-9ae8aa030c88,2574a671-d58d-5db3-8c9f-2518d8a8d790,2025-06-18,07:30:00,09:30:00,33,APROBADA
d63cd880-f140-5cc2-a01e-4a28e1f438a5,c1489a8f-1dff-511e-b025-5a10261901d7,2025-02-09,18:00:00,20:00:00,32,APROBADA
186f5f2a-2f39-522a-b958-1e69eddcd1ca,b46607fb-d28f-5c06-a3a8-091cb9d995ec,2024-09-03,16:30:00,17:30:00,35,APROBADA
6e601ca7-654f-54a6-8d8e-0cc3f9e1529c,1dee66e3-0076-5033-8ba0-70dd67e8aea0,2025-05-11,19:00:00,22:00:00,35,APROBADA
c33dbd60-3391-5e46-85b9-a03fb28c383f,d056b3a8-8204-507a-b6c1-1f1203a87651,2024-12-16,09:30:00,10:30:00,30,APROBADA
a50a9b7d-1e7d-5a6d-8552-bf20385c8ed4,dd609563-702d-543d-a49a-0ce27a83f234,2025-02-25,13:00:00,15:00:00,28,APROBADA
eb33441c-a96f-583e-b34b-28ebb020d0fb,6903b35b-c2a6-5770-98e5-743c2bc06b45,2025-02-26,15:30:00,18:30:00,25,APROBADA
c83f33b6-fd6d-5633-89cf-8095062f472c,b8969593-19a7-5a43-84c0-d52e63ac0cb4,2025-01-06,18:00:00,19:00:00,30,APROBADA
9be8e5a2-a1c2-57b4-b7a5-cb4425a3e5a9,0880d439-8834-59c1-bfce-e7f3da722b3f,2025-06-09,12:00:00,13:00:00,35,APROBADA
c2d1e912-da06-5839-9136-ee814574b6f9,a22ee2bf-332c-5ac1-ae12-28ce7b0033a1,2024-10-28,08:00:00,09:30:00,33,APROBADA
70f6574f-2e7c-5766-b9f2-879cefdc9aff,d76d770e-14c2-5fea-bf8b-28f95250e124,2024-07-05,10:00:00,12:00:00,32,APROBADA
11a86fa5-8da9-5d28-9905-3bfda3303f19,ef815f08-b586-5f03-964a-a08004eaebf3,2025-04-10,10:00:00,13:00:00,27,APROBADA
1c7cf97a-c928-5400-8940-52cc2ff46a6e,4b4a10f4-36fa-5109-bc5d-14e24370c164,2025-04-18,07:00:00,09:00:00,25,APROBADA
ac4d93be-09f1-5638-9b0b-6177820fb262,d7ce39c6-be5b-537a-ae81-d449a1710ff2,2024-10-23,17:30:00,20:30:00,40,APROBADA
e99822a6-0104-509a-b0ad-c68dff7eb53c,a22ee2bf-332c-5ac1-ae12-28ce7b0033a1,2024-08-08,11:30:00,13:30:00,31,APROBADA
752a38bd-c0c5-544c-bba5-76c8fd1af441,7d424b25-0f98-5f10-b2a8-ed9ddcd33e7a,2025-01-27,11:00:00,12:00:00,37,APROBADA
515ea9bd-178a-59aa-b410-33af62c88cc8,0880d439-8834-59c1-bfce-e7f3da722b3f,2024-08-10,11:30:00,13:30:00,30,APROBADA
09c904e0-afaf-58f1-878d-a8c7b56dad42,1a0b71d7-4721-5998-bd82-de26b25b5771,2024-07-22,11:00:00,14:00:00,45,APROBADA
7a4f318f-18d0-55d1-9b6e-25a11ff51457,b46607fb-d28f-5c06-a3a8-091cb9d995ec,2024-07-01,19:00:00,22:00:00,40,APROBADA
3bfb26d2-a9f5-5321-b391-5f907456a19d,eb4139b4-3715-5623-a990-d045271440a9,2025-03-20,15:00:00,16:00:00,30,APROBADA
8c3892ab-30c9-5be7-bb59-22e6136d5709,6c814918-8ba0-52cc-9377-6d60b7946f8b,2024-11-07,12:00:00,13:00:00,30,APROBADA
c60b559f-5d06-56a0-951f-635713913488,aad269e7-97f7-5e2d-9c43-cf84b49bd847,2024-07-03,17:00:00,18:30:00,27,APROBADA
e81ffb72-6b79-514d-ac51-e0f8a9a162a7,45b00d8f-2f79-52ba-8b17-e7d6ee0b476f,2024-10-08,08:30:00,11:30:00,36,APROBADA
15743afd-0f27-5d6b-a9be-6b1d180dcb0b,706ea773-fd09-5587-a465-302616f9d571,2024-09-17,08:00:00,09:30:00,36,APROBADA
aecd1cfd-622b-54e2-b010-6b22d3cb12f9,c1489a8f-1dff-511e-b025-5a10261901d7,2025-02-23,10:30:00,12:30:00,32,APROBADA
62e6003e-7699-5315-8e6b-883689d4f467,d76d770e-14c2-5fea-bf8b-28f95250e124,2025-03-21,17:30:00,19:00:00,33,APROBADA
9f72ccee-bd09-5860-8679-126a8cc6804e,2574a671-d58d-5db3-8c9f-2518d8a8d790,2025-04-13,07:30:00,09:00:00,35,APROBADA
33a3142d-b962-539d-8f25-28c88830638e,2574a671-d58d-5db3-8c9f-2518d8a8d790,2025-05-01,18:30:00,20:00:00,27,APROBADA
8e4ca4ff-466a-5eae-8837-cf1607bd1aa6,a22ee2bf-332c-5ac1-ae12-28ce7b0033a1,2025-02-20,07:30:00,09:00:00,29,APROBADA
12b0f58a-f11e-52d3-bffe-1b442a8b0b68,23c254ed-4635-5cec-baa9-656efa7fd130,2024-10-14,09:00:00,11:00:00,32,APROBADA
e981397a-f3d4-54f0-ac04-7d30322533ac,dd609563-702d-543d-a49a-0ce27a83f234,2025-01-20,13:30:00,15:00:00,35,APROBADA
b76128cf-aa7c-5497-8de1-b9bf9b782870,8fd4b53b-1d49-5307-8a1a-e184999a4434,2024-07-28,07:00:00,09:00:00,33,APROBADA
9dc14aed-ce5e-5d63-a7ad-59f44d7870e3,706ea773-fd09-5587-a465-302616f9d571,2024-08-15,12:30:00,14:00:00,27,APROBADA
478c4334-9561-5ec9-ab31-245836f8834c,7d424b25-0f98-5f10-b2a8-ed9ddcd33e7a,2025-06-08,16:30:00,17:30:00,30,APROBADA
66aa7e34-5227-5b25-a733-3175c57202d9,2574a671-d58d-5db3-8c9f-2518d8a8d790,2024-08-21,16:00:00,17:00:00,39,APROBADA
9e428bbd-d2d7-522e-ac2b-52ca681c2cbc,4b4a10f4-36fa-5109-bc5d-14e24370c164,2024-09-25,16:30:00,18:30:00,25,APROBADA
3105f495-6e29-58ad-99b6-ed16aadaeffd,a22ee2bf-332c-5ac1-ae12-28ce7b0033a1,2024-11-02,11:30:00,13:00:00,33,APROBADA
b9dab5aa-e210-5d97-b824-2fc2251cd662,d76d770e-14c2-5fea-bf8b-28f95250e124,2025-05-24,13:00:00,16:00:00,29,APROBADA
cec90424-05c7-5bdb-bab2-5e13af07dfc1,c1489a8f-1dff-511e-b025-5a10261901d7,2025-03-28,17:00:00,19:00:00,27,APROBADA
e1f5ca48-716c-599b-82b2-a8d3c3a81f29,a40fe9f0-87fa-5853-968f-5cedd5939e8a,2024-08-25,07:30:00,08:30:00,30,APROBADA
763eaadc-cf77-54f2-b559-ff8b81571cbb,a40fe9f0-87fa-5853-968f-5cedd5939e8a,2024-12-14,12:30:00,13:30:00,28,APROBADA
52b172f5-35f0-593f-a903-7b2f897cfe18,ef815f08-b586-5f03-964a-a08004eaebf3,2025-03-04,13:00:00,15:00:00,31,APROBADA
ce477a0c-7644-5e20-9bb9-1f11e8d5a30d,c1489a8f-1dff-511e-b025-5a10261901d7,2024-09-19,18:30:00,19:30:00,28,APROBADA
8bb8c9e4-3a93-504f-be63-725be955bf06,45b00d8f-2f79-52ba-8b17-e7d6ee0b476f,2024-11-24,08:30:00,11:30:00,32,APROBADA
9af9a343-bd24-50f5-a611-da1f76acde87,8fd4b53b-1d49-5307-8a1a-e184999a4434,2025-04-29,13:00:00,14:30:00,39,APROBADA
4d3b2972-a77d-5377-9e0b-3e78f91d025f,1dee66e3-0076-5033-8ba0-70dd67e8aea0,2024-11-05,13:30:00,15:00:00,28,APROBADA
31aa3d36-9ada-5adc-825a-57850be603bd,b8969593-19a7-5a43-84c0-d52e63ac0cb4,2025-03-28,12:00:00,14:00:00,29,APROBADA
2f26678d-1d4d-5f92-9d14-13723a14805c,0880d439-8834-59c1-bfce-e7f3da722b3f,2025-03-17,19:00:00,21:00:00,26,APROBADA
1e490f25-8dfe-54dd-9c59-40977f104baa,8fd4b53b-1d49-5307-8a1a-e184999a4434,2025-03-18,16:00:00,17:30:00,29,APROBADA
f08b5360-0d21-52d0-a199-1597d4cf8656,2574a671-d58d-5db3-8c9f-2518d8a8d790,2025-01-17,17:30:00,19:00:00,33,APROBADA
ca87abd8-ac19-54c7-b1a4-a8a7c6d8f719,7bcb3d0c-2500-5f01-abe8-d24e962af50e,2025-02-26,15:00:00,17:00:00,25,APROBADA
00ac928d-10f3-5ba9-9fbe-efe22e306518,1a0b71d7-4721-5998-bd82-de26b25b5771,2024-11-23,07:30:00,08:30:00,40,APROBADA
a259a47f-f710-5704-bfc8-2f237f0a5006,b46607fb-d28f-5c06-a3a8-091cb9d995ec,2024-09-07,07:00:00,08:00:00,30,APROBADA
c368e9ec-460f-50b4-b250-d04f24644c8e,b46607fb-d28f-5c06-a3a8-091cb9d995ec,2024-12-15,11:00:00,14:00:00,34,APROBADA
4cce1ca3-f590-5c2c-b2e7-019958c0b15e,45b00d8f-2f79-52ba-8b17-e7d6ee0b476f,2024-10-05,15:30:00,18:30:00,35,APROBADA
9f6e685e-93e7-5381-aa44-00fbdc44dbc1,d76d770e-14c2-5fea-bf8b-28f95250e124,2025-03-19,16:30:00,18:00:00,35,APROBADA
7ef3e169-bdc1-5a92-9f10-90013b8f2310,ef815f08-b586-5f03-964a-a08004eaebf3,2024-08-04,18:30:00,20:30:00,28,APROBADA
9ea4b0a1-d1d3-5f18-8509-8dac4e5dffea,d056b3a8-8204-507a-b6c1-1f1203a87651,2024-09-28,15:00:00,16:30:00,29,APROBADA
ce04f38f-e50c-59cb-b931-7295314abc52,4b4a10f4-36fa-5109-bc5d-14e24370c164,2024-10-28,15:30:00,17:30:00,26,APROBADA
62540b15-0681-5a2c-a519-f2d56ba89ce5,d7ce39c6-be5b-537a-ae81-d449a1710ff2,2025-03-09,14:00:00,15:00:00,37,APROBADA
906fdf50-52c7-547b-aa02-15613741d798,4b4a10f4-36fa-5109-bc5d-14e24370c164,2025-02-07,11:00:00,12:00:00,28,APROBADA
37ede368-f841-5037-949b-a86f81aedf26,1dee66e3-0076-5033-8ba0-70dd67e8aea0,2024-08-09,08:00:00,11:00:00,45,APROBADA
834e4c33-bae7-558f-8880-190cbc03b182,dd609563-702d-543d-a49a-0ce27a83f234,2024-12-03,18:00:00,21:00:00,28,APROBADA
0e762dc9-78b2-5b0b-bfe0-308b40b2c500,1a0b71d7-4721-5998-bd82-de26b25b5771,2024-08-31,14:30:00,15:30:00,28,APROBADA
451c38b7-415d-5e07-b8ce-6328f0aa35c5,dd609563-702d-543d-a49a-0ce27a83f234,2025-02-11,14:00:00,17:00:00,33,APROBADA
b145f571-ba82-5569-be8e-d1dd6b73b28a,d056b3a8-8204-507a-b6c1-1f1203a87651,2025-06-19,15:30:00,16:30:00,27,APROBADA
3de3c72b-e5e4-56d7-918c-5812a78cb354,6903b35b-c2a6-5770-98e5-743c2bc06b45,2025-06-18,11:00:00,12:30:00,25,APROBADA
7525e208-ec43-5dde-af2d-9fb14b91d478,1a0b71d7-4721-5998-bd82-de26b25b5771,2025-04-14,18:30:00,20:00:00,28,APROBADA
ec182a2a-b732-5505-98b0-ea202ed7185f,4b4a10f4-36fa-5109-bc5d-14e24370c164,2024-07-29,07:00:00,09:00:00,27,APROBADA
15585f6a-4849-538e-8e2c-cdbe55a686e8,a40fe9f0-87fa-5853-968f-5cedd5939e8a,2025-02-13,16:00:00,17:00:00,32,APROBADA
b95773d8-d5d5-5622-bfa9-92365307d8fd,b46607fb-d28f-5c06-a3a8-091cb9d995ec,2024-09-11,12:30:00,15:30:00,37,APROBADA
067920db-2f71-51f9-bbb4-8fa4eb9926a2,b46607fb-d28f-5c06-a3a8-091cb9d995ec,2025-03-09,14:30:00,15:30:00,28,APROBADA
88843c5c-0566-5a04-bbc6-029311484d45,1dee66e3-0076-5033-8ba0-70dd67e8aea0,2024-07-29,18:30:00,20:00:00,25,APROBADA
3829366a-3924-5af4-ab3d-98dac50d20a5,dd609563-702d-543d-a49a-0ce27a83f234,2024-07-26,14:00:00,17:00:00,38,APROBADA
6064cd10-d0b0-5ac7-9166-be315a438ebd,10225e74-7c22-5384-8cdc-396a168ec651,2025-04-05,14:30:00,16:30:00,25,APROBADA
4a5ab190-4e65-51fe-928c-02433de82601,6d481120-dab0-50c8-8f1b-33cf911e9573,2024-07-20,09:30:00,11:00:00,38,APROBADA
26a4c769-4858-5c28-a7dd-85d4f880c727,1dee66e3-0076-5033-8ba0-70dd67e8aea0,2025-04-28,14:00:00,17:00:00,35,APROBADA
5f364f10-892e-5e6c-98b4-fb9ebb411b89,d7ce39c6-be5b-537a-ae81-d449a1710ff2,2024-12-06,15:00:00,18:00:00,41,APROBADA
dc39eeb2-00c1-5212-bec3-67861978a101,23c254ed-4635-5cec-baa9-656efa7fd130,2024-09-30,17:30:00,19:30:00,25,APROBADA
6292e11e-b108-5204-a1a3-c905326a4565,b46607fb-d28f-5c06-a3a8-091cb9d995ec,2025-03-30,14:30:00,16:30:00,37,APROBADA
2e3e5afb-9000-5d54-9328-7f2218aff760,1a0b71d7-4721-5998-bd82-de26b25b5771,2024-10-12,18:00:00,19:30:00,44,APROBADA
37c8e420-af1c-5b9a-8c0c-2f5320477435,6d481120-dab0-50c8-8f1b-33cf911e9573,2024-12-29,18:00:00,19:00:00,28,APROBADA
12965277-a4e4-51dd-ae12-70194998bfa0,0880d439-8834-59c1-bfce-e7f3da722b3f,2024-07-21,09:30:00,10:30:00,41,APROBADA
3c2f828d-4a46-58fc-9595-479dc3eb70dd,1a0b71d7-4721-5998-bd82-de26b25b5771,2024-07-06,17:00:00,18:00:00,31,APROBADA
79c76123-665b-52d8-88f2-288912b68689,d056b3a8-8204-507a-b6c1-1f1203a87651,2025-06-25,12:30:00,15:30:00,31,APROBADA
4a4c5281-6f5c-5c5f-b7af-840917d96d45,da1fe6a7-058c-5ad3-a10e-f529804a44b5,2025-03-07,14:00:00,17:00:00,28,APROBADA
b1163839-71a2-561c-8d44-8a4bce052788,da1fe6a7-058c-5ad3-a10e-f529804a44b5,2025-02-07,13:30:00,14:30:00,33,APROBADA
2052261c-fa58-55f5-8865-d3f77775e565,c1489a8f-1dff-511e-b025-5a10261901d7,2024-09-15,16:00:00,18:00:00,26,APROBADA
dc327db9-cf06-5b8e-9e96-07f8d28dc6e7,dd609563-702d-543d-a49a-0ce27a83f234,2024-12-12,17:30:00,18:30:00,40,APROBADA
c7aef4e1-2602-57ea-ba98-895282aceeca,7d424b25-0f98-5f10-b2a8-ed9ddcd33e7a,2024-09-13,17:00:00,18:30:00,40,APROBADA
880a48f4-0f32-5793-a14e-d4072b6822c9,6c814918-8ba0-52cc-9377-6d60b7946f8b,2025-04-05,16:00:00,19:00:00,33,APROBADA
bb720b5d-5cb4-55cc-bcde-9273db6a01ff,d76d770e-14c2-5fea-bf8b-28f95250e124,2024-11-09,17:00:00,18:30:00,28,APROBADA
8eb6f902-c834-5bb7-8298-9e2f0e0e9b7d,eb4139b4-3715-5623-a990-d045271440a9,2025-02-09,13:00:00,16:00:00,27,APROBADA
001476de-5cd3-5225-9e3b-45c4c395440b,45b00d8f-2f79-52ba-8b17-e7d6ee0b476f,2025-05-09,18:00:00,19:30:00,32,APROBADA
38fe021e-a68a-5e22-99bc-591649bb3652,6903b35b-c2a6-5770-98e5-743c2bc06b45,2024-09-23,15:00:00,18:00:00,26,APROBADA
02b1553c-715f-53aa-8d83-f2238ac58a51,d056b3a8-8204-507a-b6c1-1f1203a87651,2024-08-20,11:30:00,13:30:00,29,APROBADA
83d2afbc-b9ab-522e-b5e5-dc7e6e3e62c5,6c814918-8ba0-52cc-9377-6d60b7946f8b,2024-10-11,14:00:00,15:00:00,30,APROBADA
3ff2b289-9061-599a-9dfd-f93f6bf00851,b46607fb-d28f-5c06-a3a8-091cb9d995ec,2024-07-12,13:00:00,15:00:00,26,APROBADA
c0de48ec-b878-5165-a228-6ec3433bfb42,b8969593-19a7-5a43-84c0-d52e63ac0cb4,2025-06-08,10:00:00,12:00:00,27,APROBADA
13f8ec57-6ceb-5326-95f2-1143acb7bb23,eb4139b4-3715-5623-a990-d045271440a9,2024-09-17,08:00:00,09:30:00,30,APROBADA
21980535-d23c-55c7-bed0-ba13d872e1ed,a22ee2bf-332c-5ac1-ae12-28ce7b0033a1,2024-12-19,14:30:00,17:30:00,35,APROBADA
cbec7f05-5bc3-53f2-8621-f82178e5a8c9,aad269e7-97f7-5e2d-9c43-cf84b49bd847,2025-03-24,16:00:00,18:00:00,30,APROBADA
0abf8037-5225-54f1-b531-04c98d07eaa8,b46607fb-d28f-5c06-a3a8-091cb9d995ec,2024-08-23,10:00:00,12:00:00,25,APROBADA
4783a8bd-971c-5a8f-9e8e-1936a89c44a7,f5e43a2a-032c-562e-837a-ff3c72abffb4,2024-08-13,18:30:00,19:30:00,26,APROBADA
8da1bcd6-6d30-50d2-8a8c-38f69a9efd73,ef815f08-b586-5f03-964a-a08004eaebf3,2024-12-29,08:00:00,10:00:00,29,APROBADA
63c11458-646f-50a0-a1dd-70dbe03f22e4,05a1191e-b84b-597d-b970-b04889cc30ee,2024-10-20,11:30:00,13:00:00,34,APROBADA
6a8b82a1-a4b0-53fe-ad22-edd214cb5962,eb4139b4-3715-5623-a990-d045271440a9,2024-07-12,13:00:00,15:00:00,29,APROBADA
9e0a642c-6055-5a4f-9f1b-483a1d094624,1a0b71d7-4721-5998-bd82-de26b25b5771,2025-03-10,17:00:00,18:30:00,43,APROBADA
8c7b7110-79de-5313-b4b3-ea7f6727f991,a40fe9f0-87fa-5853-968f-5cedd5939e8a,2024-07-23,17:30:00,19:00:00,25,APROBADA
c2719a8d-da84-5238-a3dc-368b39672824,a40fe9f0-87fa-5853-968f-5cedd5939e8a,2024-08-04,18:30:00,21:30:00,30,APROBADA
69f19c43-56dd-5659-951d-45b3ae63eb06,7d424b25-0f98-5f10-b2a8-ed9ddcd33e7a,2025-04-02,11:00:00,13:00:00,40,APROBADA
3b4fbce5-76c5-5304-9615-576c24ad7bfb,d056b3a8-8204-507a-b6c1-1f1203a87651,2024-08-19,14:30:00,16:00:00,32,APROBADA
0dfaf674-1d00-5fa5-a45b-42c9f630cc91,da1fe6a7-058c-5ad3-a10e-f529804a44b5,2025-06-18,13:00:00,14:30:00,30,APROBADA
72bb98e3-2ed1-516d-935f-76dfd1edaea8,2574a671-d58d-5db3-8c9f-2518d8a8d790,2024-12-09,17:30:00,19:00:00,39,APROBADA
d9b78f9b-0ded-52ab-bc60-bce7f7d37784,6c814918-8ba0-52cc-9377-6d60b7946f8b,2025-06-22,12:30:00,15:30:00,30,APROBADA
db56f2a8-8741-5151-bd61-5116744be04d,ef815f08-b586-5f03-964a-a08004eaebf3,2024-07-03,09:00:00,11:00:00,25,APROBADA
110af12e-fa62-50d2-b0ea-288bc642a3b4,706ea773-fd09-5587-a465-302616f9d571,2025-01-23,19:00:00,22:00:00,40,APROBADA
0485f0c6-c74a-591d-a756-5b347771df78,e5da4cff-29aa-5f05-8532-70f093603e74,2024-12-07,14:00:00,17:00:00,37,APROBADA
495939e0-0918-5628-aa90-c5b67a1bd189,23c254ed-4635-5cec-baa9-656efa7fd130,2024-12-17,16:00:00,17:00:00,25,APROBADA
ee8a60cc-dc2b-581c-906b-8660bdad37bb,1dee66e3-0076-5033-8ba0-70dd67e8aea0,2024-10-09,08:30:00,10:30:00,39,APROBADA
11a1c9ba-bc84-5ab1-83b8-4a97eba0f37e,2574a671-d58d-5db3-8c9f-2518d8a8d790,2024-09-02,08:30:00,11:30:00,25,APROBADA
f4558e3f-033e-527e-84d3-7371c8479705,d056b3a8-8204-507a-b6c1-1f1203a87651,2024-08-13,13:00:00,14:30:00,28,APROBADA
201e26e6-3821-585e-9ded-53fe88564d67,eb4139b4-3715-5623-a990-d045271440a9,2025-06-09,16:30:00,17:30:00,26,APROBADA
e3d403f3-1ba0-59de-a2a3-041ae43ed27c,6903b35b-c2a6-5770-98e5-743c2bc06b45,2025-04-07,11:30:00,13:00:00,25,APROBADA
32c49a36-1ece-5451-a35d-bf855420f99c,b8969593-19a7-5a43-84c0-d52e63ac0cb4,2024-07-06,10:00:00,13:00:00,26,APROBADA
68572dd7-811a-5a21-948a-e58c445bdea6,dd609563-702d-543d-a49a-0ce27a83f234,2025-03-04,13:30:00,15:30:00,27,APROBADA
0e464306-5da1-5c2c-b4f2-cbc5fbd07360,d7ce39c6-be5b-537a-ae81-d449a1710ff2,2025-05-30,09:30:00,11:00:00,37,APROBADA
aa807edb-f0d1-56af-975b-b414b2898007,f5e43a2a-032c-562e-837a-ff3c72abffb4,2024-07-16,14:30:00,16:00:00,30,APROBADA
c2d65165-750e-5855-9b4e-97c98f8f4750,8fd4b53b-1d49-5307-8a1a-e184999a4434,2024-07-02,14:30:00,16:00:00,40,APROBADA
519a3545-eb75-523b-bf39-2dbeeac47f85,6903b35b-c2a6-5770-98e5-743c2bc06b45,2024-08-13,14:30:00,16:30:00,35,APROBADA
cb90dd92-8e4c-526c-9b2a-4a0c7915e3ff,4b4a10f4-36fa-5109-bc5d-14e24370c164,2025-01-26,08:00:00,09:00:00,29,APROBADA
6e9b61b8-ca57-5661-ae64-aeac225577b7,0880d439-8834-59c1-bfce-e7f3da722b3f,2024-11-08,18:00:00,19:00:00,31,APROBADA
126f84e8-6bd5-5100-a621-7aa31675aae0,d7ce39c6-be5b-537a-ae81-d449a1710ff2,2025-01-28,11:00:00,12:30:00,40,APROBADA
ebc40ec6-9d09-50e0-b0fb-aacb1a13b5b2,2574a671-d58d-5db3-8c9f-2518d8a8d790,2025-06-09,09:30:00,11:00:00,36,APROBADA
8d5a00b6-ff3f-5d7c-b691-7e319f3a219e,d7ce39c6-be5b-537a-ae81-d449a1710ff2,2024-09-29,12:30:00,13:30:00,44,APROBADA
ddc7057e-5d95-5735-9707-c77c7b4c2d25,2574a671-d58d-5db3-8c9f-2518d8a8d790,2025-05-23,18:30:00,19:30:00,37,APROBADA
e9cc9427-b5af-5d2a-b4fb-b493ee56e9e9,f5e43a2a-032c-562e-837a-ff3c72abffb4,2025-03-08,11:30:00,13:30:00,29,APROBADA
ce080b56-a9b1-5453-9fe1-5340ce25bc93,706ea773-fd09-5587-a465-302616f9d571,2025-01-25,14:30:00,16:00:00,28,APROBADA
43fda5e2-3a1d-534f-8d7f-3ee020d91718,e5da4cff-29aa-5f05-8532-70f093603e74,2025-04-06,13:30:00,14:30:00,32,APROBADA
8087cb73-e977-570b-b86d-3e7fb7b598fb,1dee66e3-0076-5033-8ba0-70dd67e8aea0,2025-01-29,13:30:00,15:30:00,38,APROBADA
1fcf07b8-1650-5b9b-8a24-c886a08657b3,a22ee2bf-332c-5ac1-ae12-28ce7b0033a1,2024-11-04,09:00:00,10:00:00,31,APROBADA
9ce9251a-17a7-593b-a42e-b49ba1cf13a8,d7ce39c6-be5b-537a-ae81-d449a1710ff2,2024-12-31,11:30:00,14:30:00,26,APROBADA
1a45acb7-f5ad-5120-9a70-0be574096c78,23c254ed-4635-5cec-baa9-656efa7fd130,2024-10-31,13:00:00,15:00:00,28,APROBADA
a0831425-a095-5809-829b-536cbfb84041,0880d439-8834-59c1-bfce-e7f3da722b3f,2025-01-29,14:00:00,17:00:00,40,APROBADA
82465016-c851-5d2c-8a0d-1e49e07949f7,8fd4b53b-1d49-5307-8a1a-e184999a4434,2024-08-16,08:30:00,09:30:00,30,APROBADA
fb1832ce-1db1-56e9-a214-857eeacef96b,a22ee2bf-332c-5ac1-ae12-28ce7b0033a1,2024-11-02,19:00:00,22:00:00,36,APROBADA
2de8ba91-cf7f-5d22-be29-0d601a67ee4a,1dee66e3-0076-5033-8ba0-70dd67e8aea0,2025-03-16,17:30:00,19:00:00,37,APROBADA
e14048f1-7b84-5291-9c68-717653415cff,c1489a8f-1dff-511e-b025-5a10261901d7,2025-04-24,10:30:00,12:00:00,29,APROBADA
9413750b-25d5-5f2a-aa58-ab997d2e1cb3,706ea773-fd09-5587-a465-302616f9d571,2024-08-27,07:00:00,08:00:00,32,APROBADA
c7a1b2c5-d2e7-53ab-b596-4759dbf53a48,ef815f08-b586-5f03-964a-a08004eaebf3,2024-08-31,08:30:00,09:30:00,36,APROBADA
a8b258fb-f532-572d-85e9-565035f28e22,b46607fb-d28f-5c06-a3a8-091cb9d995ec,2024-11-08,16:30:00,18:30:00,25,APROBADA
b85dec28-c377-5b8f-9bdc-9d7cff622d4e,45b00d8f-2f79-52ba-8b17-e7d6ee0b476f,2025-01-03,07:30:00,09:30:00,31,APROBADA
c4fc43c6-3966-5d4c-82fa-6c9d51112c5d,6d481120-dab0-50c8-8f1b-33cf911e9573,2024-11-28,10:00:00,13:00:00,29,APROBADA
6283af48-4120-57b0-908f-d84be0809aed,6d481120-dab0-50c8-8f1b-33cf911e9573,2024-10-10,16:00:00,19:00:00,45,APROBADA
7b4c5482-750e-5f71-a0d6-bd83ce619e8f,7d424b25-0f98-5f10-b2a8-ed9ddcd33e7a,2025-01-01,08:00:00,10:00:00,36,APROBADA
f8aef894-776f-548b-bc4b-482d797a1360,05a1191e-b84b-597d-b970-b04889cc30ee,2025-01-12,13:00:00,14:30:00,32,APROBADA
e5356067-2f01-5165-b19b-6a83e4f3a8d1,1a0b71d7-4721-5998-bd82-de26b25b5771,2025-05-20,16:30:00,18:00:00,27,APROBADA
394d6981-6b1e-5a57-8300-94efa68344f4,45b00d8f-2f79-52ba-8b17-e7d6ee0b476f,2024-10-11,09:00:00,10:30:00,29,APROBADA
91e337b7-788c-5be0-8497-bfc622676d39,d7ce39c6-be5b-537a-ae81-d449a1710ff2,2025-03-12,10:30:00,13:30:00,39,APROBADA
4f9cef73-b4b3-5063-938c-65e769290c6e,d76d770e-14c2-5fea-bf8b-28f95250e124,2025-05-04,14:00:00,15:30:00,30,APROBADA
0e73c158-ce63-56ff-b870-e03ee648586f,0880d439-8834-59c1-bfce-e7f3da722b3f,2024-09-05,10:00:00,11:30:00,27,APROBADA
c28ad18a-ab09-5eab-af00-8f6a64c28091,e5da4cff-29aa-5f05-8532-70f093603e74,2024-09-13,16:00:00,18:00:00,38,APROBADA
f726d93a-ef7b-55dc-b5e6-3b42d8c01a71,da1fe6a7-058c-5ad3-a10e-f529804a44b5,2025-01-26,11:00:00,12:00:00,32,APROBADA
a7d3926b-f43a-5b18-88be-590977af6aaa,4b4a10f4-36fa-5109-bc5d-14e24370c164,2025-01-24,14:00:00,15:30:00,28,APROBADA
bdd65520-9bf6-5820-a24a-54bd1d1ccbca,706ea773-fd09-5587-a465-302616f9d571,2025-05-12,12:30:00,14:00:00,37,APROBADA
db76e6fd-caee-585f-b44a-8590293884c5,d7ce39c6-be5b-537a-ae81-d449a1710ff2,2025-04-10,19:00:00,20:00:00,33,APROBADA
934a08bc-bbc1-5d90-9be8-c9dd1bfaa03b,d76d770e-14c2-5fea-bf8b-28f95250e124,2024-11-23,08:30:00,11:30:00,27,APROBADA
ac2fa07b-dd35-510f-bd9f-18a197a1412e,706ea773-fd09-5587-a465-302616f9d571,2024-08-28,12:30:00,14:00:00,35,APROBADA
cb839c99-bc1a-5326-81b1-a3303ba10d8b,8fd4b53b-1d49-5307-8a1a-e184999a4434,2025-06-03,10:00:00,11:00:00,30,APROBADA
4f8424ba-d5b1-558f-a42e-d463c88457f5,c1489a8f-1dff-511e-b025-5a10261901d7,2025-05-23,16:30:00,19:30:00,28,APROBADA
04176e6a-0770-5409-a178-b89f1fae9118,10225e74-7c22-5384-8cdc-396a168ec651,2025-01-16,15:30:00,17:30:00,28,APROBADA
1e2cc171-cbee-5d28-accc-8adbd2ca513e,f5e43a2a-032c-562e-837a-ff3c72abffb4,2025-03-04,16:00:00,19:00:00,26,APROBADA
bbd6a179-9989-5cdf-9af7-8e2c5674a65e,6c814918-8ba0-52cc-9377-6d60b7946f8b,2025-03-02,17:30:00,20:30:00,40,APROBADA
0661a6b2-c560-5f2b-95c6-c7dcf5cb0942,c1489a8f-1dff-511e-b025-5a10261901d7,2025-04-08,10:00:00,13:00:00,26,APROBADA
f97c6f94-7720-570e-89da-0af4c925013f,0880d439-8834-59c1-bfce-e7f3da722b3f,2024-11-12,17:00:00,18:00:00,36,APROBADA
928cb14f-bb04-5c31-be23-904122e66afb,b8969593-19a7-5a43-84c0-d52e63ac0cb4,2024-10-23,15:00:00,16:00:00,29,APROBADA
3201cde6-9874-5b40-bf88-c30ae8465848,8fd4b53b-1d49-5307-8a1a-e184999a4434,2025-04-16,13:00:00,15:00:00,31,APROBADA
3270d67f-cd88-5563-b6dc-9ee260bc28dd,d76d770e-14c2-5fea-bf8b-28f95250e124,2025-04-15,15:30:00,18:30:00,29,APROBADA
c98332e0-8dc6-57c3-b92c-5e13242fe6e8,05a1191e-b84b-597d-b970-b04889cc30ee,2025-05-18,09:30:00,11:00:00,30,APROBADA
54d6544e-9033-5aa5-9b45-029148bcbd84,7d424b25-0f98-5f10-b2a8-ed9ddcd33e7a,2024-08-19,15:30:00,17:00:00,33,APROBADA
5d10dba9-bed8-5a23-8830-ee67f0bc218f,1a0b71d7-4721-5998-bd82-de26b25b5771,2025-05-09,19:00:00,20:00:00,35,APROBADA
14dfaf9d-b746-5f3a-86b2-a23cdc54ecf8,b8969593-19a7-5a43-84c0-d52e63ac0cb4,2025-01-31,16:30:00,18:00:00,30,APROBADA
7b26ab10-1166-58eb-9bbd-ff032128a06b,6d481120-dab0-50c8-8f1b-33cf911e9573,2024-12-03,12:30:00,14:30:00,30,APROBADA
b7bacef5-d609-5b2f-9cff-fc279b7733e3,4b4a10f4-36fa-5109-bc5d-14e24370c164,2025-06-11,07:00:00,10:00:00,31,APROBADA
6d9d3d34-cb48-5e65-9cea-bf7b1478d64f,a22ee2bf-332c-5ac1-ae12-28ce7b0033a1,2025-05-05,18:00:00,21:00:00,32,APROBADA
73a21b95-248f-5149-b7a8-fb2d2610e413,6c814918-8ba0-52cc-9377-6d60b7946f8b,2025-06-23,07:00:00,08:00:00,37,APROBADA
7d2cab03-51d4-5d76-b01a-9c33412d0cd6,d76d770e-14c2-5fea-bf8b-28f95250e124,2025-03-07,09:00:00,12:00:00,37,APROBADA
bb9244a3-1c34-532d-a022-93fb24f8b972,d76d770e-14c2-5fea-bf8b-28f95250e124,2025-04-10,13:30:00,15:30:00,39,APROBADA
33282d3a-ec5f-5928-98d0-b1f9ef145ba4,b46607fb-d28f-5c06-a3a8-091cb9d995ec,2024-10-21,17:30:00,19:00:00,28,APROBADA
8e95d63c-f800-5803-a5b2-429886ffd7cc,2574a671-d58d-5db3-8c9f-2518d8a8d790,2024-11-18,09:30:00,10:30:00,27,APROBADA
6608c18a-4e80-5a67-ad19-1cb2cc64c92c,b46607fb-d28f-5c06-a3a8-091cb9d995ec,2025-06-08,07:30:00,09:00:00,40,APROBADA
04041e3a-f260-5ecd-9668-4c1b38322500,d76d770e-14c2-5fea-bf8b-28f95250e124,2024-12-26,17:00:00,18:00:00,32,APROBADA
4f5b8952-626f-5079-90f7-13d54e6cbe3b,1a0b71d7-4721-5998-bd82-de26b25b5771,2024-10-08,16:30:00,18:30:00,29,APROBADA
f6e389d7-b668-5782-90a7-fd7f770bc09e,a22ee2bf-332c-5ac1-ae12-28ce7b0033a1,2025-03-27,08:30:00,09:30:00,29,APROBADA
16c7f1b4-d4f1-55d1-8564-22ad92a5a954,b46607fb-d28f-5c06-a3a8-091cb9d995ec,2025-05-19,13:30:00,16:30:00,35,APROBADA
eebbe899-2f3d-5e7d-a351-83f32fb4f3d5,45b00d8f-2f79-52ba-8b17-e7d6ee0b476f,2024-09-20,16:30:00,18:00:00,26,APROBADA
2d5a09a8-f67e-554e-bcd1-d3b9cd2e9079,d7ce39c6-be5b-537a-ae81-d449a1710ff2,2025-05-03,07:00:00,09:00:00,31,APROBADA
13203e78-03d3-5032-84e1-31a8534457f6,dd609563-702d-543d-a49a-0ce27a83f234,2024-10-10,14:30:00,16:30:00,36,APROBADA
24f4b607-b75b-5c4c-a9f6-e4759359e0ba,b8969593-19a7-5a43-84c0-d52e63ac0cb4,2024-10-05,08:30:00,10:00:00,29,APROBADA
eea8af0a-edc8-58bc-84b5-c498679e4d88,7d424b25-0f98-5f10-b2a8-ed9ddcd33e7a,2024-11-11,16:00:00,17:30:00,38,APROBADA
023f1c26-6c27-54c9-8beb-8adfa8402b9a,45b00d8f-2f79-52ba-8b17-e7d6ee0b476f,2024-12-15,16:30:00,19:30:00,31,APROBADA
56c8b1b4-294c-50cc-a8d4-623a7e9db7c5,da1fe6a7-058c-5ad3-a10e-f529804a44b5,2025-04-09,14:00:00,15:00:00,32,APROBADA
6f306df7-2286-5451-a6b6-c14d7d23701e,6c814918-8ba0-52cc-9377-6d60b7946f8b,2024-10-16,09:00:00,10:00:00,35,APROBADA
dad0df8c-e027-5261-a8ea-ad182d967536,dd609563-702d-543d-a49a-0ce27a83f234,2024-07-19,19:00:00,20:30:00,30,APROBADA
89870401-1d2b-538c-b67e-794fd4055c7b,45b00d8f-2f79-52ba-8b17-e7d6ee0b476f,2025-04-22,09:00:00,10:00:00,25,APROBADA
3fb25b01-8814-5dfc-90b6-8e43f3c2b6fb,10225e74-7c22-5384-8cdc-396a168ec651,2024-10-15,08:30:00,10:00:00,27,APROBADA
f80ff1ba-35b3-53b1-84d4-48cb2b43d3bc,6d481120-dab0-50c8-8f1b-33cf911e9573,2024-11-06,14:00:00,15:00:00,33,APROBADA
8924998a-ddb9-5f12-b2b2-f154ef1f99d0,706ea773-fd09-5587-a465-302616f9d571,2025-05-27,17:30:00,19:00:00,26,APROBADA
a9d63d71-eae4-5e19-9b21-e9cce5ecfd0f,d7ce39c6-be5b-537a-ae81-d449a1710ff2,2025-05-21,07:30:00,10:30:00,34,APROBADA
4c289b43-6500-51e8-bc8f-e67364b1ecc5,f5e43a2a-032c-562e-837a-ff3c72abffb4,2025-01-21,19:00:00,21:00:00,30,APROBADA
4c290ef5-fd7c-51a2-a173-67be89807070,a22ee2bf-332c-5ac1-ae12-28ce7b0033a1,2025-05-15,10:00:00,13:00:00,32,APROBADA
490ecc49-c617-5ea2-ae04-0bfb753e76c3,da1fe6a7-058c-5ad3-a10e-f529804a44b5,2024-10-24,10:30:00,11:30:00,34,APROBADA
98247c8f-6d19-5a46-ba41-1979bc4d85e0,b8969593-19a7-5a43-84c0-d52e63ac0cb4,2025-01-14,16:00:00,17:30:00,28,APROBADA
8df35c9e-1cb1-5381-a871-bdcb30cab5e6,6d481120-dab0-50c8-8f1b-33cf911e9573,2025-03-04,15:30:00,17:00:00,43,APROBADA
e3aa1738-d53a-5214-a12b-f6f6455ccf4e,6c814918-8ba0-52cc-9377-6d60b7946f8b,2025-06-24,11:00:00,13:00:00,37,APROBADA
3f640c9f-9f6e-59a6-b2ea-46b07a02620a,da1fe6a7-058c-5ad3-a10e-f529804a44b5,2024-08-28,10:30:00,11:30:00,34,APROBADA
5bbc128f-15be-5bfe-a93d-76d0abcd80a4,d7ce39c6-be5b-537a-ae81-d449a1710ff2,2025-01-11,07:00:00,08:30:00,40,APROBADA
8cb039dd-4ae0-5b52-bfb4-97b331b85467,d76d770e-14c2-5fea-bf8b-28f95250e124,2024-12-02,16:30:00,19:30:00,39,APROBADA
d42f9669-9afb-5332-994e-ab458758d72a,0880d439-8834-59c1-bfce-e7f3da722b3f,2025-01-30,16:00:00,18:00:00,35,APROBADA
940bbd75-43c1-5fa4-8ecf-c87c86de4ac9,a40fe9f0-87fa-5853-968f-5cedd5939e8a,2025-06-04,12:00:00,15:00:00,31,APROBADA
369c9923-c5b3-566c-a863-cd8375e4e67c,8fd4b53b-1d49-5307-8a1a-e184999a4434,2025-02-03,15:00:00,17:00:00,30,APROBADA
930a97e0-3ee1-5808-95ac-b7ab29c71f1f,da1fe6a7-058c-5ad3-a10e-f529804a44b5,2024-09-11,08:30:00,09:30:00,35,APROBADA
ce05e565-826b-5778-990a-54d22597b2df,aad269e7-97f7-5e2d-9c43-cf84b49bd847,2024-07-07,09:00:00,10:30:00,25,APROBADA
6a62b7c9-db91-547c-8d2e-96d8e2646f33,05a1191e-b84b-597d-b970-b04889cc30ee,2025-04-21,19:00:00,20:30:00,36,APROBADA
fe89e1ab-9b3c-562d-a559-ca0804116358,2574a671-d58d-5db3-8c9f-2518d8a8d790,2024-12-11,07:30:00,09:30:00,40,APROBADA
7a726866-0221-5497-9c50-281e4bd73bb9,1dee66e3-0076-5033-8ba0-70dd67e8aea0,2024-07-31,07:00:00,08:30:00,44,APROBADA
3457489e-e2f0-5474-917f-e849c0e1ad9d,eb4139b4-3715-5623-a990-d045271440a9,2024-12-29,15:30:00,17:30:00,27,APROBADA
828e3a99-1025-5f44-bf66-9f8c841eba26,1a0b71d7-4721-5998-bd82-de26b25b5771,2025-04-18,13:30:00,16:30:00,35,APROBADA
6bd00702-eef3-5a42-a598-26fb7c743dca,0880d439-8834-59c1-bfce-e7f3da722b3f,2025-02-18,07:30:00,10:30:00,38,APROBADA
d827b17f-62a8-5a9b-bfb4-1c985128de46,7d424b25-0f98-5f10-b2a8-ed9ddcd33e7a,2025-06-30,11:30:00,14:30:00,25,APROBADA
bbd3f322-1e56-5d81-910f-23bd96a04dfd,a40fe9f0-87fa-5853-968f-5cedd5939e8a,2024-08-08,14:00:00,15:00:00,32,APROBADA
7f3c7ebe-cf95-54c5-b8d6-4ab7723b6bf1,6c814918-8ba0-52cc-9377-6d60b7946f8b,2025-06-15,09:00:00,11:00:00,39,APROBADA
cdaaac98-de9b-5266-b06d-7cdbaaa8af77,ef815f08-b586-5f03-964a-a08004eaebf3,2024-07-25,13:00:00,14:30:00,27,APROBADA
69fb7f37-42cc-57c4-bdf5-ee74f9dc9bb8,10225e74-7c22-5384-8cdc-396a168ec651,2025-01-07,08:00:00,11:00:00,33,APROBADA
28d6297f-67af-5ad4-b731-b1d6f6185dc2,10225e74-7c22-5384-8cdc-396a168ec651,2024-12-28,19:00:00,21:00:00,26,APROBADA
cb889150-3fd4-5866-9f53-462afbf238dd,6d481120-dab0-50c8-8f1b-33cf911e9573,2024-12-07,09:00:00,10:00:00,41,APROBADA
63334ae2-bda1-5f3f-a767-965fb3eb50b5,10225e74-7c22-5384-8cdc-396a168ec651,2025-05-06,16:30:00,18:30:00,27,APROBADA
8df2ce44-4d17-5234-a3eb-1e8cf58fb360,8fd4b53b-1d49-5307-8a1a-e184999a4434,2024-11-27,12:00:00,13:30:00,27,APROBADA
2d5225df-a07e-5ed1-afe7-c7832debf27e,d7ce39c6-be5b-537a-ae81-d449a1710ff2,2025-01-27,11:00:00,14:00:00,39,APROBADA
deb51deb-c6a5-53d4-8c49-8aa47deac5cb,1a0b71d7-4721-5998-bd82-de26b25b5771,2025-03-21,12:00:00,13:00:00,41,APROBADA
e3a0a94a-e221-5149-a014-bbebefd252a5,8fd4b53b-1d49-5307-8a1a-e184999a4434,2024-08-20,18:00:00,20:00:00,25,APROBADA
5a89e10b-09c0-590f-9b6a-c6e1198c3984,e5da4cff-29aa-5f05-8532-70f093603e74,2025-03-12,10:00:00,11:00:00,36,APROBADA
c1830f64-95e3-594a-8906-e99610afca94,0880d439-8834-59c1-bfce-e7f3da722b3f,2024-07-16,07:00:00,08:00:00,44,APROBADA
d844f191-d9ec-51ab-8a1f-757460a4aa47,d056b3a8-8204-507a-b6c1-1f1203a87651,2024-08-08,17:00:00,19:00:00,28,APROBADA
bdadbd05-b0a1-56f1-a4ae-91778fa41915,1a0b71d7-4721-5998-bd82-de26b25b5771,2025-06-13,12:00:00,13:30:00,33,APROBADA
3af637c3-2457-5ec2-96a4-263eec65ee9c,e5da4cff-29aa-5f05-8532-70f093603e74,2025-06-25,15:30:00,18:30:00,25,APROBADA
f4c790ec-bb49-5913-90bd-db439e9aa00d,2574a671-d58d-5db3-8c9f-2518d8a8d790,2024-11-15,14:00:00,16:00:00,29,APROBADA
1885cfa2-56ff-5b39-b690-8e55707fc740,ef815f08-b586-5f03-964a-a08004eaebf3,2025-03-16,18:30:00,19:30:00,32,APROBADA
ad921428-75dd-548f-b03f-9a6efaa1c4da,10225e74-7c22-5384-8cdc-396a168ec651,2025-06-11,12:00:00,13:30:00,30,APROBADA
84d0e0ff-0208-5729-9662-9b195f2a407b,da1fe6a7-058c-5ad3-a10e-f529804a44b5,2024-09-01,14:00:00,15:00:00,35,APROBADA
b9257265-dc79-596c-b625-218fc979d943,eb4139b4-3715-5623-a990-d045271440a9,2025-05-12,14:00:00,15:00:00,31,APROBADA
c300ed97-1664-5d55-b341-9fb8ebf6336e,10225e74-7c22-5384-8cdc-396a168ec651,2024-07-20,12:30:00,15:30:00,31,APROBADA
1eee47e1-982a-5935-bb19-9307115f1fd6,0880d439-8834-59c1-bfce-e7f3da722b3f,2024-09-18,08:30:00,09:30:00,32,APROBADA
6ab0b62c-f132-5899-9c31-9f0bd6c8ce07,23c254ed-4635-5cec-baa9-656efa7fd130,2024-12-24,07:00:00,08:30:00,28,APROBADA
43489af0-edfd-523b-b369-9da5b6ede3c3,4b4a10f4-36fa-5109-bc5d-14e24370c164,2024-10-29,13:00:00,16:00:00,32,APROBADA
089b3642-7790-55f1-8bc1-fca9d2aa6904,1a0b71d7-4721-5998-bd82-de26b25b5771,2025-02-11,15:00:00,18:00:00,45,APROBADA
1e047e33-e461-5a16-ab29-5e06e1183d87,6d481120-dab0-50c8-8f1b-33cf911e9573,2024-07-11,08:30:00,10:30:00,29,APROBADA
5ba1a267-11f1-5a0e-bf37-0ced8d80f85e,1dee66e3-0076-5033-8ba0-70dd67e8aea0,2025-04-21,15:00:00,17:00:00,41,APROBADA
c90bb9c7-2c10-5224-81df-a5030c78e93c,6d481120-dab0-50c8-8f1b-33cf911e9573,2024-07-29,11:30:00,14:30:00,34,APROBADA
d5829bb3-afb3-593b-b123-0394958c6a37,da1fe6a7-058c-5ad3-a10e-f529804a44b5,2025-06-08,13:30:00,15:00:00,36,APROBADA
93f1a62b-c3b2-5ddc-8dc5-69de40acb988,45b00d8f-2f79-52ba-8b17-e7d6ee0b476f,2025-06-04,17:30:00,20:30:00,34,APROBADA
22f9a8fc-e6d2-583f-8eeb-68bb17551bd6,6c814918-8ba0-52cc-9377-6d60b7946f8b,2025-02-16,13:30:00,14:30:00,25,APROBADA
8ca8e9da-4652-5661-8625-3b4ff7fcbcb2,2574a671-d58d-5db3-8c9f-2518d8a8d790,2025-01-28,12:00:00,15:00:00,34,APROBADA
caca6d44-d954-5212-9a67-5c0961fc79a5,7bcb3d0c-2500-5f01-abe8-d24e962af50e,2024-09-18,11:30:00,13:00:00,26,APROBADA
f4bf6463-b87c-535a-a1b8-31527aee3c62,2574a671-d58d-5db3-8c9f-2518d8a8d790,2025-04-26,10:30:00,12:30:00,27,APROBADA
dd43001f-f0e6-5d12-94f8-fc8353d7db45,b46607fb-d28f-5c06-a3a8-091cb9d995ec,2025-05-20,08:30:00,11:30:00,29,APROBADA
6cb0fdc8-2b43-5f7b-baad-8d354a5424db,1a0b71d7-4721-5998-bd82-de26b25b5771,2024-07-12,09:00:00,12:00:00,26,APROBADA
d966a7c7-7f2d-5637-a3c9-9368fd47f31f,6903b35b-c2a6-5770-98e5-743c2bc06b45,2025-05-22,08:00:00,09:30:00,33,APROBADA
38a2a54c-ff71-5ddc-a1c5-3555685630f0,0880d439-8834-59c1-bfce-e7f3da722b3f,2025-02-06,17:30:00,19:30:00,41,APROBADA
f2b05ac3-0c7b-5ad0-9fb1-796b1cb6b006,8fd4b53b-1d49-5307-8a1a-e184999a4434,2024-08-19,17:30:00,19:30:00,33,APROBADA
39802df3-4b8a-56f3-b463-fcad1dd4e52c,d7ce39c6-be5b-537a-ae81-d449a1710ff2,2025-02-18,17:30:00,19:00:00,34,APROBADA
77faa5b7-d3c2-54c4-ab12-f0219b03630c,d76d770e-14c2-5fea-bf8b-28f95250e124,2024-09-18,17:00:00,18:00:00,28,APROBADA
2469e4bf-f774-508a-9a49-a3c4fd13aeee,7d424b25-0f98-5f10-b2a8-ed9ddcd33e7a,2025-04-23,07:30:00,10:30:00,27,APROBADA
95787c1b-32c8-5ac1-b5e4-883bae72530d,ef815f08-b586-5f03-964a-a08004eaebf3,2025-02-28,13:00:00,16:00:00,36,APROBADA
8093cf76-64ed-5e31-a777-2bec7e8c88dc,e5da4cff-29aa-5f05-8532-70f093603e74,2025-05-06,16:00:00,17:00:00,34,APROBADA
475404bf-36b4-5986-a7b1-0360e8cf0c78,4b4a10f4-36fa-5109-bc5d-14e24370c164,2025-04-12,07:00:00,08:00:00,29,APROBADA
5ca36bc3-cc27-520a-ae08-5a6284612c82,6903b35b-c2a6-5770-98e5-743c2bc06b45,2024-07-27,19:00:00,22:00:00,33,APROBADA
2bee18c4-5a6e-5be0-bfb1-437c754f9494,e5da4cff-29aa-5f05-8532-70f093603e74,2025-04-28,09:30:00,10:30:00,31,APROBADA
f3b96960-c8bc-5f71-a4ec-7dc01a2be488,7bcb3d0c-2500-5f01-abe8-d24e962af50e,2024-07-23,08:30:00,10:00:00,26,APROBADA
74d25cd3-6dc0-56ab-aa47-8fcb8fda82a6,d7ce39c6-be5b-537a-ae81-d449a1710ff2,2024-11-11,18:00:00,21:00:00,27,APROBADA
660a5c2b-048e-5a86-91ed-d3438dadbfae,d76d770e-14c2-5fea-bf8b-28f95250e124,2024-10-08,10:00:00,12:00:00,36,APROBADA
48365366-8877-5c93-9068-cd966649ee1e,d76d770e-14c2-5fea-bf8b-28f95250e124,2024-08-11,13:00:00,14:00:00,29,APROBADA
8a595430-a417-5108-b247-d8a337827f61,aad269e7-97f7-5e2d-9c43-cf84b49bd847,2024-11-24,07:30:00,08:30:00,29,APROBADA
63e6b4ae-f737-534d-ba03-dc525cf1eaed,a40fe9f0-87fa-5853-968f-5cedd5939e8a,2025-03-05,12:30:00,15:30:00,29,APROBADA
91562329-3380-5bf3-a12b-6111a1d7e1c9,0880d439-8834-59c1-bfce-e7f3da722b3f,2025-05-10,16:30:00,19:30:00,40,APROBADA
0abd9fed-e98b-51a7-9af5-96131570b83b,b46607fb-d28f-5c06-a3a8-091cb9d995ec,2024-07-17,18:00:00,19:00:00,38,APROBADA
94752b04-163f-588a-8478-44496c5eddaf,6d481120-dab0-50c8-8f1b-33cf911e9573,2024-10-23,10:30:00,13:30:00,34,APROBADA
308d6a94-86df-5d93-ae87-77458dc5932f,23c254ed-4635-5cec-baa9-656efa7fd130,2025-02-20,07:00:00,09:00:00,31,APROBADA
0fadba44-1b1b-5896-b2a7-6c725198d53d,8fd4b53b-1d49-5307-8a1a-e184999a4434,2024-11-05,10:30:00,11:30:00,30,APROBADA
fcb6d4cb-d8b0-5e90-ac74-eb95ae31ee57,10225e74-7c22-5384-8cdc-396a168ec651,2024-12-12,08:00:00,09:00:00,29,APROBADA
1a2c5934-7d3d-57e7-af95-92a7636b33b9,b8969593-19a7-5a43-84c0-d52e63ac0cb4,2024-11-07,10:00:00,13:00:00,27,APROBADA
135694ba-d81d-5a95-8e5c-34de4c902e09,ef815f08-b586-5f03-964a-a08004eaebf3,2025-06-08,08:00:00,09:30:00,36,APROBADA
36cc7b43-4525-5c76-8f0b-80c023021f1a,eb4139b4-3715-5623-a990-d045271440a9,2025-02-24,11:30:00,12:30:00,29,APROBADA
51ae43c4-4b0f-5191-96ec-9a0179aba41b,45b00d8f-2f79-52ba-8b17-e7d6ee0b476f,2024-11-20,07:00:00,08:00:00,33,APROBADA
2670e4bb-b81b-53bb-b84e-2a9e11262db9,d7ce39c6-be5b-537a-ae81-d449a1710ff2,2024-09-18,07:00:00,08:00:00,42,APROBADA
4bb61e89-c70a-5a92-bc50-2ef14754b08f,0880d439-8834-59c1-bfce-e7f3da722b3f,2025-04-11,18:00:00,19:00:00,36,APROBADA
ad38d7c2-5bc0-5b4f-8505-b767649701e4,2574a671-d58d-5db3-8c9f-2518d8a8d790,2025-03-20,10:00:00,11:30:00,30,APROBADA
183108b0-51aa-5449-8875-af49d8915cc4,45b00d8f-2f79-52ba-8b17-e7d6ee0b476f,2025-04-05,18:00:00,20:00:00,35,APROBADA
0826daa3-f402-5b79-a0f6-e7f46c631766,6c814918-8ba0-52cc-9377-6d60b7946f8b,2025-06-01,18:30:00,20:30:00,33,APROBADA
d1581c66-4418-57ce-88e3-b616e3314b79,dd609563-702d-543d-a49a-0ce27a83f234,2024-09-21,16:30:00,19:30:00,34,APROBADA
396b0f6e-e69a-51e9-b772-56b542478192,45b00d8f-2f79-52ba-8b17-e7d6ee0b476f,2024-07-11,08:00:00,11:00:00,32,APROBADA
1b29ed37-0c55-558f-9ff3-6fd4e1074459,8fd4b53b-1d49-5307-8a1a-e184999a4434,2024-08-12,09:00:00,10:00:00,34,APROBADA
609df473-7486-5553-8e65-3319e1b20f97,d056b3a8-8204-507a-b6c1-1f1203a87651,2025-02-16,09:30:00,11:00:00,32,APROBADA
e8011d10-d4f9-5938-b515-6bd009cb2a56,1a0b71d7-4721-5998-bd82-de26b25b5771,2025-02-26,07:30:00,09:30:00,37,APROBADA
8cdf49ee-7eb0-5d3e-bcc3-b5a10faa1654,dd609563-702d-543d-a49a-0ce27a83f234,2025-04-13,08:00:00,10:00:00,39,APROBADA
c3f1532e-53fb-5a3f-8951-c71c55e0b65e,f5e43a2a-032c-562e-837a-ff3c72abffb4,2025-06-05,09:30:00,11:30:00,27,APROBADA
39a78654-c71e-57e5-abe7-15134d509dbe,45b00d8f-2f79-52ba-8b17-e7d6ee0b476f,2024-10-03,09:30:00,11:00:00,28,APROBADA
35bdc272-01d5-52e4-a4ef-41e5e110f597,f5e43a2a-032c-562e-837a-ff3c72abffb4,2025-02-12,12:30:00,13:30:00,25,APROBADA
871538c9-e023-50ef-9776-534965253d09,7d424b25-0f98-5f10-b2a8-ed9ddcd33e7a,2025-05-06,14:30:00,16:30:00,32,APROBADA
3acf7159-8743-594e-a51d-b1b9309151d4,b46607fb-d28f-5c06-a3a8-091cb9d995ec,2025-04-16,10:00:00,11:00:00,36,APROBADA
bdc3d92a-c3b9-5ec7-a38c-8567c4b9db33,d76d770e-14c2-5fea-bf8b-28f95250e124,2025-01-18,13:30:00,15:00:00,36,APROBADA
2c276d07-772a-526b-b580-fb71173d0b48,b46607fb-d28f-5c06-a3a8-091cb9d995ec,2024-08-13,17:30:00,18:30:00,29,APROBADA
4b98ed00-8e35-506a-b637-4fba9876e5ee,706ea773-fd09-5587-a465-302616f9d571,2025-01-21,14:00:00,17:00:00,33,APROBADA
98cdee68-85d9-5ce2-8b3d-fecb6ce73015,e5da4cff-29aa-5f05-8532-70f093603e74,2024-09-11,16:00:00,17:30:00,36,APROBADA
9bcd0e13-cc9f-5ecc-872a-37db231312dd,eb4139b4-3715-5623-a990-d045271440a9,2025-01-22,07:30:00,08:30:00,30,APROBADA
fd95a102-8b20-547e-bace-9dad0ec43a8e,8fd4b53b-1d49-5307-8a1a-e184999a4434,2025-06-26,10:30:00,12:30:00,29,APROBADA
0491f36f-0a67-5f5a-ba30-690982f612df,c1489a8f-1dff-511e-b025-5a10261901d7,2024-07-10,14:00:00,16:00:00,28,APROBADA
72e9193e-0e48-56cd-bf41-f73c93581c33,05a1191e-b84b-597d-b970-b04889cc30ee,2025-05-03,07:30:00,10:30:00,28,APROBADA
cd5e2ab9-9b06-5c67-9c73-818274982060,b8969593-19a7-5a43-84c0-d52e63ac0cb4,2024-11-22,15:00:00,16:00:00,29,APROBADA
2246d8b7-baa2-5ce2-b3d7-ab7cbdb8ce0d,aad269e7-97f7-5e2d-9c43-cf84b49bd847,2024-10-01,14:30:00,16:00:00,27,APROBADA
d0f730a9-1115-5ef3-a3cf-8030a7973182,f5e43a2a-032c-562e-837a-ff3c72abffb4,2024-11-17,07:00:00,09:00:00,27,APROBADA
e8c3c725-d281-5e71-83d3-adddd99e8279,05a1191e-b84b-597d-b970-b04889cc30ee,2024-08-16,18:30:00,20:00:00,26,APROBADA
7c63479c-79eb-5a21-b5d8-c3d3ed3474c9,6d481120-dab0-50c8-8f1b-33cf911e9573,2024-11-04,18:30:00,19:30:00,42,APROBADA
607b3224-7827-595c-9587-397e159ab69c,2574a671-d58d-5db3-8c9f-2518d8a8d790,2025-01-26,16:30:00,18:30:00,33,APROBADA
36eab6ec-f68b-5319-a7c8-f952c41b0bb8,dd609563-702d-543d-a49a-0ce27a83f234,2025-05-31,19:00:00,21:00:00,36,APROBADA
bf67e4d7-5800-5b59-803d-be8356b42ad1,d76d770e-14c2-5fea-bf8b-28f95250e124,2025-05-10,15:00:00,17:00:00,40,APROBADA
149f88e1-533c-52e9-b934-b7f25b4f752b,6d481120-dab0-50c8-8f1b-33cf911e9573,2024-10-23,18:30:00,20:30:00,29,APROBADA
d37a6636-94cd-5e69-9daa-a061b46d0328,d056b3a8-8204-507a-b6c1-1f1203a87651,2024-12-05,11:30:00,13:30:00,26,APROBADA
b1c1440f-39f7-5d8c-bcb8-ae2f0f5f3033,d7ce39c6-be5b-537a-ae81-d449a1710ff2,2025-04-10,12:00:00,13:00:00,36,APROBADA
9f9be583-713d-5ae6-bafb-44bc1be6bb74,7bcb3d0c-2500-5f01-abe8-d24e962af50e,2024-08-19,17:00:00,18:30:00,30,APROBADA
80229497-c868-5418-89c7-a04b2c4a041f,05a1191e-b84b-597d-b970-b04889cc30ee,2024-08-23,17:00:00,19:00:00,32,APROBADA
20a31f97-43c1-562f-9ead-084a30d8d869,1a0b71d7-4721-5998-bd82-de26b25b5771,2025-03-29,09:00:00,11:00:00,31,APROBADA
8227eaa7-7fbf-5f32-a860-36782fe50b08,7bcb3d0c-2500-5f01-abe8-d24e962af50e,2025-06-19,11:30:00,13:00:00,27,APROBADA
0df11b2f-694c-59de-b647-678bbda8379a,b46607fb-d28f-5c06-a3a8-091cb9d995ec,2024-10-19,16:00:00,17:00:00,30,APROBADA
a83f2752-456f-59c2-aef0-a3e19e6fff73,1a0b71d7-4721-5998-bd82-de26b25b5771,2025-06-13,14:30:00,16:00:00,25,APROBADA
1b2605d9-79ff-5251-abed-9a082627e0b9,6d481120-dab0-50c8-8f1b-33cf911e9573,2024-07-07,17:00:00,18:30:00,44,APROBADA
fe9422f5-336e-5ad8-8918-6f4a8c813770,7d424b25-0f98-5f10-b2a8-ed9ddcd33e7a,2024-11-15,13:00:00,14:30:00,31,APROBADA
6bdce150-c332-5d52-85bb-221b38158e31,706ea773-fd09-5587-a465-302616f9d571,2024-11-16,17:30:00,18:30:00,29,APROBADA
bebb10fa-cf53-57d0-b1ba-0b350ee23eef,d76d770e-14c2-5fea-bf8b-28f95250e124,2025-05-28,19:00:00,20:00:00,25,APROBADA
e2820af5-827a-5e86-abef-dffc3255ad52,a40fe9f0-87fa-5853-968f-5cedd5939e8a,2024-12-15,11:00:00,12:30:00,31,APROBADA
1821bfe7-38c4-5092-aeee-bc83a0cf33e8,6903b35b-c2a6-5770-98e5-743c2bc06b45,2024-09-10,10:30:00,13:30:00,26,APROBADA
9d8fd6af-3573-501b-966d-0e82940003bf,a22ee2bf-332c-5ac1-ae12-28ce7b0033a1,2024-10-17,10:00:00,11:00:00,35,APROBADA
55b0d25d-f80c-5f4d-b47d-90c54ffc8605,a22ee2bf-332c-5ac1-ae12-28ce7b0033a1,2024-12-30,13:30:00,16:30:00,32,APROBADA
2488e019-083d-58c1-98c4-d8b1fd0f9733,d056b3a8-8204-507a-b6c1-1f1203a87651,2025-04-22,10:00:00,11:00:00,27,APROBADA
f824f986-1f85-5fb6-bc05-266ab92bb5fa,1dee66e3-0076-5033-8ba0-70dd67e8aea0,2024-12-18,14:00:00,15:00:00,28,APROBADA
7f5cbb18-be4b-5be3-841e-5a8b31e83c54,10225e74-7c22-5384-8cdc-396a168ec651,2025-03-05,07:30:00,09:00:00,28,APROBADA
97894d1c-8f4a-5d36-85ea-014ca36a3a26,7bcb3d0c-2500-5f01-abe8-d24e962af50e,2025-03-14,12:00:00,13:00:00,25,APROBADA
63775fb4-20da-56ca-928a-b6d65e97efa7,7bcb3d0c-2500-5f01-abe8-d24e962af50e,2025-02-05,09:30:00,10:30:00,25,APROBADA
e3c7e1c4-49ac-564d-978b-a47deed77dcd,6c814918-8ba0-52cc-9377-6d60b7946f8b,2025-02-06,11:30:00,13:00:00,40,APROBADA
e0e5c020-c226-540c-8885-a99bb314e5b8,d056b3a8-8204-507a-b6c1-1f1203a87651,2024-12-28,14:30:00,16:30:00,32,APROBADA
b47e93e4-c9f7-5aa1-8f99-98b0448c9ff3,0880d439-8834-59c1-bfce-e7f3da722b3f,2024-10-09,19:00:00,20:00:00,28,APROBADA
4121b0d7-69bb-53cd-bc5c-e327cdc08286,6c814918-8ba0-52cc-9377-6d60b7946f8b,2024-07-21,08:00:00,09:30:00,32,APROBADA
da7fae42-d177-51f2-bd28-98d4f761e887,6c814918-8ba0-52cc-9377-6d60b7946f8b,2024-09-27,14:00:00,15:00:00,36,APROBADA
9c7d52f9-e14a-5276-aac4-dc4270595284,c1489a8f-1dff-511e-b025-5a10261901d7,2025-01-21,13:00:00,14:30:00,30,APROBADA
bc1b3340-bc00-53fe-9dac-24c78fa48970,b46607fb-d28f-5c06-a3a8-091cb9d995ec,2025-01-21,13:30:00,14:30:00,38,APROBADA
be7f0b5c-aae6-5bfe-9d55-8f702bab0650,dd609563-702d-543d-a49a-0ce27a83f234,2025-03-20,15:00:00,16:30:00,26,APROBADA
e5abd6ba-82b6-59b5-b2f5-e28f52ed3ff4,d76d770e-14c2-5fea-bf8b-28f95250e124,2025-02-08,11:00:00,14:00:00,33,APROBADA
d22531f8-fdc9-53d5-b28b-bfc07d4d1a76,0880d439-8834-59c1-bfce-e7f3da722b3f,2024-09-20,10:00:00,13:00:00,33,APROBADA
4b340664-21ee-5240-8a99-abf4cb3782ed,7d424b25-0f98-5f10-b2a8-ed9ddcd33e7a,2025-05-04,08:30:00,11:30:00,27,APROBADA
b83b6327-0e81-50da-b407-402d28e2f949,706ea773-fd09-5587-a465-302616f9d571,2025-01-08,11:30:00,13:30:00,35,APROBADA
5e7b90cd-9bc4-50f4-a1f0-20334d51a393,b46607fb-d28f-5c06-a3a8-091cb9d995ec,2025-01-27,10:00:00,12:00:00,33,APROBADA
04d9b89c-ffb1-5536-9119-b5eed8e2ff18,dd609563-702d-543d-a49a-0ce27a83f234,2024-07-09,09:00:00,10:30:00,40,APROBADA
3095714c-56a0-5995-a732-3d990e1c72fa,d7ce39c6-be5b-537a-ae81-d449a1710ff2,2025-06-01,07:00:00,10:00:00,36,APROBADA
049f9ffd-9816-590f-a948-3fe3394aad75,0880d439-8834-59c1-bfce-e7f3da722b3f,2024-12-23,14:30:00,16:00:00,30,APROBADA
b9fa11aa-9f08-513d-9cd7-71ec70195463,2574a671-d58d-5db3-8c9f-2518d8a8d790,2024-11-21,18:00:00,20:00:00,37,APROBADA
e09b73c6-3e62-50c7-84ff-8f42fcbca666,6d481120-dab0-50c8-8f1b-33cf911e9573,2025-06-06,14:00:00,17:00:00,39,APROBADA
00b4c508-004e-591a-a9de-d3d8c98bc882,a22ee2bf-332c-5ac1-ae12-28ce7b0033a1,2025-04-20,08:30:00,10:00:00,26,APROBADA
84eec4d9-986d-5529-9f51-c3c6bad124ba,1dee66e3-0076-5033-8ba0-70dd67e8aea0,2024-10-25,14:00:00,15:30:00,44,APROBADA
cb7be123-81f0-5d88-8728-e3caada60cfc,2574a671-d58d-5db3-8c9f-2518d8a8d790,2024-09-05,07:00:00,09:00:00,28,APROBADA
4e9b34a1-d8db-584a-afaf-93d286e52c9e,da1fe6a7-058c-5ad3-a10e-f529804a44b5,2025-05-18,13:30:00,14:30:00,33,APROBADA
d410784a-a68f-5156-bc0f-99c8f6eb7452,d76d770e-14c2-5fea-bf8b-28f95250e124,2025-06-16,09:30:00,11:30:00,35,APROBADA
4625adf3-1cea-503c-b0e9-4bcda81d56fa,6d481120-dab0-50c8-8f1b-33cf911e9573,2024-12-29,14:00:00,16:00:00,33,APROBADA
6d2568f7-32dd-5037-baeb-e46aeab452b7,d76d770e-14c2-5fea-bf8b-28f95250e124,2024-07-31,15:30:00,17:00:00,34,APROBADA
1c8f3489-c2f0-5718-a6e6-603f23e6eb51,aad269e7-97f7-5e2d-9c43-cf84b49bd847,2024-10-20,12:30:00,14:00:00,26,APROBADA
6b849fe1-23ff-5f32-b01c-debf99c8d5a0,e5da4cff-29aa-5f05-8532-70f093603e74,2024-07-13,07:30:00,09:30:00,28,APROBADA
c69a18a8-b691-5afe-9993-95505c25d18e,706ea773-fd09-5587-a465-302616f9d571,2024-10-26,15:00:00,17:00:00,31,APROBADA
10277ae1-f18b-5aa9-b5d5-851fb09efb10,4b4a10f4-36fa-5109-bc5d-14e24370c164,2025-03-11,08:00:00,09:30:00,27,APROBADA
b45e918c-1e33-5e00-855a-4e4ab5588fa1,4b4a10f4-36fa-5109-bc5d-14e24370c164,2024-07-12,09:30:00,11:00:00,31,APROBADA
bac538ec-636f-5397-adf0-8cff2bf4c613,d76d770e-14c2-5fea-bf8b-28f95250e124,2024-08-07,07:00:00,09:00:00,28,APROBADA
e26fb429-b749-5bd6-97d7-206b65391cfe,45b00d8f-2f79-52ba-8b17-e7d6ee0b476f,2024-08-09,19:00:00,22:00:00,35,APROBADA
b060987e-9987-5c30-9fc4-257939da98c0,706ea773-fd09-5587-a465-302616f9d571,2025-02-08,12:30:00,15:30:00,36,APROBADA
348d8b93-cd78-53f7-88b6-911a964013b4,4b4a10f4-36fa-5109-bc5d-14e24370c164,2024-08-04,09:30:00,10:30:00,26,APROBADA
8b1d147c-bf0e-5910-bdce-1625fd5bba56,05a1191e-b84b-597d-b970-b04889cc30ee,2025-04-23,10:00:00,11:00:00,27,APROBADA
79424a2c-f8fa-51ec-80cb-3eeca78fff2d,6d481120-dab0-50c8-8f1b-33cf911e9573,2024-07-30,16:30:00,19:30:00,28,APROBADA
7822898f-6bc7-5cec-9e23-07968d867692,eb4139b4-3715-5623-a990-d045271440a9,2025-03-16,12:00:00,14:00:00,31,APROBADA
ebe7392d-f6ce-569b-8d06-2b6bac748469,1dee66e3-0076-5033-8ba0-70dd67e8aea0,2024-08-18,17:00:00,20:00:00,35,APROBADA
ad54cf16-86b2-5f9d-991f-3a7559c25074,aad269e7-97f7-5e2d-9c43-cf84b49bd847,2025-03-27,13:30:00,15:30:00,27,APROBADA
de181fb4-6c7a-5bfd-9d83-eb5bae3bfbc9,1dee66e3-0076-5033-8ba0-70dd67e8aea0,2024-07-05,09:30:00,10:30:00,28,APROBADA
a7ddfa04-a7fd-524d-afec-e7bc95bba0e3,45b00d8f-2f79-52ba-8b17-e7d6ee0b476f,2024-12-22,12:30:00,14:00:00,31,APROBADA
574557c8-f848-54ff-8313-4b114f0302a5,45b00d8f-2f79-52ba-8b17-e7d6ee0b476f,2024-12-28,08:30:00,09:30:00,31,APROBADA
a68d86bc-ec1b-5767-9568-13f36d722fa3,b8969593-19a7-5a43-84c0-d52e63ac0cb4,2025-02-03,17:00:00,18:00:00,27,APROBADA
b71889b4-8a10-5872-a5cb-a8d3fc9e8b55,1a0b71d7-4721-5998-bd82-de26b25b5771,2025-04-22,15:30:00,17:30:00,40,APROBADA
1fd450f7-64dd-51c0-b81f-8b8ead28153b,2574a671-d58d-5db3-8c9f-2518d8a8d790,2024-11-19,15:00:00,16:00:00,40,APROBADA
a417fe96-b48f-545a-917b-277b8c634be5,05a1191e-b84b-597d-b970-b04889cc30ee,2024-08-02,18:00:00,20:00:00,32,APROBADA
6ea56b1e-9271-5f4a-996d-20a161d7813a,8fd4b53b-1d49-5307-8a1a-e184999a4434,2024-12-03,07:30:00,10:30:00,27,APROBADA
bb096fbe-9b25-5b8b-8ccf-ee3fcbc85671,1dee66e3-0076-5033-8ba0-70dd67e8aea0,2024-08-11,12:30:00,13:30:00,32,APROBADA
e2c11751-d8e4-5fa8-b5bf-fcfde759f4b2,eb4139b4-3715-5623-a990-d045271440a9,2024-10-04,07:00:00,08:00:00,27,APROBADA
7370c747-2eec-5966-a94b-d39be0871ff8,eb4139b4-3715-5623-a990-d045271440a9,2025-06-03,11:00:00,13:00:00,26,APROBADA
f598658c-3281-5df7-90cf-5abce8959234,0880d439-8834-59c1-bfce-e7f3da722b3f,2025-04-03,12:00:00,13:00:00,28,APROBADA
7b46d2d3-eec1-51d4-87fd-820ecbb068e5,b46607fb-d28f-5c06-a3a8-091cb9d995ec,2024-12-25,10:30:00,12:00:00,27,APROBADA
4c736890-241f-57a7-9cf0-0144e6f747e7,1a0b71d7-4721-5998-bd82-de26b25b5771,2024-09-14,12:00:00,14:00:00,41,APROBADA
58ed26ba-db97-5bf0-b5a5-3267aa864cc7,1a0b71d7-4721-5998-bd82-de26b25b5771,2025-01-08,19:00:00,20:30:00,25,APROBADA
7ef88f48-7808-5876-bc3d-e0bee8285b57,c1489a8f-1dff-511e-b025-5a10261901d7,2025-06-02,18:30:00,20:30:00,28,APROBADA
01faf827-2cc7-5033-ae23-1f8f0ee1cd81,6d481120-dab0-50c8-8f1b-33cf911e9573,2024-09-23,09:30:00,11:00:00,33,APROBADA
d1ea702b-85a9-54a7-88e6-b70a4d6cd7ec,da1fe6a7-058c-5ad3-a10e-f529804a44b5,2024-08-15,09:30:00,10:30:00,33,APROBADA
33de4c85-cccd-55d5-a865-0e7182be9f79,10225e74-7c22-5384-8cdc-396a168ec651,2025-01-27,18:00:00,19:30:00,30,APROBADA
0bb1f9d0-d41c-5e17-affd-efa0f49e7a6a,aad269e7-97f7-5e2d-9c43-cf84b49bd847,2024-10-07,10:30:00,12:00:00,26,APROBADA
ca9749f6-bb97-5c06-86ee-1f8105243ce5,05a1191e-b84b-597d-b970-b04889cc30ee,2025-01-02,10:30:00,13:30:00,34,APROBADA
9f9542d1-f934-5a22-8797-722c7e5f4578,ef815f08-b586-5f03-964a-a08004eaebf3,2025-04-20,14:00:00,17:00:00,25,APROBADA
1f534c7c-5298-5bc8-8ab0-adb105b82a86,6903b35b-c2a6-5770-98e5-743c2bc06b45,2025-05-09,18:30:00,20:30:00,36,APROBADA
cd171902-3802-51ff-93c2-e3d9ccaa7e97,6903b35b-c2a6-5770-98e5-743c2bc06b45,2024-12-22,12:30:00,14:30:00,30,APROBADA
d0339663-2de7-55fa-99e9-c4e930d885db,05a1191e-b84b-597d-b970-b04889cc30ee,2024-07-26,07:30:00,09:30:00,30,APROBADA
c428a74c-f645-5be5-b821-ff37025ffa27,1a0b71d7-4721-5998-bd82-de26b25b5771,2024-09-12,09:30:00,12:30:00,39,APROBADA
ad29159f-dd6d-5585-98a0-3161c87aaf1f,45b00d8f-2f79-52ba-8b17-e7d6ee0b476f,2024-07-08,07:30:00,09:30:00,27,APROBADA
a7975ad6-e4b3-5135-97f3-4e301c517a8a,10225e74-7c22-5384-8cdc-396a168ec651,2025-06-01,12:30:00,13:30:00,32,APROBADA
64df7f37-262d-5cdf-a1de-7008cc6ed8bd,b46607fb-d28f-5c06-a3a8-091cb9d995ec,2024-12-07,11:30:00,13:30:00,29,APROBADA
bae20204-75fa-54f3-81d5-8257e17e5946,8fd4b53b-1d49-5307-8a1a-e184999a4434,2024-10-24,08:30:00,11:30:00,39,APROBADA
871edf36-eea9-5b03-b186-49c7bc820e24,b46607fb-d28f-5c06-a3a8-091cb9d995ec,2025-06-17,12:00:00,15:00:00,35,APROBADA
8bf16529-8519-55c2-8b39-4edaa9873a07,0880d439-8834-59c1-bfce-e7f3da722b3f,2024-10-12,10:00:00,11:00:00,36,APROBADA
1e684f5f-75d0-5c3b-aa3a-bc2b705c72b3,dd609563-702d-543d-a49a-0ce27a83f234,2024-10-20,14:00:00,15:00:00,27,APROBADA
2db7afdc-583e-59b2-85bb-960a7b0548d1,c1489a8f-1dff-511e-b025-5a10261901d7,2024-10-05,07:30:00,08:30:00,27,APROBADA
e6d981dc-37b3-58c4-877f-89f6d6332075,6903b35b-c2a6-5770-98e5-743c2bc06b45,2025-01-22,08:00:00,09:30:00,33,APROBADA
0f19bff8-5771-5c94-b131-725217f04791,b46607fb-d28f-5c06-a3a8-091cb9d995ec,2024-09-19,17:00:00,20:00:00,31,APROBADA
b1e072b0-0ed3-55b4-960a-678e6f5de364,23c254ed-4635-5cec-baa9-656efa7fd130,2025-06-21,10:30:00,12:30:00,31,APROBADA
adbd0e40-423e-50d2-90f0-fed4bc4f32f3,d76d770e-14c2-5fea-bf8b-28f95250e124,2024-10-22,17:00:00,18:00:00,31,APROBADA
c306ba5c-77c8-54b4-9f8f-925631dc710c,23c254ed-4635-5cec-baa9-656efa7fd130,2024-08-05,16:30:00,18:30:00,28,APROBADA
bbc86d94-fd3a-538b-9350-b481286e4d52,0880d439-8834-59c1-bfce-e7f3da722b3f,2024-10-02,15:00:00,17:00:00,31,APROBADA
f1b19615-3a60-547c-8725-7ebfd341335a,6c814918-8ba0-52cc-9377-6d60b7946f8b,2024-09-08,18:30:00,21:30:00,26,APROBADA
3f7ba0cc-a1c9-50b1-b05d-6489ac79c26c,d7ce39c6-be5b-537a-ae81-d449a1710ff2,2024-09-20,12:00:00,13:00:00,41,APROBADA
e2c039e9-8609-526f-9074-b50662e50f3a,7bcb3d0c-2500-5f01-abe8-d24e962af50e,2024-09-13,14:30:00,17:30:00,25,APROBADA
d38ebf16-acf7-57c3-b3ac-49b50ae6a016,ef815f08-b586-5f03-964a-a08004eaebf3,2025-05-06,13:00:00,16:00:00,27,APROBADA
c0e2ca85-484f-5489-b172-066e419393fe,da1fe6a7-058c-5ad3-a10e-f529804a44b5,2024-09-21,18:00:00,19:30:00,25,APROBADA
0ceca565-62f8-55fd-8408-1abd474e187d,d76d770e-14c2-5fea-bf8b-28f95250e124,2025-01-21,14:00:00,15:00:00,36,APROBADA
39054089-ba37-569c-b2c2-4ef005454fab,2574a671-d58d-5db3-8c9f-2518d8a8d790,2025-05-04,12:00:00,15:00:00,28,APROBADA
c53161cc-395b-5d51-a007-78bd053961aa,7d424b25-0f98-5f10-b2a8-ed9ddcd33e7a,2024-09-09,11:30:00,14:30:00,26,APROBADA
e1201350-58fa-5c79-8cec-785eaf459ccc,c1489a8f-1dff-511e-b025-5a10261901d7,2024-10-28,15:30:00,16:30:00,31,APROBADA
1b179ca7-ccb7-5003-af24-8dd03bf51b50,6903b35b-c2a6-5770-98e5-743c2bc06b45,2025-04-27,09:30:00,12:30:00,28,APROBADA
09eb0506-d195-502c-8c60-c855c842f83e,c1489a8f-1dff-511e-b025-5a10261901d7,2024-11-17,09:00:00,12:00:00,32,APROBADA
2c2acc9e-1259-564e-b4b8-f535fcca031e,05a1191e-b84b-597d-b970-b04889cc30ee,2024-07-12,08:30:00,09:30:00,31,APROBADA
5412b779-afe8-5ff5-9e91-c9d1d5b3a638,d7ce39c6-be5b-537a-ae81-d449a1710ff2,2025-02-16,07:30:00,10:30:00,37,APROBADA
21dd3321-b905-5db0-b7a8-5f23eb2200fe,dd609563-702d-543d-a49a-0ce27a83f234,2024-10-31,11:30:00,14:30:00,36,APROBADA
129465ee-f71f-513e-a7bf-27f44179b7be,ef815f08-b586-5f03-964a-a08004eaebf3,2024-12-09,16:30:00,18:30:00,28,APROBADA
e0d45853-4011-5521-ba4d-d4663e0aa840,c1489a8f-1dff-511e-b025-5a10261901d7,2025-03-11,10:00:00,12:00:00,28,APROBADA
f61eca26-f30f-5ad9-872e-08d96735e427,ef815f08-b586-5f03-964a-a08004eaebf3,2024-12-14,10:30:00,12:30:00,28,APROBADA
fd74e507-5d4d-5866-8750-9dd752ac03dc,45b00d8f-2f79-52ba-8b17-e7d6ee0b476f,2024-07-14,18:00:00,19:30:00,28,APROBADA
608521f9-804d-5290-9a17-b2efe0014941,b46607fb-d28f-5c06-a3a8-091cb9d995ec,2025-03-08,14:30:00,16:00:00,32,APROBADA
eeb9169e-3af5-5214-aeee-42fbfe8ac82f,8fd4b53b-1d49-5307-8a1a-e184999a4434,2025-05-17,12:30:00,13:30:00,33,APROBADA
8e5d7e76-3d16-5871-b5ea-7b7a2d349b15,aad269e7-97f7-5e2d-9c43-cf84b49bd847,2024-08-18,13:00:00,15:00:00,26,APROBADA
3ed09bd2-79ec-5b23-8553-58b215c77829,1a0b71d7-4721-5998-bd82-de26b25b5771,2025-02-10,12:30:00,14:00:00,29,APROBADA
517e4a28-0625-52cf-ad15-424eb47b696f,0880d439-8834-59c1-bfce-e7f3da722b3f,2025-01-26,16:00:00,18:00:00,40,APROBADA
ec6018c8-a1c5-5248-8909-d9f2a6f18fd2,1a0b71d7-4721-5998-bd82-de26b25b5771,2024-09-13,13:00:00,15:00:00,27,APROBADA
15044e73-e8f7-5961-b1b6-f7fde5d7562c,2574a671-d58d-5db3-8c9f-2518d8a8d790,2025-03-04,15:30:00,16:30:00,25,APROBADA
3376f74d-b87e-597c-bcc4-bddd3da3b07e,dd609563-702d-543d-a49a-0ce27a83f234,2025-02-23,13:30:00,14:30:00,27,APROBADA
46123783-8dd9-5724-afa4-66c10f8ac378,0880d439-8834-59c1-bfce-e7f3da722b3f,2024-11-30,08:30:00,10:30:00,35,APROBADA
1ec94f89-f51f-5d4c-b5a7-885edafc3e4b,d76d770e-14c2-5fea-bf8b-28f95250e124,2024-09-20,09:30:00,11:00:00,26,APROBADA
363836b8-27fc-55e4-af42-17c8b8364fff,eb4139b4-3715-5623-a990-d045271440a9,2025-06-22,10:30:00,12:30:00,25,APROBADA
6f2e20b7-adb5-5b28-8b05-6744045bf016,b8969593-19a7-5a43-84c0-d52e63ac0cb4,2024-09-25,08:30:00,10:30:00,25,APROBADA
46c2986a-b4e9-5033-bb29-6bcfeb9bcfb5,0880d439-8834-59c1-bfce-e7f3da722b3f,2024-08-03,07:30:00,08:30:00,33,APROBADA
2f065e6f-e871-5387-847a-ec44f62544a2,d7ce39c6-be5b-537a-ae81-d449a1710ff2,2024-10-03,10:30:00,13:30:00,29,APROBADA
00873fe8-28c6-5005-9df1-0cd0bdf59a23,d056b3a8-8204-507a-b6c1-1f1203a87651,2024-12-31,18:30:00,20:30:00,27,APROBADA
0693bcdd-c8a1-5d2a-8c51-55b42e20e036,a40fe9f0-87fa-5853-968f-5cedd5939e8a,2024-10-25,08:00:00,09:00:00,29,APROBADA
3da33301-b1c2-5326-8f0d-24dcc02d9409,0880d439-8834-59c1-bfce-e7f3da722b3f,2024-11-05,13:30:00,14:30:00,40,APROBADA
81f7c8e6-b0c6-52e8-b60c-b688914dac83,4b4a10f4-36fa-5109-bc5d-14e24370c164,2024-07-24,07:00:00,10:00:00,27,APROBADA
465e72c4-adbe-5f5e-85c3-4b7e6b156900,8fd4b53b-1d49-5307-8a1a-e184999a4434,2024-07-16,13:00:00,14:30:00,37,APROBADA
c066cf5f-7524-5e3e-bc03-77e87133d18c,b8969593-19a7-5a43-84c0-d52e63ac0cb4,2025-06-26,13:30:00,15:00:00,26,APROBADA
9acfc50e-b103-551b-8e39-7d0dc99d27f2,706ea773-fd09-5587-a465-302616f9d571,2025-05-27,13:30:00,16:30:00,38,APROBADA
deff5c04-240e-5f7c-93c1-ddf7e23e3209,2574a671-d58d-5db3-8c9f-2518d8a8d790,2025-06-19,16:00:00,18:00:00,36,APROBADA
2732f0d8-010c-5bd7-b541-b091c217968b,e5da4cff-29aa-5f05-8532-70f093603e74,2024-11-02,08:00:00,11:00:00,31,APROBADA
3e604717-2ea5-5ba0-a268-be37392a979e,1a0b71d7-4721-5998-bd82-de26b25b5771,2025-04-14,08:30:00,11:30:00,38,APROBADA
356d06e9-8ed7-5583-81d5-ad478dc89bc2,45b00d8f-2f79-52ba-8b17-e7d6ee0b476f,2025-06-24,19:00:00,20:00:00,34,APROBADA
ab741c80-2795-5d29-81b6-06c1ef9c360f,7d424b25-0f98-5f10-b2a8-ed9ddcd33e7a,2024-12-03,17:00:00,19:00:00,34,APROBADA
a8eaa8cf-cbbb-5156-ab30-e943cf383361,2574a671-d58d-5db3-8c9f-2518d8a8d790,2025-04-22,13:30:00,14:30:00,28,APROBADA
b20efe36-0d90-56d1-890c-da94ef937741,d76d770e-14c2-5fea-bf8b-28f95250e124,2024-10-16,14:30:00,15:30:00,36,APROBADA
1f72890a-6865-56f7-b71b-8f0a44eaa8bd,4b4a10f4-36fa-5109-bc5d-14e24370c164,2025-05-01,15:00:00,17:00:00,28,APROBADA
992f3be7-5981-5cf5-96a5-1486fedd952e,7bcb3d0c-2500-5f01-abe8-d24e962af50e,2024-11-06,11:30:00,13:00:00,30,APROBADA
2a921c62-851c-5e9e-b2b0-a8bd74c854e6,d056b3a8-8204-507a-b6c1-1f1203a87651,2024-08-30,15:00:00,18:00:00,32,APROBADA
ad1d8005-9fbf-54c7-a622-1a74def0a37a,10225e74-7c22-5384-8cdc-396a168ec651,2024-08-09,09:00:00,10:30:00,35,APROBADA
4c03b61f-8b09-501b-ad8f-2c7cba6e1321,b46607fb-d28f-5c06-a3a8-091cb9d995ec,2024-09-12,18:00:00,19:00:00,38,APROBADA
5252ded9-ab54-57f5-b0a9-37ebc40a4342,45b00d8f-2f79-52ba-8b17-e7d6ee0b476f,2024-07-24,13:30:00,14:30:00,32,APROBADA
e5d57dfa-26b8-5347-b77a-d5e75d69532a,1a0b71d7-4721-5998-bd82-de26b25b5771,2025-03-09,19:00:00,22:00:00,38,APROBADA
71deac31-a70a-5cdf-a7a5-e05608c11126,b8969593-19a7-5a43-84c0-d52e63ac0cb4,2024-08-06,13:30:00,14:30:00,26,APROBADA
7f0ebdfa-5d49-5c30-9013-3e50cf785abd,b8969593-19a7-5a43-84c0-d52e63ac0cb4,2025-04-24,19:00:00,21:00:00,30,APROBADA
7f3904ca-f897-537f-ae5d-403e89356512,0880d439-8834-59c1-bfce-e7f3da722b3f,2025-01-20,15:30:00,16:30:00,31,APROBADA
3a57037d-63bd-561e-bcc8-ae1112c24575,d76d770e-14c2-5fea-bf8b-28f95250e124,2024-11-06,11:00:00,14:00:00,36,APROBADA
5f7ed6fa-9ddc-5c0d-a0a1-266264f2c5be,7d424b25-0f98-5f10-b2a8-ed9ddcd33e7a,2025-06-20,16:30:00,19:30:00,34,APROBADA
9ab29719-31f7-5522-bc2b-73d821de256c,7d424b25-0f98-5f10-b2a8-ed9ddcd33e7a,2025-05-17,15:30:00,17:00:00,38,APROBADA
34e1cad0-eafa-560e-97ca-f2d6f3826f48,eb4139b4-3715-5623-a990-d045271440a9,2024-12-22,07:00:00,08:30:00,29,APROBADA
3d92357f-bc6b-503d-89a3-15c9754dcf4d,6d481120-dab0-50c8-8f1b-33cf911e9573,2024-09-15,14:00:00,17:00:00,42,APROBADA
faa13d08-30d5-5c88-8443-640efc23e4e5,ef815f08-b586-5f03-964a-a08004eaebf3,2024-12-18,12:00:00,14:00:00,30,APROBADA
eaeee3bb-b136-5c9a-8350-e979a733babf,aad269e7-97f7-5e2d-9c43-cf84b49bd847,2025-01-14,13:30:00,14:30:00,27,APROBADA
1a03ac90-1587-567e-b3d8-4badb5e4b935,1a0b71d7-4721-5998-bd82-de26b25b5771,2024-07-09,19:00:00,21:00:00,37,APROBADA
de6c314c-cfb2-5a24-b90a-fe13a0125ad2,8fd4b53b-1d49-5307-8a1a-e184999a4434,2025-02-23,18:30:00,19:30:00,28,APROBADA
b88d33d3-53e6-50e7-82dd-44f2dd97b73b,05a1191e-b84b-597d-b970-b04889cc30ee,2024-08-02,14:00:00,17:00:00,28,APROBADA
69361ab3-0f4f-5a59-9d8c-f0fb83cf3c8f,f5e43a2a-032c-562e-837a-ff3c72abffb4,2025-01-23,11:00:00,12:30:00,27,APROBADA
bf2ae046-4a01-5d97-ba21-a17cf2557f9e,b8969593-19a7-5a43-84c0-d52e63ac0cb4,2025-01-30,14:30:00,17:30:00,26,APROBADA
2cdde961-3692-588a-97ae-4c8e741dc523,ef815f08-b586-5f03-964a-a08004eaebf3,2025-03-30,17:00:00,18:30:00,29,APROBADA
579f5f51-39e9-5766-aa54-76b2a6044374,dd609563-702d-543d-a49a-0ce27a83f234,2024-07-28,14:30:00,15:30:00,28,APROBADA
e2e35557-20e4-5aa7-a2a7-37d908002372,0880d439-8834-59c1-bfce-e7f3da722b3f,2025-02-16,13:30:00,15:00:00,30,APROBADA
d0553848-cee7-5953-911a-7798b8b5c8ef,dd609563-702d-543d-a49a-0ce27a83f234,2024-09-07,15:30:00,16:30:00,25,APROBADA
befd3cb6-c670-5479-998e-4000b7044442,d76d770e-14c2-5fea-bf8b-28f95250e124,2025-02-16,11:30:00,12:30:00,37,APROBADA
a3164ade-0d25-5b59-a5cc-9fd9f18110d2,e5da4cff-29aa-5f05-8532-70f093603e74,2024-07-12,08:00:00,10:00:00,36,APROBADA
e3f60c24-9836-528f-b6f9-eb9c019230a2,1dee66e3-0076-5033-8ba0-70dd67e8aea0,2025-02-08,15:30:00,18:30:00,29,APROBADA
02c00ed1-b31c-54b1-8d67-5636fbd53e06,7d424b25-0f98-5f10-b2a8-ed9ddcd33e7a,2024-10-15,09:30:00,10:30:00,32,APROBADA
5a57898e-a9f5-58eb-b0b7-eef2dd8bf28e,c1489a8f-1dff-511e-b025-5a10261901d7,2025-06-15,17:00:00,18:00:00,31,APROBADA
a538edcf-59f8-5185-9be9-192e7b7851eb,a22ee2bf-332c-5ac1-ae12-28ce7b0033a1,2025-05-07,17:00:00,18:00:00,28,APROBADA
db92ec54-ff75-5b35-a6a2-918106ba313c,4b4a10f4-36fa-5109-bc5d-14e24370c164,2024-12-02,08:00:00,11:00:00,27,APROBADA
506f547c-4371-5fe3-9bb6-a8d6ca28580d,0880d439-8834-59c1-bfce-e7f3da722b3f,2024-11-03,10:30:00,11:30:00,41,APROBADA
4df6d51d-51be-5378-85b5-f3bce5f27c79,ef815f08-b586-5f03-964a-a08004eaebf3,2025-04-27,16:00:00,17:30:00,30,APROBADA
0d73cc54-dba0-521a-a927-342cbed5c851,d056b3a8-8204-507a-b6c1-1f1203a87651,2025-04-28,10:30:00,11:30:00,27,APROBADA
149c5f2e-391d-5a02-9312-a5bbeeda90a1,8fd4b53b-1d49-5307-8a1a-e184999a4434,2024-07-17,19:00:00,22:00:00,36,APROBADA
2ddb9ba6-18c9-582a-852c-1e08068d8470,6c814918-8ba0-52cc-9377-6d60b7946f8b,2025-03-23,16:30:00,19:30:00,26,APROBADA
ddcbe784-e450-534d-b074-16aece05b478,e5da4cff-29aa-5f05-8532-70f093603e74,2025-01-18,14:30:00,16:30:00,36,APROBADA
5930b8ab-da8b-5d9a-bebf-67a6718d2bcb,eb4139b4-3715-5623-a990-d045271440a9,2024-08-22,17:00:00,18:30:00,25,APROBADA
56aa88b6-d5be-5cbc-8f72-e45b9f340665,e5da4cff-29aa-5f05-8532-70f093603e74,2025-05-07,17:30:00,20:30:00,25,APROBADA
f39491bc-6c4d-5c49-b992-1cb36149f3c2,ef815f08-b586-5f03-964a-a08004eaebf3,2024-10-02,15:00:00,18:00:00,34,APROBADA
1604bf26-c6b2-56dd-9cb9-80a57e9d5233,7d424b25-0f98-5f10-b2a8-ed9ddcd33e7a,2025-03-24,18:30:00,20:00:00,37,APROBADA
b79c692f-e336-5d82-85af-db2cc565d91c,6903b35b-c2a6-5770-98e5-743c2bc06b45,2024-09-30,09:30:00,11:30:00,32,APROBADA
802ad678-1ced-5ad1-9e2a-b69e3d5e804c,e5da4cff-29aa-5f05-8532-70f093603e74,2024-08-17,08:30:00,11:30:00,30,APROBADA
7c43a293-8357-5b2f-b853-a4456dfb0fab,1a0b71d7-4721-5998-bd82-de26b25b5771,2024-07-01,11:00:00,13:00:00,29,APROBADA
c5b4083f-8180-5f4c-a819-5cae6b885c24,10225e74-7c22-5384-8cdc-396a168ec651,2025-01-24,08:00:00,09:30:00,30,APROBADA
17a39f7f-23c3-5934-a4b1-43dd08e73094,d76d770e-14c2-5fea-bf8b-28f95250e124,2025-03-05,16:30:00,19:30:00,25,APROBADA
3e99e8bc-3423-52cd-b2d7-e517eb4f3d49,6d481120-dab0-50c8-8f1b-33cf911e9573,2025-03-13,18:30:00,20:30:00,38,APROBADA
2f69f9ff-e1e0-555e-9e35-eff9fca2158c,aad269e7-97f7-5e2d-9c43-cf84b49bd847,2024-07-15,07:30:00,08:30:00,28,APROBADA
6ff15f95-7004-5498-8824-d2afbf3251b4,6d481120-dab0-50c8-8f1b-33cf911e9573,2024-07-20,10:30:00,11:30:00,38,APROBADA
44b12917-f39c-539f-a79e-062ae824e339,dd609563-702d-543d-a49a-0ce27a83f234,2024-09-17,12:30:00,13:30:00,28,APROBADA
2470501d-c2ad-5b87-9050-5ed5ec980947,7d424b25-0f98-5f10-b2a8-ed9ddcd33e7a,2024-11-03,10:30:00,13:30:00,34,APROBADA
89c7d9a3-0f23-5ca8-9a81-97bdef415b27,45b00d8f-2f79-52ba-8b17-e7d6ee0b476f,2024-12-25,12:30:00,14:30:00,32,APROBADA
afdf254d-2b1f-5f34-aeb0-e6cb13886e15,1a0b71d7-4721-5998-bd82-de26b25b5771,2024-08-29,13:30:00,15:30:00,34,APROBADA
c7b28093-2792-5988-a7b5-fa2f16f8a5e8,706ea773-fd09-5587-a465-302616f9d571,2025-04-22,09:00:00,10:30:00,30,APROBADA
8a3da608-7be0-5e0e-b698-c3c5d00c6784,d76d770e-14c2-5fea-bf8b-28f95250e124,2025-04-24,10:30:00,13:30:00,36,APROBADA
3e16109a-7104-5c6b-9551-3cd0c272e72d,05a1191e-b84b-597d-b970-b04889cc30ee,2025-03-09,16:30:00,18:30:00,28,APROBADA
80e42e92-a233-5a36-abc7-47a636ecf5e3,6d481120-dab0-50c8-8f1b-33cf911e9573,2025-04-28,14:30:00,15:30:00,27,APROBADA
a924f1b0-13b2-564f-a03c-6e1a9f04a75f,a22ee2bf-332c-5ac1-ae12-28ce7b0033a1,2025-06-21,14:30:00,17:30:00,32,APROBADA
05beb4e8-fae3-5116-8eca-0ae426649a8f,706ea773-fd09-5587-a465-302616f9d571,2025-03-11,13:30:00,15:30:00,33,APROBADA
59ffafeb-09ff-54c1-b01f-9b66b539973a,6c814918-8ba0-52cc-9377-6d60b7946f8b,2024-07-23,10:30:00,11:30:00,33,APROBADA
6d57d2b4-43e6-56ae-b659-fbce5a4c4a0a,4b4a10f4-36fa-5109-bc5d-14e24370c164,2025-03-03,14:30:00,15:30:00,28,APROBADA
135142dd-98e8-5749-927a-3d36aa1f35a7,0880d439-8834-59c1-bfce-e7f3da722b3f,2024-08-16,13:00:00,14:00:00,36,APROBADA
dd9ef124-8795-5ece-abde-162653829164,d76d770e-14c2-5fea-bf8b-28f95250e124,2025-03-21,10:30:00,12:00:00,40,APROBADA
1ea67944-ad8f-5cfe-870b-25056f6ac573,6d481120-dab0-50c8-8f1b-33cf911e9573,2025-02-18,10:00:00,13:00:00,35,APROBADA
b7f5e413-2566-5a6e-b38a-4eadc6b65e85,2574a671-d58d-5db3-8c9f-2518d8a8d790,2024-09-06,12:00:00,13:30:00,26,APROBADA
4e7bbdf6-7d61-55c7-ac5a-309327ccaf6a,1a0b71d7-4721-5998-bd82-de26b25b5771,2025-02-05,12:30:00,14:30:00,26,APROBADA
92d3d005-7f8d-5f0c-9e9f-30bd710dcaed,dd609563-702d-543d-a49a-0ce27a83f234,2025-06-11,16:30:00,17:30:00,30,APROBADA
5a75ae60-73a2-5f9b-b47b-616615ae172e,05a1191e-b84b-597d-b970-b04889cc30ee,2025-04-26,09:00:00,10:00:00,28,APROBADA
ecbb2ac0-9765-5ea6-8e99-3fd397cd1bde,6903b35b-c2a6-5770-98e5-743c2bc06b45,2025-01-03,07:00:00,08:00:00,32,APROBADA
68d3226b-cc96-5c31-89a3-ef905fb2202a,da1fe6a7-058c-5ad3-a10e-f529804a44b5,2024-12-15,08:30:00,09:30:00,26,APROBADA
bf583a7b-ac0d-5364-8074-71e2aecf9371,1dee66e3-0076-5033-8ba0-70dd67e8aea0,2024-10-06,07:00:00,09:00:00,27,APROBADA
8f149c1c-6f93-568b-ad9a-08f43162f00e,6903b35b-c2a6-5770-98e5-743c2bc06b45,2025-03-21,19:00:00,21:00:00,35,APROBADA
467a7eb9-e836-5c59-a158-c773d067c9d1,a40fe9f0-87fa-5853-968f-5cedd5939e8a,2024-07-16,17:00:00,18:00:00,30,APROBADA
a4bae908-11d6-5c12-b851-7f2333a9b57d,706ea773-fd09-5587-a465-302616f9d571,2024-12-03,07:00:00,08:30:00,33,APROBADA
bedc76aa-4a97-597d-af75-f9eb5feb9ea0,dd609563-702d-543d-a49a-0ce27a83f234,2024-07-08,11:30:00,12:30:00,37,APROBADA
6cba8168-770c-52d8-b8b4-a92dbed4ef68,a40fe9f0-87fa-5853-968f-5cedd5939e8a,2025-01-25,15:30:00,18:30:00,27,APROBADA
90822eb3-9409-529e-8543-b066479757e6,1dee66e3-0076-5033-8ba0-70dd67e8aea0,2024-10-07,09:30:00,11:30:00,34,APROBADA
5a7dd904-788a-54ad-b592-44af78c7aaad,f5e43a2a-032c-562e-837a-ff3c72abffb4,2024-10-07,19:00:00,21:00:00,28,APROBADA
c5e4c558-a2b4-5040-8cb2-bdf446dbf884,a22ee2bf-332c-5ac1-ae12-28ce7b0033a1,2025-01-24,12:00:00,13:30:00,32,APROBADA
f74edab4-c6ca-55f6-8ae8-28b6844152aa,1a0b71d7-4721-5998-bd82-de26b25b5771,2024-11-20,13:30:00,14:30:00,32,APROBADA
ac722508-a18d-5294-b1f6-7f2e6f029579,8fd4b53b-1d49-5307-8a1a-e184999a4434,2025-05-03,17:30:00,20:30:00,26,APROBADA
eb2bf3d5-3cc0-587f-ae6a-6b99f9ddcd87,2574a671-d58d-5db3-8c9f-2518d8a8d790,2025-01-09,08:30:00,11:30:00,33,APROBADA
b5034276-1b98-511f-8333-9d2c8de410af,da1fe6a7-058c-5ad3-a10e-f529804a44b5,2024-09-17,17:00:00,19:00:00,34,APROBADA
7ac3fa10-0587-5091-a9f5-49cadf6d00c6,8fd4b53b-1d49-5307-8a1a-e184999a4434,2024-09-23,13:30:00,14:30:00,25,APROBADA
7b71aade-8430-513d-9bc3-313f4735f181,0880d439-8834-59c1-bfce-e7f3da722b3f,2024-08-02,12:00:00,15:00:00,45,APROBADA
c6139537-f393-565c-9231-004ea622448b,2574a671-d58d-5db3-8c9f-2518d8a8d790,2024-09-13,12:00:00,14:00:00,28,APROBADA
40a6f559-23d8-5787-acab-220c94db7aca,6903b35b-c2a6-5770-98e5-743c2bc06b45,2025-06-11,09:30:00,12:30:00,36,APROBADA
3004cdcb-4d82-5bcf-bae0-4064f2081568,8fd4b53b-1d49-5307-8a1a-e184999a4434,2024-11-26,18:00:00,19:00:00,30,APROBADA
ecdc6967-9170-5cfc-b529-0e4a67d73240,a40fe9f0-87fa-5853-968f-5cedd5939e8a,2024-08-10,11:30:00,14:30:00,32,APROBADA
aab8d819-35f0-5934-8ae4-1721031ac318,6d481120-dab0-50c8-8f1b-33cf911e9573,2024-08-27,10:00:00,11:30:00,37,APROBADA
1f7d7895-77df-5e06-aec1-d57e4a990b2b,1a0b71d7-4721-5998-bd82-de26b25b5771,2025-01-08,11:30:00,14:30:00,26,APROBADA
072b73e8-8799-5671-9b86-51b598a5bf9f,1dee66e3-0076-5033-8ba0-70dd67e8aea0,2025-01-06,13:30:00,16:30:00,45,APROBADA
d4d7f361-fb11-5cfd-b660-035bafee3d62,d76d770e-14c2-5fea-bf8b-28f95250e124,2024-09-24,13:00:00,14:30:00,28,APROBADA
ecb62c63-2a80-5458-abd7-a8556e76d9df,d056b3a8-8204-507a-b6c1-1f1203a87651,2024-11-29,15:30:00,17:30:00,25,APROBADA
2fd79a3c-99c7-53fe-bc8c-ebc167a5acfe,45b00d8f-2f79-52ba-8b17-e7d6ee0b476f,2024-10-13,12:00:00,13:00:00,28,APROBADA
7160df6c-4fcc-577d-a876-5d0656d57820,10225e74-7c22-5384-8cdc-396a168ec651,2025-06-01,19:00:00,22:00:00,25,APROBADA
f453c230-e4b2-57f2-bf79-4fb0dbc2f209,10225e74-7c22-5384-8cdc-396a168ec651,2024-08-22,17:30:00,19:00:00,29,APROBADA
74e21ffb-a644-542c-9b9a-e4fca71c203a,8fd4b53b-1d49-5307-8a1a-e184999a4434,2025-03-19,11:00:00,13:00:00,32,APROBADA
11373d14-d285-5d9a-b138-06fdd8d321ab,0880d439-8834-59c1-bfce-e7f3da722b3f,2025-02-26,13:00:00,14:00:00,32,APROBADA
a9c183ba-c799-553b-9bfb-890be5b126f1,1dee66e3-0076-5033-8ba0-70dd67e8aea0,2024-11-10,11:00:00,13:00:00,28,APROBADA
eee181e9-f56c-57bf-aaba-6e06bb7ae7af,0880d439-8834-59c1-bfce-e7f3da722b3f,2024-09-25,19:00:00,21:00:00,43,APROBADA
a01558d8-d155-5510-a834-b0e85e12b01e,f5e43a2a-032c-562e-837a-ff3c72abffb4,2024-08-17,12:30:00,13:30:00,28,APROBADA
d496da3b-6b57-526d-88d4-27971bf6fa65,1a0b71d7-4721-5998-bd82-de26b25b5771,2025-03-16,11:30:00,12:30:00,31,APROBADA
6d463de3-7e3d-595c-851c-7498b8be7503,4b4a10f4-36fa-5109-bc5d-14e24370c164,2025-02-19,11:00:00,12:30:00,27,APROBADA
a85dddc8-76ad-5cea-9b87-84a94310f7b3,d056b3a8-8204-507a-b6c1-1f1203a87651,2024-09-18,15:00:00,16:30:00,25,APROBADA
ab29e2e2-b9f4-5ca5-8252-92fba36d308b,10225e74-7c22-5384-8cdc-396a168ec651,2025-03-17,17:30:00,19:00:00,25,APROBADA
9a2f040e-85b4-5fae-9582-34e66b4a1f87,c1489a8f-1dff-511e-b025-5a10261901d7,2024-08-18,19:00:00,22:00:00,26,APROBADA
972683f8-1f2d-5ccb-bac7-e88a8a0f954a,2574a671-d58d-5db3-8c9f-2518d8a8d790,2025-01-09,11:30:00,13:30:00,33,APROBADA
04a147dc-7508-5ccb-960b-0d5c5fe9f299,6903b35b-c2a6-5770-98e5-743c2bc06b45,2024-11-07,18:30:00,20:30:00,30,APROBADA
04d7b1f8-d1d6-58a3-b122-8ec6aec3dec5,aad269e7-97f7-5e2d-9c43-cf84b49bd847,2025-06-18,14:30:00,17:30:00,26,APROBADA
151ada34-3543-51bd-8fb4-48e44748ccca,b46607fb-d28f-5c06-a3a8-091cb9d995ec,2025-02-09,10:00:00,12:00:00,33,APROBADA
57150113-8bed-5526-9752-28ab9ba526f9,45b00d8f-2f79-52ba-8b17-e7d6ee0b476f,2025-05-02,12:30:00,14:00:00,30,APROBADA
d8bac8e8-ff93-5f03-a1a5-41c3773bdd1e,706ea773-fd09-5587-a465-302616f9d571,2025-06-26,18:30:00,20:30:00,38,APROBADA
1d907578-3a7b-5982-bb7f-80f34709c223,45b00d8f-2f79-52ba-8b17-e7d6ee0b476f,2025-02-21,18:00:00,20:00:00,27,APROBADA
bdc5885b-d008-5e9f-8d8b-1af1971272f4,d7ce39c6-be5b-537a-ae81-d449a1710ff2,2024-12-22,14:30:00,16:00:00,38,APROBADA
722fed01-a15e-53e0-8ee1-732b6c58212a,f5e43a2a-032c-562e-837a-ff3c72abffb4,2024-10-24,15:30:00,17:30:00,27,APROBADA
3e67530c-aa23-55b0-b867-8da04114a65f,8fd4b53b-1d49-5307-8a1a-e184999a4434,2025-01-04,14:30:00,16:00:00,40,APROBADA
8e5d637b-51eb-5ae4-9e31-ff1ef28a0c5f,da1fe6a7-058c-5ad3-a10e-f529804a44b5,2025-04-13,10:30:00,12:00:00,26,APROBADA
f08243f5-2197-5efd-af0c-758e605da1e8,1dee66e3-0076-5033-8ba0-70dd67e8aea0,2025-04-25,18:30:00,19:30:00,39,APROBADA
d943b8b9-aac9-5064-b7bc-e75819b27547,10225e74-7c22-5384-8cdc-396a168ec651,2025-03-27,07:00:00,08:30:00,25,APROBADA
a1efc44f-3798-5b18-a59e-f2185d8b58c8,2574a671-d58d-5db3-8c9f-2518d8a8d790,2024-11-11,15:30:00,16:30:00,25,APROBADA
8d445cb5-129f-57b5-89a6-3781ec981148,706ea773-fd09-5587-a465-302616f9d571,2024-07-22,13:00:00,16:00:00,33,APROBADA
a4643b47-8483-5b6e-bc5f-54070ee8e9fc,4b4a10f4-36fa-5109-bc5d-14e24370c164,2024-11-29,13:30:00,14:30:00,28,APROBADA
41e72b2a-a70e-5c90-bdfc-bdd37535acc7,7bcb3d0c-2500-5f01-abe8-d24e962af50e,2025-05-27,14:30:00,16:30:00,27,APROBADA
5b2b4f99-5f20-5c3f-9f02-23aa87bc938e,e5da4cff-29aa-5f05-8532-70f093603e74,2024-12-20,09:00:00,12:00:00,33,APROBADA
e4d41489-bbba-593d-b14a-d60e768710b2,23c254ed-4635-5cec-baa9-656efa7fd130,2025-03-28,18:00:00,19:30:00,28,APROBADA
144b5452-6fd1-5bfe-ad64-99aee8cd0037,c1489a8f-1dff-511e-b025-5a10261901d7,2024-07-15,07:00:00,09:00:00,30,APROBADA
73c3058d-0ddc-5314-883c-f6673c5c2a76,4b4a10f4-36fa-5109-bc5d-14e24370c164,2025-06-07,10:00:00,13:00:00,25,APROBADA
c0c310fd-dfce-5b8b-a723-88205ceb22b7,f5e43a2a-032c-562e-837a-ff3c72abffb4,2024-07-30,09:00:00,10:00:00,27,APROBADA
1b4a9c99-ffb7-53db-8550-94fb38a0154b,1a0b71d7-4721-5998-bd82-de26b25b5771,2025-02-14,11:30:00,13:30:00,30,APROBADA
91d41ecf-0e93-5f86-9249-f460666db0ae,e5da4cff-29aa-5f05-8532-70f093603e74,2024-09-21,07:00:00,08:30:00,30,APROBADA
19881f7f-fe4e-5ee8-b1f2-8c083c307529,6d481120-dab0-50c8-8f1b-33cf911e9573,2024-08-30,14:00:00,17:00:00,43,APROBADA
f22224bc-c698-5ac3-8fa3-8f7ee3bad5f0,d7ce39c6-be5b-537a-ae81-d449a1710ff2,2024-09-10,09:00:00,11:00:00,27,APROBADA
c4cc6d7a-b1c6-53c5-8880-a9d67698a8e4,d056b3a8-8204-507a-b6c1-1f1203a87651,2024-12-09,11:00:00,13:00:00,28,APROBADA
0b498fd1-211c-5d0f-8429-ccd6c346b705,f5e43a2a-032c-562e-837a-ff3c72abffb4,2024-07-11,09:30:00,11:00:00,28,APROBADA
c36b0ec0-28a8-52fa-8459-592aa9a4fcd5,1a0b71d7-4721-5998-bd82-de26b25b5771,2024-09-16,17:30:00,19:00:00,34,APROBADA
aa98a75c-f2e7-55d1-b097-08d1c2a7f3b6,6c814918-8ba0-52cc-9377-6d60b7946f8b,2024-07-03,15:00:00,16:30:00,35,APROBADA
ac3153fb-9412-54c1-899c-9089d863583d,c1489a8f-1dff-511e-b025-5a10261901d7,2025-06-04,08:00:00,09:00:00,26,APROBADA
418acd6e-4419-5ea4-b80c-87c322e460a8,2574a671-d58d-5db3-8c9f-2518d8a8d790,2024-10-24,13:30:00,15:30:00,40,APROBADA
eb8d8f8a-98b1-5b00-bd7e-765c4b3ca270,6d481120-dab0-50c8-8f1b-33cf911e9573,2025-03-08,11:30:00,13:00:00,42,APROBADA
0ff28eda-37a3-5003-a82e-37da48cf5e6c,da1fe6a7-058c-5ad3-a10e-f529804a44b5,2024-07-16,16:30:00,19:30:00,31,APROBADA
f13c677a-a49c-525a-be26-688b3bf878d0,1dee66e3-0076-5033-8ba0-70dd67e8aea0,2025-06-25,13:30:00,15:30:00,29,APROBADA
0b5b755e-e4f4-53a4-8406-8ac024a462e3,23c254ed-4635-5cec-baa9-656efa7fd130,2024-09-30,10:30:00,12:30:00,31,APROBADA
2c5db718-64c0-5726-a2e4-5683242aa9c8,a40fe9f0-87fa-5853-968f-5cedd5939e8a,2024-10-23,11:30:00,12:30:00,32,APROBADA
3ca7de39-93da-5135-a562-3e3541943c4f,ef815f08-b586-5f03-964a-a08004eaebf3,2025-01-08,09:30:00,10:30:00,36,APROBADA
ca516916-0477-5a12-9ede-6092bf9d5354,a22ee2bf-332c-5ac1-ae12-28ce7b0033a1,2025-06-19,16:30:00,17:30:00,31,APROBADA
9f168100-9fcb-5105-a569-4850f1a2bcbe,e5da4cff-29aa-5f05-8532-70f093603e74,2024-07-12,15:00:00,18:00:00,34,APROBADA
1e4e8057-535a-5564-b745-057980fa4afc,ef815f08-b586-5f03-964a-a08004eaebf3,2025-03-10,07:00:00,08:00:00,36,APROBADA
39febda4-d55f-5271-889e-43c7aa34710c,b8969593-19a7-5a43-84c0-d52e63ac0cb4,2025-04-01,18:30:00,21:30:00,26,APROBADA
f4471673-6294-5905-98cb-569461aa012a,d7ce39c6-be5b-537a-ae81-d449a1710ff2,2024-08-23,07:00:00,09:00:00,25,APROBADA
6535437f-4371-5906-bd65-0fc47c8611b4,706ea773-fd09-5587-a465-302616f9d571,2025-02-06,13:30:00,14:30:00,27,APROBADA
6e85c7eb-cd32-5da2-a41f-959a38426095,ef815f08-b586-5f03-964a-a08004eaebf3,2024-07-13,11:00:00,12:30:00,33,APROBADA
9d11df01-43a1-5c70-93d3-d76d11f0acbc,0880d439-8834-59c1-bfce-e7f3da722b3f,2024-11-24,14:30:00,16:00:00,35,APROBADA
0b9c8ca5-55c5-55c1-90ac-d8945462aa48,8fd4b53b-1d49-5307-8a1a-e184999a4434,2024-07-19,07:30:00,10:30:00,31,APROBADA
107a281a-5f10-53f1-a7eb-fb4a3175e11a,b46607fb-d28f-5c06-a3a8-091cb9d995ec,2024-11-14,07:30:00,08:30:00,38,APROBADA
a7869f4a-31d8-504d-afed-2384de038864,d7ce39c6-be5b-537a-ae81-d449a1710ff2,2025-06-06,18:30:00,20:30:00,27,APROBADA
7cd1d94d-c5ad-5afb-91b8-2cbf0c71c547,dd609563-702d-543d-a49a-0ce27a83f234,2024-07-09,15:00:00,16:30:00,37,APROBADA
e0767d80-0393-57ff-8e3e-91a3281175ab,10225e74-7c22-5384-8cdc-396a168ec651,2025-04-13,16:00:00,17:00:00,29,APROBADA
deb89f66-5309-5640-a6e4-2dcf197d212b,706ea773-fd09-5587-a465-302616f9d571,2025-04-10,11:30:00,12:30:00,38,APROBADA
e67f1efb-79b4-5aa5-99d8-758997972983,7bcb3d0c-2500-5f01-abe8-d24e962af50e,2024-09-25,14:00:00,17:00:00,25,APROBADA
3637f39f-e8d8-5759-98d5-dcc377ef9053,d7ce39c6-be5b-537a-ae81-d449a1710ff2,2025-05-14,12:30:00,14:30:00,27,APROBADA
2e880062-80dd-5fdf-b195-5861ba4e1a12,1dee66e3-0076-5033-8ba0-70dd67e8aea0,2024-10-15,19:00:00,21:00:00,30,APROBADA
1e4ad32f-6f79-5f6b-973d-5bce878c3793,8fd4b53b-1d49-5307-8a1a-e184999a4434,2025-06-25,07:00:00,08:30:00,36,APROBADA
ffa1a070-c3e9-5e3d-87d0-3cb1df44c519,706ea773-fd09-5587-a465-302616f9d571,2025-01-09,10:30:00,12:30:00,27,APROBADA
9d42628e-602a-5dab-a07a-f59553da02af,f5e43a2a-032c-562e-837a-ff3c72abffb4,2024-11-15,08:00:00,11:00:00,30,APROBADA
66fcfdc5-b10f-586e-9e70-dae51d2ae684,eb4139b4-3715-5623-a990-d045271440a9,2024-11-14,09:00:00,12:00:00,32,APROBADA
40231a7d-5f8f-5620-afcf-266ba88850ca,da1fe6a7-058c-5ad3-a10e-f529804a44b5,2025-05-29,09:30:00,12:30:00,27,APROBADA
7ecd066c-55d5-59e8-a338-a37fe0b7154a,eb4139b4-3715-5623-a990-d045271440a9,2024-09-13,10:30:00,12:30:00,28,APROBADA
c9d513b5-1df3-5b5c-ba80-3196c8030e49,706ea773-fd09-5587-a465-302616f9d571,2025-06-19,12:30:00,14:00:00,31,APROBADA
af445a29-1b34-529c-b037-95d3135814ac,dd609563-702d-543d-a49a-0ce27a83f234,2024-08-25,14:00:00,16:00:00,38,APROBADA
14799d71-b95b-527c-8262-bc5d2858a275,6d481120-dab0-50c8-8f1b-33cf911e9573,2024-08-12,10:00:00,11:30:00,25,APROBADA
4c4bb4a9-b3f7-53fd-9f3a-87faa5fee5a4,6c814918-8ba0-52cc-9377-6d60b7946f8b,2025-02-03,12:00:00,14:00:00,39,APROBADA
84d48678-5539-5903-8d98-adb0eed89c63,1a0b71d7-4721-5998-bd82-de26b25b5771,2024-07-07,10:00:00,13:00:00,25,APROBADA
7a694754-253e-5174-b10f-95ed8eef03a2,4b4a10f4-36fa-5109-bc5d-14e24370c164,2025-01-24,11:30:00,14:30:00,29,APROBADA
7078531b-13d5-58a3-bcc0-4d61d571c100,6903b35b-c2a6-5770-98e5-743c2bc06b45,2024-11-04,12:30:00,14:00:00,26,APROBADA
6a1138f4-f2c3-5325-a4fa-92a5255b0c96,da1fe6a7-058c-5ad3-a10e-f529804a44b5,2024-10-20,08:00:00,09:30:00,36,APROBADA
1e6d6c97-305e-5535-8fc4-fc83c0564f79,ef815f08-b586-5f03-964a-a08004eaebf3,2024-12-11,14:00:00,17:00:00,29,APROBADA
0343c62d-805a-5a47-8cb6-0df098e84303,23c254ed-4635-5cec-baa9-656efa7fd130,2025-04-28,19:00:00,20:00:00,28,APROBADA
97cddcfe-00f3-56e8-a5c7-07ea84642026,10225e74-7c22-5384-8cdc-396a168ec651,2025-02-25,12:30:00,14:00:00,31,APROBADA
53df902b-a169-5957-8ca8-68f99c0d01e1,1dee66e3-0076-5033-8ba0-70dd67e8aea0,2024-07-13,14:00:00,15:00:00,41,APROBADA
02bc2740-608b-5744-9b32-f5379b17a469,2574a671-d58d-5db3-8c9f-2518d8a8d790,2025-04-23,15:00:00,18:00:00,37,APROBADA
b3116ac6-a4c5-5a30-8c00-4e41d5958b0b,d76d770e-14c2-5fea-bf8b-28f95250e124,2025-05-22,15:00:00,17:00:00,31,APROBADA
78306d29-9aee-577c-ac16-7c413b9a52bf,10225e74-7c22-5384-8cdc-396a168ec651,2024-08-21,14:30:00,15:30:00,29,APROBADA
771eb285-2717-53c5-91ee-4d5144eb2560,b46607fb-d28f-5c06-a3a8-091cb9d995ec,2024-10-31,08:30:00,09:30:00,37,APROBADA
4dacd73d-1df1-5bdb-afea-5b231684569f,05a1191e-b84b-597d-b970-b04889cc30ee,2024-09-08,10:30:00,11:30:00,30,APROBADA
07aa6cb3-98de-5256-a530-537cfa05322e,da1fe6a7-058c-5ad3-a10e-f529804a44b5,2025-01-12,09:30:00,11:00:00,30,APROBADA
848f1036-ec7a-5f88-8b0f-a417b7c2d89d,f5e43a2a-032c-562e-837a-ff3c72abffb4,2024-10-10,14:00:00,17:00:00,25,APROBADA
040378f0-3151-5f96-bf2c-d167d337ab62,d056b3a8-8204-507a-b6c1-1f1203a87651,2025-05-23,18:00:00,19:00:00,31,APROBADA
d7a522a4-d880-5d3b-9ff5-b51d9008fb8c,1a0b71d7-4721-5998-bd82-de26b25b5771,2025-01-19,12:00:00,15:00:00,40,APROBADA
f601624a-fe0b-51d0-9a6c-41c4b19a25f5,6c814918-8ba0-52cc-9377-6d60b7946f8b,2025-05-11,12:30:00,14:30:00,33,APROBADA
fae463e0-63cd-5756-bdca-441c452fda47,2574a671-d58d-5db3-8c9f-2518d8a8d790,2025-06-10,12:00:00,13:00:00,26,APROBADA
e43904ef-92d0-53aa-8c32-73b97bc4f43b,7d424b25-0f98-5f10-b2a8-ed9ddcd33e7a,2024-10-25,09:00:00,11:00:00,34,APROBADA
4ab3c635-cdea-57c2-8625-845fbdd8f8f4,1dee66e3-0076-5033-8ba0-70dd67e8aea0,2025-06-11,16:00:00,17:00:00,37,APROBADA
73592d8f-fe7b-581f-803b-de501333a291,10225e74-7c22-5384-8cdc-396a168ec651,2024-07-18,11:00:00,14:00:00,26,APROBADA
95b0beca-80e2-501e-8586-31cd57ed1493,1dee66e3-0076-5033-8ba0-70dd67e8aea0,2025-05-26,09:30:00,10:30:00,41,APROBADA
12a2cb5b-f73d-5b7b-91fe-70ef7d1d8d16,7d424b25-0f98-5f10-b2a8-ed9ddcd33e7a,2025-01-03,12:00:00,15:00:00,32,APROBADA
fc15284f-880d-5613-80d5-c1e86c9b22bd,45b00d8f-2f79-52ba-8b17-e7d6ee0b476f,2024-07-24,15:30:00,18:30:00,27,APROBADA
bdf64114-9402-59a4-8f37-ac311619d6e6,f5e43a2a-032c-562e-837a-ff3c72abffb4,2025-03-19,14:00:00,15:00:00,29,APROBADA
fdafa867-d9b4-537d-8dde-ffb516f253df,eb4139b4-3715-5623-a990-d045271440a9,2024-10-25,16:30:00,18:00:00,32,APROBADA
4620e0e0-4d30-5b29-a404-717f16a91443,d7ce39c6-be5b-537a-ae81-d449a1710ff2,2025-05-20,18:00:00,19:00:00,45,APROBADA
06375b2f-0a82-5cc2-ac1a-859932c5f4d1,a40fe9f0-87fa-5853-968f-5cedd5939e8a,2024-09-08,15:00:00,18:00:00,32,APROBADA
ee54c7a5-ddc1-50fc-bd8b-58769778dbab,1dee66e3-0076-5033-8ba0-70dd67e8aea0,2025-06-03,10:30:00,12:00:00,45,APROBADA
8ad22ef4-152b-5947-a486-a16bc80d5a1a,e5da4cff-29aa-5f05-8532-70f093603e74,2024-07-15,14:30:00,16:00:00,36,APROBADA
180033ab-bfab-54f0-b3fb-11575cbd3df4,1dee66e3-0076-5033-8ba0-70dd67e8aea0,2025-01-31,15:30:00,18:30:00,29,APROBADA
2a69a2b5-6ae3-5efa-b078-a673902577a6,7d424b25-0f98-5f10-b2a8-ed9ddcd33e7a,2024-10-15,08:00:00,11:00:00,37,APROBADA
f410604e-49d8-562b-af22-f709dff49376,10225e74-7c22-5384-8cdc-396a168ec651,2024-08-13,19:00:00,20:00:00,27,APROBADA
cf380a53-ac8c-57b4-b893-a409126259ce,7d424b25-0f98-5f10-b2a8-ed9ddcd33e7a,2024-12-19,12:30:00,13:30:00,39,APROBADA
bfa48970-d1f8-5110-9fb0-7259fd0f290a,d7ce39c6-be5b-537a-ae81-d449a1710ff2,2025-03-05,09:30:00,11:30:00,30,APROBADA
84924be5-3360-58ef-8872-30cd9835953d,2574a671-d58d-5db3-8c9f-2518d8a8d790,2024-12-14,12:00:00,13:30:00,32,APROBADA
3a39c8c8-0a23-5fd7-8e46-f548eb75dff1,d7ce39c6-be5b-537a-ae81-d449a1710ff2,2025-02-22,13:30:00,14:30:00,36,APROBADA
acdf263a-d1c3-55ca-9d3b-c1124c5239e8,2574a671-d58d-5db3-8c9f-2518d8a8d790,2024-12-07,15:00:00,17:00:00,37,APROBADA
497e9f72-32e2-5781-8c5a-960a5ca28cd0,45b00d8f-2f79-52ba-8b17-e7d6ee0b476f,2024-09-25,18:00:00,19:00:00,35,APROBADA
bc5b83ad-48ab-524d-93ca-d0bd8a01037f,10225e74-7c22-5384-8cdc-396a168ec651,2024-08-29,16:30:00,17:30:00,29,APROBADA
70a30ace-d9ea-5596-840f-ec4b55eebde9,eb4139b4-3715-5623-a990-d045271440a9,2025-06-24,07:00:00,10:00:00,28,APROBADA
1160ac0d-c333-580c-ba43-b2cd8a334768,1a0b71d7-4721-5998-bd82-de26b25b5771,2025-05-30,08:00:00,09:30:00,28,APROBADA
1795104e-3413-506c-84fb-d5fa436244bf,c1489a8f-1dff-511e-b025-5a10261901d7,2025-05-14,18:00:00,20:00:00,28,APROBADA
5735c987-0db9-55a6-8019-3f034690b448,d056b3a8-8204-507a-b6c1-1f1203a87651,2025-01-19,16:00:00,17:00:00,32,APROBADA
d446a3f9-6159-5e95-aee2-1a14748f01dc,eb4139b4-3715-5623-a990-d045271440a9,2025-04-03,18:00:00,19:30:00,26,APROBADA
8f738d12-0145-51b8-8b6d-72817ce46653,7d424b25-0f98-5f10-b2a8-ed9ddcd33e7a,2025-03-15,12:00:00,13:00:00,39,APROBADA
038c141e-782e-5827-85b7-f702de71eb0c,d7ce39c6-be5b-537a-ae81-d449a1710ff2,2024-10-26,11:00:00,13:00:00,31,APROBADA
f6539508-8d76-5e78-bb68-8779b740c839,45b00d8f-2f79-52ba-8b17-e7d6ee0b476f,2025-02-13,10:00:00,11:00:00,26,APROBADA
1deb5ef5-9c81-5780-b4e0-d25604f64caa,da1fe6a7-058c-5ad3-a10e-f529804a44b5,2024-07-09,12:00:00,14:00:00,32,APROBADA
dff396eb-7f3d-5658-896f-37a788ada8d6,10225e74-7c22-5384-8cdc-396a168ec651,2025-04-13,18:30:00,21:30:00,28,APROBADA
4f22b3b2-19e1-5c02-8a60-4be598c020c3,05a1191e-b84b-597d-b970-b04889cc30ee,2025-01-21,17:00:00,18:30:00,29,APROBADA
c7001713-82b3-5e81-be4c-d4dc629b3006,dd609563-702d-543d-a49a-0ce27a83f234,2025-06-13,16:30:00,18:00:00,32,APROBADA
d04c8c82-2102-5cf7-a942-dac9f2533e99,0880d439-8834-59c1-bfce-e7f3da722b3f,2025-06-06,14:00:00,15:30:00,41,APROBADA
07289c8c-ab90-5101-828a-ba6a338da9bb,dd609563-702d-543d-a49a-0ce27a83f234,2025-02-19,07:00:00,10:00:00,25,APROBADA
093ac019-e5ed-58d7-bf96-db68f16976ed,23c254ed-4635-5cec-baa9-656efa7fd130,2025-05-16,16:30:00,17:30:00,32,APROBADA
3cc3d88a-d153-569d-975b-5337dd43d576,eb4139b4-3715-5623-a990-d045271440a9,2025-06-25,12:00:00,13:00:00,29,APROBADA
ab1533c4-381e-54a0-8ba5-46a275833eb7,0880d439-8834-59c1-bfce-e7f3da722b3f,2025-02-20,14:00:00,15:30:00,45,APROBADA
f75cb30e-72ee-5225-b08d-45d71c3e3a82,aad269e7-97f7-5e2d-9c43-cf84b49bd847,2025-03-26,08:30:00,11:30:00,26,APROBADA
f35d53f6-2c6b-578a-a7fe-388c5658cb9d,c1489a8f-1dff-511e-b025-5a10261901d7,2025-04-15,09:00:00,10:30:00,31,APROBADA
455949ba-69eb-588b-8331-d9d6642e23ea,7d424b25-0f98-5f10-b2a8-ed9ddcd33e7a,2024-11-28,07:00:00,09:00:00,38,APROBADA
e4b05015-9b47-538f-8e17-3f692eec4f22,8fd4b53b-1d49-5307-8a1a-e184999a4434,2025-02-22,07:30:00,09:30:00,37,APROBADA
c62b71fe-5941-5f23-b354-cdfa493a125c,45b00d8f-2f79-52ba-8b17-e7d6ee0b476f,2025-04-26,13:00:00,15:00:00,29,APROBADA
a0da785a-d589-5811-a549-f3b90e7e597e,b46607fb-d28f-5c06-a3a8-091cb9d995ec,2024-09-06,18:30:00,19:30:00,25,APROBADA
97aa22ca-4423-59df-aa73-086fc59a06db,eb4139b4-3715-5623-a990-d045271440a9,2024-09-01,19:00:00,20:00:00,29,APROBADA
2bfa1d8a-a390-531d-a7a3-2bede4a10db8,d056b3a8-8204-507a-b6c1-1f1203a87651,2024-08-23,15:00:00,17:00:00,29,APROBADA
07283152-50c2-54ef-a0be-8bf9daaadc8f,10225e74-7c22-5384-8cdc-396a168ec651,2025-02-19,08:30:00,09:30:00,31,APROBADA
526a9b7a-c37e-54c4-91bf-981db58be8d2,6d481120-dab0-50c8-8f1b-33cf911e9573,2024-09-17,07:00:00,09:00:00,39,APROBADA
a254974d-8631-5e4f-8821-e568e46e861d,10225e74-7c22-5384-8cdc-396a168ec651,2025-06-19,07:00:00,09:00:00,32,APROBADA
8c0021a1-5439-5643-b0e4-e2e9396ca28c,8fd4b53b-1d49-5307-8a1a-e184999a4434,2025-06-01,12:30:00,14:00:00,35,APROBADA
ceb405dd-2c12-5090-a493-c4c86df8131a,1dee66e3-0076-5033-8ba0-70dd67e8aea0,2024-07-23,08:30:00,10:30:00,29,APROBADA
0dbde896-2690-580b-91d3-bc9010a87671,dd609563-702d-543d-a49a-0ce27a83f234,2024-09-21,13:30:00,15:30:00,29,APROBADA
52466990-081a-50d1-a861-46bf0f803e71,d76d770e-14c2-5fea-bf8b-28f95250e124,2025-04-16,13:30:00,14:30:00,28,APROBADA
b4d54200-d44d-50ce-8a0d-f6ad2617aed7,6903b35b-c2a6-5770-98e5-743c2bc06b45,2025-01-05,15:00:00,18:00:00,34,APROBADA
4753b3a7-d520-5455-aa0d-f2d782524345,da1fe6a7-058c-5ad3-a10e-f529804a44b5,2025-03-21,11:00:00,13:00:00,35,APROBADA
049a8a8c-03d3-54f3-b4b4-20f9a25e0d0b,dd609563-702d-543d-a49a-0ce27a83f234,2024-09-08,07:00:00,09:00:00,26,APROBADA
f65f50e1-0b2d-5aa9-acaa-aa37fcc8147d,d76d770e-14c2-5fea-bf8b-28f95250e124,2024-09-30,13:00:00,14:30:00,36,APROBADA
0e2de911-fd9a-5124-8b92-591ad25e1d32,dd609563-702d-543d-a49a-0ce27a83f234,2024-12-04,18:00:00,19:00:00,32,APROBADA
aede6a3f-ff1a-5fb9-8d87-122f8d6df058,6c814918-8ba0-52cc-9377-6d60b7946f8b,2024-07-10,11:00:00,13:00:00,28,APROBADA
71319e14-24af-52f3-a1be-ccb84444c742,c1489a8f-1dff-511e-b025-5a10261901d7,2025-03-28,12:30:00,15:30:00,27,APROBADA
9c580220-2812-58a1-88e0-470d44b19e7a,10225e74-7c22-5384-8cdc-396a168ec651,2025-06-24,19:00:00,21:00:00,28,APROBADA
53a3ee15-d262-5245-bfe7-33cd9f85c3ab,d056b3a8-8204-507a-b6c1-1f1203a87651,2025-03-26,09:30:00,11:00:00,25,APROBADA
01295437-b26d-5c7b-9ae0-9d0a7fbdee62,10225e74-7c22-5384-8cdc-396a168ec651,2025-05-26,11:30:00,12:30:00,32,APROBADA
90382afa-7a80-5d6f-b7e2-ec5d133ce90e,ef815f08-b586-5f03-964a-a08004eaebf3,2025-04-02,18:00:00,19:00:00,30,APROBADA
df3303aa-3cd0-5c11-b885-3e78fce9c46c,7d424b25-0f98-5f10-b2a8-ed9ddcd33e7a,2025-01-17,18:00:00,21:00:00,35,APROBADA
99c2fe59-7363-55f5-a0fa-ed759815919b,7bcb3d0c-2500-5f01-abe8-d24e962af50e,2024-11-20,14:00:00,15:30:00,28,APROBADA
fb22b8db-df06-5626-8438-e6f8fdd25146,d056b3a8-8204-507a-b6c1-1f1203a87651,2025-02-09,18:00:00,19:00:00,29,APROBADA
04f030c0-0430-5747-8ac7-2491781d464e,d7ce39c6-be5b-537a-ae81-d449a1710ff2,2024-11-07,15:00:00,16:00:00,44,APROBADA
79254744-6d37-5e76-8eb6-6889ab4cb4d5,05a1191e-b84b-597d-b970-b04889cc30ee,2025-04-28,19:00:00,21:00:00,36,APROBADA
b6270c78-01d3-574f-acca-288ee614111b,ef815f08-b586-5f03-964a-a08004eaebf3,2025-01-02,12:00:00,14:00:00,33,APROBADA
625d5eb4-5010-5083-95b6-390d29b2c0ab,7bcb3d0c-2500-5f01-abe8-d24e962af50e,2024-08-16,15:00:00,18:00:00,27,APROBADA
7f97f14b-122c-553d-8eb3-24b2ba55bad7,706ea773-fd09-5587-a465-302616f9d571,2025-02-09,09:30:00,12:30:00,35,APROBADA
3ac43639-0dcb-568f-9b8c-ea4f5740fc5c,6c814918-8ba0-52cc-9377-6d60b7946f8b,2025-04-15,11:00:00,12:00:00,37,APROBADA
b43677e7-8ae1-5e57-ad20-cf9b60cb4157,2574a671-d58d-5db3-8c9f-2518d8a8d790,2025-04-10,13:30:00,15:30:00,39,APROBADA
b0d75d46-4c07-5460-8090-2181538470a1,ef815f08-b586-5f03-964a-a08004eaebf3,2024-12-05,15:30:00,17:30:00,30,APROBADA
26a4494b-701d-5cc0-9083-f720113b5f9a,a40fe9f0-87fa-5853-968f-5cedd5939e8a,2025-04-13,14:30:00,16:30:00,32,APROBADA
034025e1-e035-5efe-9a76-72d68491c556,7d424b25-0f98-5f10-b2a8-ed9ddcd33e7a,2024-09-29,17:30:00,19:30:00,31,APROBADA
a5168769-b5e4-5b6d-aa9c-c6c17d90babe,e5da4cff-29aa-5f05-8532-70f093603e74,2025-01-06,07:30:00,09:00:00,40,APROBADA
ed9afc09-6205-5cad-93e5-9b7d43ed077b,6d481120-dab0-50c8-8f1b-33cf911e9573,2024-12-10,09:30:00,12:30:00,32,APROBADA
9251080a-af21-5f41-bc15-0c7e8fae8281,b46607fb-d28f-5c06-a3a8-091cb9d995ec,2025-04-01,12:00:00,14:00:00,34,APROBADA
70a6d6e3-5833-5b6a-a5ea-3bc08f72b540,dd609563-702d-543d-a49a-0ce27a83f234,2024-09-01,18:30:00,21:30:00,28,APROBADA
8afadc27-468f-5bef-b9b9-3170a0c05ddc,d76d770e-14c2-5fea-bf8b-28f95250e124,2024-08-10,10:30:00,13:30:00,34,APROBADA
6a1acfa5-3f13-5610-afa0-27dddbddb906,e5da4cff-29aa-5f05-8532-70f093603e74,2025-01-11,13:30:00,14:30:00,26,APROBADA
2f137fb9-dd91-5cb4-99bf-0b6b0146344c,23c254ed-4635-5cec-baa9-656efa7fd130,2025-03-11,16:00:00,18:00:00,32,APROBADA
e6c743c3-d962-511a-984f-098bf06f180c,6d481120-dab0-50c8-8f1b-33cf911e9573,2025-04-05,10:00:00,11:00:00,40,APROBADA
0b7afcbf-1084-5883-88a2-3c65e1016d0d,da1fe6a7-058c-5ad3-a10e-f529804a44b5,2025-06-04,17:30:00,19:30:00,32,APROBADA
8bb615cf-0e93-5cf0-8113-1958987fe3f1,d76d770e-14c2-5fea-bf8b-28f95250e124,2024-10-16,12:00:00,13:30:00,38,APROBADA
b22262fa-ecd7-5695-8dfc-53c12704d523,10225e74-7c22-5384-8cdc-396a168ec651,2024-07-31,19:00:00,21:00:00,27,APROBADA
ae1542b8-baa8-537f-aa8d-92fe029ed02e,6c814918-8ba0-52cc-9377-6d60b7946f8b,2024-10-18,10:30:00,11:30:00,40,APROBADA
fcffcd71-7388-547f-aac4-e63a5c1520f6,6903b35b-c2a6-5770-98e5-743c2bc06b45,2025-06-30,16:30:00,18:00:00,26,APROBADA
bafa3f98-a410-5083-b47f-b1c59be7fe02,a22ee2bf-332c-5ac1-ae12-28ce7b0033a1,2025-03-28,13:30:00,15:30:00,34,APROBADA
bf7c0a1e-e41a-508a-a938-662d82ed82c2,f5e43a2a-032c-562e-837a-ff3c72abffb4,2025-02-10,11:30:00,14:30:00,27,APROBADA
819b3268-a26f-5e1b-a2ad-8e2d47298427,0880d439-8834-59c1-bfce-e7f3da722b3f,2025-02-02,12:00:00,14:00:00,41,APROBADA
7484326e-3b0e-566d-8afe-5f328fda49cb,1a0b71d7-4721-5998-bd82-de26b25b5771,2025-02-05,16:00:00,18:00:00,43,APROBADA
c9aab6b0-e435-5e05-8d30-6fbfd75734b3,d056b3a8-8204-507a-b6c1-1f1203a87651,2024-08-07,14:00:00,15:30:00,31,APROBADA
ba0b9b86-4d08-5f21-8707-92cd6fabed7a,706ea773-fd09-5587-a465-302616f9d571,2025-02-14,11:30:00,13:30:00,28,APROBADA
542e9017-cc2b-5441-b93f-8181ba2e1c59,b8969593-19a7-5a43-84c0-d52e63ac0cb4,2024-12-30,18:30:00,21:30:00,26,APROBADA
852ffba6-e6dc-5ca3-8e16-7540203548bc,1a0b71d7-4721-5998-bd82-de26b25b5771,2024-11-03,07:00:00,08:00:00,33,APROBADA
05f4fdd2-f5f3-58d4-bee9-fd9e6998f8df,e5da4cff-29aa-5f05-8532-70f093603e74,2024-09-01,15:30:00,18:30:00,40,APROBADA
66b77465-52cf-5519-8d31-2efb2d3159d0,b46607fb-d28f-5c06-a3a8-091cb9d995ec,2025-04-05,14:30:00,17:30:00,27,APROBADA
09678c8d-30e7-5748-a0e9-2dbc0849f7ef,7d424b25-0f98-5f10-b2a8-ed9ddcd33e7a,2024-07-28,08:00:00,11:00:00,32,APROBADA
3f30e8f6-4d69-53fd-b1aa-695ade590477,a40fe9f0-87fa-5853-968f-5cedd5939e8a,2024-08-22,11:30:00,12:30:00,29,APROBADA
5f6ec274-1556-5a01-b869-462b07dc715f,1a0b71d7-4721-5998-bd82-de26b25b5771,2025-04-16,07:30:00,09:30:00,33,APROBADA
ff70bbd3-6fcf-5061-b136-5b87104fefb1,8fd4b53b-1d49-5307-8a1a-e184999a4434,2025-01-17,15:30:00,17:00:00,40,APROBADA
1f9ac1ac-4cba-52b2-b911-c2c9d399cc15,6c814918-8ba0-52cc-9377-6d60b7946f8b,2025-06-15,19:00:00,20:00:00,27,APROBADA
22f705b1-5885-5e91-9b78-d3b9560cd252,4b4a10f4-36fa-5109-bc5d-14e24370c164,2025-03-04,19:00:00,21:00:00,30,APROBADA
4fd51afe-3381-5b96-82d2-e4acd76f6b73,1a0b71d7-4721-5998-bd82-de26b25b5771,2024-11-20,11:30:00,14:30:00,41,APROBADA
ff451d08-354c-516b-ac69-7bd043af52d6,6d481120-dab0-50c8-8f1b-33cf911e9573,2024-07-18,13:00:00,16:00:00,38,APROBADA
13062a7a-893c-5db7-a5b6-7b956dc88d1d,6d481120-dab0-50c8-8f1b-33cf911e9573,2024-12-26,18:00:00,20:00:00,26,APROBADA
7d176ee9-fbf6-5204-9c80-a7119c540a7e,dd609563-702d-543d-a49a-0ce27a83f234,2024-07-08,09:00:00,11:00:00,38,APROBADA
fb68833a-db55-5d3d-8912-9dafe5245fe1,c1489a8f-1dff-511e-b025-5a10261901d7,2025-06-16,19:00:00,22:00:00,26,APROBADA
5d3a1150-e5d6-502b-99c4-5f7fd6563d46,d7ce39c6-be5b-537a-ae81-d449a1710ff2,2025-06-21,11:30:00,13:00:00,42,APROBADA
5545533e-a1a5-5b9b-8ab4-0fc3a06c297f,d7ce39c6-be5b-537a-ae81-d449a1710ff2,2024-10-02,15:30:00,17:30:00,41,APROBADA
e855f9ca-dbff-5eb8-96ea-feeda54b776c,6903b35b-c2a6-5770-98e5-743c2bc06b45,2025-04-24,19:00:00,20:30:00,28,APROBADA
f9b7b17a-09a4-51b7-9839-b8d437527ccc,d056b3a8-8204-507a-b6c1-1f1203a87651,2025-04-28,07:30:00,08:30:00,28,APROBADA
9e0334df-d55a-54bb-bb7e-6daa607e495a,b46607fb-d28f-5c06-a3a8-091cb9d995ec,2024-11-23,09:30:00,10:30:00,37,APROBADA
e85588af-677e-537f-a4c8-320141ff7685,7bcb3d0c-2500-5f01-abe8-d24e962af50e,2025-02-02,07:30:00,09:00:00,25,APROBADA
5f8b53b2-79af-5674-9e8e-5fe7e1350893,0880d439-8834-59c1-bfce-e7f3da722b3f,2025-04-22,07:00:00,09:00:00,31,APROBADA
9b50f0f3-6503-5be8-a32b-19c7bd5a0e2d,1dee66e3-0076-5033-8ba0-70dd67e8aea0,2025-06-10,15:30:00,16:30:00,37,APROBADA
0e2f6643-6468-57ec-8cd6-fcc5ecf42f65,ef815f08-b586-5f03-964a-a08004eaebf3,2025-01-06,18:00:00,19:00:00,25,APROBADA
734f1194-f934-595b-89fc-015f169a2165,d7ce39c6-be5b-537a-ae81-d449a1710ff2,2025-04-10,08:30:00,11:30:00,26,APROBADA
44332121-cca8-52b5-9ab2-9a4a2cf8451f,0880d439-8834-59c1-bfce-e7f3da722b3f,2025-02-06,09:30:00,12:30:00,40,APROBADA
cf3a5c5e-9fae-5c90-90ff-1fe05439b694,d7ce39c6-be5b-537a-ae81-d449a1710ff2,2025-01-19,08:30:00,10:30:00,30,APROBADA
3bd5ca33-e3ed-5cc9-9835-43bbbe67a2b4,c1489a8f-1dff-511e-b025-5a10261901d7,2025-06-09,10:30:00,12:00:00,31,APROBADA
b93fe41d-4c88-56a6-b479-0d3fc0aba2c8,0880d439-8834-59c1-bfce-e7f3da722b3f,2024-12-16,08:30:00,11:30:00,43,APROBADA
86b35bad-d4c5-55ec-aadb-ab4bf7da77a3,eb4139b4-3715-5623-a990-d045271440a9,2024-12-14,09:30:00,11:30:00,32,APROBADA
c2b13afd-dff4-5152-bb9a-6cd4eccca24c,6c814918-8ba0-52cc-9377-6d60b7946f8b,2024-11-30,08:00:00,09:30:00,28,APROBADA
3fef2ce6-cdef-55f5-8d7a-53513ddd8911,f5e43a2a-032c-562e-837a-ff3c72abffb4,2025-02-08,14:30:00,15:30:00,25,APROBADA
75516593-dc4a-543c-8fbd-e32d05434eb7,a22ee2bf-332c-5ac1-ae12-28ce7b0033a1,2025-01-12,13:30:00,16:30:00,31,APROBADA
801958f7-68b9-5125-a6ad-f987754d99ac,1a0b71d7-4721-5998-bd82-de26b25b5771,2024-11-13,08:00:00,10:00:00,41,APROBADA
290ec81f-22e5-51e9-a42f-17370bc7ff4f,1dee66e3-0076-5033-8ba0-70dd67e8aea0,2025-06-25,11:00:00,12:30:00,25,APROBADA
b138e50e-2c10-55e9-982b-ae00a4a0dcbb,7d424b25-0f98-5f10-b2a8-ed9ddcd33e7a,2024-08-18,12:00:00,14:00:00,32,APROBADA
bff4f237-777a-531c-9b63-2bf4a02df269,b46607fb-d28f-5c06-a3a8-091cb9d995ec,2025-06-01,12:30:00,14:00:00,27,APROBADA
4ec10914-5d02-5599-831c-193c85e76d84,23c254ed-4635-5cec-baa9-656efa7fd130,2025-04-01,17:00:00,18:30:00,31,APROBADA
9df85507-112b-5fd4-bb18-f495b00ba3a2,1a0b71d7-4721-5998-bd82-de26b25b5771,2025-05-17,11:30:00,12:30:00,27,APROBADA
c6aea1ee-9c25-5426-a2b7-f5f76e2fdd75,8fd4b53b-1d49-5307-8a1a-e184999a4434,2024-07-07,15:30:00,18:30:00,39,APROBADA
fb94c375-34a6-566b-a3de-c46532fb56c6,1a0b71d7-4721-5998-bd82-de26b25b5771,2024-12-08,10:00:00,12:00:00,37,APROBADA
0a83768c-7c38-5113-8e29-72bfbd9376c9,05a1191e-b84b-597d-b970-b04889cc30ee,2024-07-15,11:00:00,13:00:00,26,APROBADA
efd0d196-1f31-5541-a0d1-b827cdcdaa63,10225e74-7c22-5384-8cdc-396a168ec651,2024-08-15,13:30:00,16:30:00,27,APROBADA
2a8b3532-df76-5cee-acf6-fbf55401f61d,ef815f08-b586-5f03-964a-a08004eaebf3,2024-09-15,19:00:00,20:00:00,33,APROBADA
c82fe709-dc96-57ac-8dfd-af19e9f97f54,dd609563-702d-543d-a49a-0ce27a83f234,2024-09-08,11:30:00,12:30:00,39,APROBADA
b3828fb5-f83d-56eb-a352-c1c5ff3448fd,706ea773-fd09-5587-a465-302616f9d571,2024-08-23,09:30:00,11:00:00,37,APROBADA
7cdcbb21-8b57-5b57-8d3b-47b512cd8814,2574a671-d58d-5db3-8c9f-2518d8a8d790,2025-05-23,08:00:00,11:00:00,30,APROBADA
dd724b27-c043-526e-abd3-e3b84470021d,c1489a8f-1dff-511e-b025-5a10261901d7,2024-10-30,10:00:00,13:00:00,25,APROBADA
33c9bdf0-c013-533e-9dda-58577d3f3c08,e5da4cff-29aa-5f05-8532-70f093603e74,2024-12-14,07:30:00,09:00:00,34,APROBADA
fd37421c-cb45-5ae5-8512-cb38b5357833,0880d439-8834-59c1-bfce-e7f3da722b3f,2025-01-30,15:30:00,17:00:00,30,APROBADA
a9b67c3c-c4a0-5e2c-b4b5-24fa7b79a1f3,23c254ed-4635-5cec-baa9-656efa7fd130,2025-01-08,18:30:00,20:00:00,25,APROBADA
3e91527d-0354-51ea-94b2-52c0b48d6860,b46607fb-d28f-5c06-a3a8-091cb9d995ec,2025-01-31,11:30:00,13:00:00,36,APROBADA
ea1269ea-8933-5edb-8430-48fc60e9d8df,6c814918-8ba0-52cc-9377-6d60b7946f8b,2025-05-01,11:30:00,14:30:00,35,APROBADA
fa2d8dff-199d-5c51-bdf4-991840e69e0b,0880d439-8834-59c1-bfce-e7f3da722b3f,2024-12-23,11:30:00,13:30:00,29,APROBADA
878330d4-5f37-5b4e-8783-73b20e4ba4a6,d7ce39c6-be5b-537a-ae81-d449a1710ff2,2025-03-06,14:00:00,17:00:00,40,APROBADA
951bdad7-8f68-52c6-b6d7-845eec5a96cd,b8969593-19a7-5a43-84c0-d52e63ac0cb4,2025-03-11,16:30:00,17:30:00,29,APROBADA
08dfbb97-63be-5942-b419-904b0264a915,a22ee2bf-332c-5ac1-ae12-28ce7b0033a1,2024-10-06,11:30:00,14:30:00,28,APROBADA
5405d705-0fe7-5640-80d4-63a43e0a14e8,a22ee2bf-332c-5ac1-ae12-28ce7b0033a1,2024-10-22,12:00:00,15:00:00,31,APROBADA
377b1b33-edc0-57b1-825f-fe9cb4f9ec04,d76d770e-14c2-5fea-bf8b-28f95250e124,2024-09-29,16:30:00,18:30:00,26,APROBADA
5db24eb6-468c-5d84-9d87-f0aefe77789c,706ea773-fd09-5587-a465-302616f9d571,2025-03-01,14:00:00,15:30:00,28,APROBADA
62a5c539-41c6-5c22-ad2d-e9c3ecc46a0a,8fd4b53b-1d49-5307-8a1a-e184999a4434,2025-02-11,17:30:00,18:30:00,30,APROBADA
a3bfbaff-f609-5a7c-b863-8d59eb160301,d7ce39c6-be5b-537a-ae81-d449a1710ff2,2024-11-23,13:00:00,14:00:00,27,APROBADA
3f7da505-e52d-50e8-a0dc-bf221fd79e45,d056b3a8-8204-507a-b6c1-1f1203a87651,2024-08-23,16:30:00,18:30:00,27,APROBADA
ba9f00b3-d7da-58f6-a5b1-ebaceb22ac6b,a40fe9f0-87fa-5853-968f-5cedd5939e8a,2025-01-19,08:30:00,11:30:00,31,APROBADA
a94eb213-254f-5ac6-b179-a3589c067cfb,b46607fb-d28f-5c06-a3a8-091cb9d995ec,2025-05-05,16:00:00,17:00:00,35,APROBADA
291fb5e5-3246-5b80-bfdc-3ea5a02831ed,8fd4b53b-1d49-5307-8a1a-e184999a4434,2025-03-10,18:00:00,20:00:00,36,APROBADA
e12860b4-9dcc-5283-89c4-ddb6ea7cde60,7d424b25-0f98-5f10-b2a8-ed9ddcd33e7a,2024-11-25,13:00:00,14:00:00,38,APROBADA
c44467e6-914c-5fff-b1c6-60fc2eb94c1e,2574a671-d58d-5db3-8c9f-2518d8a8d790,2025-02-13,15:30:00,18:30:00,38,APROBADA
2079a1db-2dee-54b0-9520-26a50f414f50,a22ee2bf-332c-5ac1-ae12-28ce7b0033a1,2024-09-29,18:00:00,20:00:00,28,APROBADA
37278a94-ed5f-51de-bf4c-020070199c15,45b00d8f-2f79-52ba-8b17-e7d6ee0b476f,2024-09-17,12:00:00,13:00:00,35,APROBADA
b0112202-d79d-5645-babd-4e2c3887bdc6,6c814918-8ba0-52cc-9377-6d60b7946f8b,2025-01-21,17:30:00,19:00:00,35,APROBADA
053f84e8-4a49-5eed-a4a0-bcef18759d22,7bcb3d0c-2500-5f01-abe8-d24e962af50e,2025-06-23,09:30:00,12:30:00,28,APROBADA
843c5e2b-42c9-56fc-b033-36e9f5babf7e,0880d439-8834-59c1-bfce-e7f3da722b3f,2025-02-08,17:00:00,19:00:00,31,APROBADA
f817ee77-2979-5a0a-a751-192799865896,6c814918-8ba0-52cc-9377-6d60b7946f8b,2025-05-21,18:00:00,21:00:00,31,APROBADA
f58ff575-20e0-5488-80f4-538cb3eb8ddd,6d481120-dab0-50c8-8f1b-33cf911e9573,2025-01-10,08:30:00,11:30:00,45,APROBADA
9acfaad8-2b88-58a3-9df3-eb0eb87d1586,d7ce39c6-be5b-537a-ae81-d449a1710ff2,2025-03-07,13:30:00,15:30:00,35,APROBADA
7dfdd446-17a9-507c-9b67-0d8d8b359ca8,d76d770e-14c2-5fea-bf8b-28f95250e124,2024-10-18,14:00:00,15:30:00,26,APROBADA
82aef277-5058-511f-ba5a-50325c3a3d9f,0880d439-8834-59c1-bfce-e7f3da722b3f,2024-12-26,15:00:00,16:30:00,39,APROBADA
cbd2a174-0984-505d-8379-25360a2c1d77,45b00d8f-2f79-52ba-8b17-e7d6ee0b476f,2024-09-04,15:00:00,18:00:00,26,APROBADA
6c0ec705-5430-5965-88a2-c423f6aa8929,2574a671-d58d-5db3-8c9f-2518d8a8d790,2024-10-31,19:00:00,22:00:00,25,APROBADA
2c79bcec-482b-5f4a-b596-b2960f585504,da1fe6a7-058c-5ad3-a10e-f529804a44b5,2024-09-22,18:30:00,19:30:00,34,APROBADA
1eef802f-a760-5dd0-8055-13b1adf718e8,6c814918-8ba0-52cc-9377-6d60b7946f8b,2024-09-17,19:00:00,20:30:00,27,APROBADA
7f7c52d0-3af5-5841-a26d-d790927cee02,da1fe6a7-058c-5ad3-a10e-f529804a44b5,2024-11-13,18:30:00,20:30:00,29,APROBADA
e6d6bf43-70b6-5e2f-ba80-65717a162208,b46607fb-d28f-5c06-a3a8-091cb9d995ec,2025-01-20,10:30:00,11:30:00,25,APROBADA
d7335836-7c32-5682-a52f-3611156863bd,1dee66e3-0076-5033-8ba0-70dd67e8aea0,2025-01-04,08:00:00,10:00:00,33,APROBADA
2bb740ab-4119-5f23-ac15-797875c2bdb8,c1489a8f-1dff-511e-b025-5a10261901d7,2025-06-04,14:00:00,15:00:00,29,APROBADA
1811e9a8-b338-5909-bca5-baf7caf09772,6903b35b-c2a6-5770-98e5-743c2bc06b45,2024-12-16,08:30:00,10:30:00,36,APROBADA
458b088a-d4ed-5ce6-8011-6415b4932f7b,b46607fb-d28f-5c06-a3a8-091cb9d995ec,2025-03-22,11:30:00,14:30:00,33,APROBADA
495e9287-7e7c-511a-8084-2f275bcb5184,706ea773-fd09-5587-a465-302616f9d571,2025-02-21,15:00:00,16:00:00,27,APROBADA
74eae466-7560-50c0-98b4-e3ea76676748,a40fe9f0-87fa-5853-968f-5cedd5939e8a,2024-08-22,11:00:00,14:00:00,28,APROBADA
c090a515-ce63-597a-9fc0-ff6e31f1ed50,1dee66e3-0076-5033-8ba0-70dd67e8aea0,2025-01-19,18:00:00,21:00:00,44,APROBADA
15f12620-a189-5de0-afe4-160ac1dda6f6,6d481120-dab0-50c8-8f1b-33cf911e9573,2025-01-21,17:00:00,18:30:00,45,APROBADA
b4e92c9a-e9b6-55d0-9ab7-4e2b55415005,2574a671-d58d-5db3-8c9f-2518d8a8d790,2024-12-14,09:30:00,11:00:00,31,APROBADA
10df9545-c1f3-5e16-9ee5-58ef77ee7183,dd609563-702d-543d-a49a-0ce27a83f234,2024-08-08,08:30:00,09:30:00,39,APROBADA
5c402fe7-2976-519d-88ab-e3e7159b9292,05a1191e-b84b-597d-b970-b04889cc30ee,2024-12-31,07:30:00,10:30:00,32,APROBADA
5063e8d9-9521-5a1f-8fc5-a046fde18624,6c814918-8ba0-52cc-9377-6d60b7946f8b,2024-07-23,12:00:00,15:00:00,34,APROBADA
05bcb8be-ed09-5cdd-9957-e2e9c9a1a2fa,b46607fb-d28f-5c06-a3a8-091cb9d995ec,2025-06-12,11:30:00,12:30:00,32,APROBADA
fe7973b8-8b7d-599a-a0ee-8641f66decbc,dd609563-702d-543d-a49a-0ce27a83f234,2025-01-30,09:30:00,11:30:00,37,APROBADA
d43aed45-e2e2-588a-8968-c498dd88e291,7bcb3d0c-2500-5f01-abe8-d24e962af50e,2025-01-22,07:30:00,10:30:00,25,APROBADA
799899d1-a208-5b84-afe8-019abe6cd613,23c254ed-4635-5cec-baa9-656efa7fd130,2024-08-11,17:30:00,19:00:00,26,APROBADA
279ea9a3-136c-5699-8955-ed113a534824,a40fe9f0-87fa-5853-968f-5cedd5939e8a,2024-08-10,07:30:00,08:30:00,25,APROBADA
d400e672-d87a-5930-8a95-82ae1abeca3b,a40fe9f0-87fa-5853-968f-5cedd5939e8a,2024-09-30,17:30:00,19:00:00,31,APROBADA
8d1be085-5ae2-5031-8a9a-6e62bde62731,7d424b25-0f98-5f10-b2a8-ed9ddcd33e7a,2025-05-06,14:00:00,15:30:00,28,APROBADA
67d02bb8-348e-57fa-99e7-51b9d14013d1,0880d439-8834-59c1-bfce-e7f3da722b3f,2025-01-06,15:00:00,16:30:00,43,APROBADA
32ce049b-f90c-51d3-8e40-9cd211a3b531,6d481120-dab0-50c8-8f1b-33cf911e9573,2024-07-02,11:00:00,12:00:00,32,APROBADA
1430faa4-9df2-5a87-a58d-0af01e0823e7,e5da4cff-29aa-5f05-8532-70f093603e74,2024-07-29,13:00:00,14:00:00,26,APROBADA
71b3bc98-1b35-5d4b-9345-82071340c781,0880d439-8834-59c1-bfce-e7f3da722b3f,2025-02-17,14:00:00,15:00:00,38,APROBADA
606c3808-762f-5a7f-90fa-cbc97d43ac88,7bcb3d0c-2500-5f01-abe8-d24e962af50e,2024-07-30,11:00:00,12:00:00,29,APROBADA
acd83f5d-b112-5bb9-8e6c-df8412cd2601,ef815f08-b586-5f03-964a-a08004eaebf3,2025-01-07,14:00:00,17:00:00,30,APROBADA
a1fe5a70-49a9-52c1-8736-24f9ca651c39,eb4139b4-3715-5623-a990-d045271440a9,2025-05-08,07:00:00,10:00:00,32,APROBADA
c9c341f4-67d9-51c6-a2e6-99c0a380a99e,b46607fb-d28f-5c06-a3a8-091cb9d995ec,2025-01-22,12:00:00,13:30:00,31,APROBADA
a31f4d12-2480-57f3-814b-2dd9c6c21e9d,a40fe9f0-87fa-5853-968f-5cedd5939e8a,2025-05-31,07:30:00,09:30:00,26,APROBADA
d12cf698-093f-5be5-bbcd-335788ce7484,ef815f08-b586-5f03-964a-a08004eaebf3,2025-04-21,14:00:00,17:00:00,32,APROBADA
8f9dc7e0-7e41-5ea4-815f-35739e715b74,10225e74-7c22-5384-8cdc-396a168ec651,2025-01-05,07:00:00,09:00:00,34,APROBADA
33973326-7b2b-5cdc-ba9c-eff5bb968597,6c814918-8ba0-52cc-9377-6d60b7946f8b,2025-06-02,07:30:00,10:30:00,39,APROBADA
2e766e3b-4d0d-5454-ad22-806a1308aef3,706ea773-fd09-5587-a465-302616f9d571,2025-06-22,17:00:00,18:00:00,33,APROBADA
a413ae2c-cf72-5357-85d1-494cc7ed6096,1dee66e3-0076-5033-8ba0-70dd67e8aea0,2025-06-12,10:00:00,12:00:00,32,APROBADA
b23ab128-37a6-5bff-81c8-8c34c7ad7936,b46607fb-d28f-5c06-a3a8-091cb9d995ec,2024-11-14,07:30:00,10:30:00,34,APROBADA
0b4c6d14-fe94-5d7a-bf7d-d8f829b299f8,f5e43a2a-032c-562e-837a-ff3c72abffb4,2024-07-27,17:30:00,18:30:00,30,APROBADA
106ab2fc-3ec8-517f-a0c9-810cf38c3dec,d7ce39c6-be5b-537a-ae81-d449a1710ff2,2025-05-16,12:00:00,14:00:00,26,APROBADA
cccdec02-32d0-5adb-955d-6c2cfe409833,b46607fb-d28f-5c06-a3a8-091cb9d995ec,2025-05-02,09:00:00,11:00:00,27,APROBADA
7342835a-f6bc-52b7-9f1e-d8a1064be7ac,6d481120-dab0-50c8-8f1b-33cf911e9573,2025-05-16,19:00:00,22:00:00,32,APROBADA
85e5dc51-712f-55ab-aeb3-21f3d282d333,f5e43a2a-032c-562e-837a-ff3c72abffb4,2025-04-20,07:00:00,08:00:00,25,APROBADA
7130777b-dc9e-5ae1-89b4-8780485a15ae,2574a671-d58d-5db3-8c9f-2518d8a8d790,2025-05-18,12:00:00,15:00:00,31,APROBADA
2b28f2d6-0c6e-552e-ba65-9678ac277a7c,a40fe9f0-87fa-5853-968f-5cedd5939e8a,2024-10-08,09:00:00,10:30:00,28,APROBADA
e39257e9-9573-5fb2-8a4e-7beb24cd4550,eb4139b4-3715-5623-a990-d045271440a9,2025-02-25,14:30:00,16:30:00,30,APROBADA
45712c0a-f6d5-5fbb-b4f8-966bb95e4b03,8fd4b53b-1d49-5307-8a1a-e184999a4434,2024-09-01,19:00:00,20:30:00,30,APROBADA
4cd9abc8-7ab3-566a-a9c2-7add00e4eef2,b46607fb-d28f-5c06-a3a8-091cb9d995ec,2024-12-02,14:00:00,15:00:00,32,APROBADA
2a0d92d0-55a0-579a-bf14-c4cc703ed0a7,2574a671-d58d-5db3-8c9f-2518d8a8d790,2024-11-24,09:00:00,11:00:00,25,APROBADA
06598899-8b4b-5bba-9fe5-c5388e0cc292,706ea773-fd09-5587-a465-302616f9d571,2024-09-19,07:00:00,09:00:00,29,APROBADA
567a69fb-f5a0-5203-afb9-f10d06c41202,6903b35b-c2a6-5770-98e5-743c2bc06b45,2024-10-24,16:00:00,18:00:00,28,APROBADA
c32508ff-8a98-5000-8394-652b57d3af2d,2574a671-d58d-5db3-8c9f-2518d8a8d790,2024-11-01,18:30:00,20:30:00,28,APROBADA
35231e65-d91a-512a-93ee-3473374188bb,d76d770e-14c2-5fea-bf8b-28f95250e124,2024-10-16,16:30:00,19:30:00,32,APROBADA
e07e5a00-9a72-5d83-8a1f-51c76028612b,4b4a10f4-36fa-5109-bc5d-14e24370c164,2025-06-08,09:30:00,12:30:00,32,APROBADA
902a8eb7-0a97-5f12-9cfa-53f499a80bf2,2574a671-d58d-5db3-8c9f-2518d8a8d790,2024-08-23,11:00:00,14:00:00,32,APROBADA
1c50bf0a-aab5-5c09-9afe-2e1df23b4f62,e5da4cff-29aa-5f05-8532-70f093603e74,2024-08-20,13:30:00,14:30:00,40,APROBADA
376cff1a-7996-5354-8be0-5b9df0b3e8d1,1dee66e3-0076-5033-8ba0-70dd67e8aea0,2024-07-05,09:00:00,12:00:00,26,APROBADA
3b81433f-b8aa-5d97-a052-362a395eb55a,f5e43a2a-032c-562e-837a-ff3c72abffb4,2025-05-23,07:00:00,10:00:00,29,APROBADA
b7a71bb1-921b-5450-bf79-0c671a212163,23c254ed-4635-5cec-baa9-656efa7fd130,2025-06-20,13:00:00,14:30:00,29,APROBADA
4567860b-030a-5762-b721-356fd4574c17,d7ce39c6-be5b-537a-ae81-d449a1710ff2,2024-09-30,10:00:00,11:30:00,25,APROBADA
9ccff078-5d67-5522-b942-92ea9215df78,23c254ed-4635-5cec-baa9-656efa7fd130,2025-03-03,10:30:00,12:00:00,31,APROBADA
1575e394-fe88-57c7-95e3-87584096c605,0880d439-8834-59c1-bfce-e7f3da722b3f,2025-03-05,16:00:00,17:30:00,25,APROBADA
53ad4766-b7aa-5296-a955-798c85e25300,dd609563-702d-543d-a49a-0ce27a83f234,2025-03-03,07:30:00,08:30:00,26,APROBADA
b771d7ed-08cf-5f2a-8724-4b9890bd065c,a22ee2bf-332c-5ac1-ae12-28ce7b0033a1,2025-03-15,13:30:00,15:30:00,33,APROBADA
1e29bbc8-ce6d-5001-8eac-0f919e2e4058,1a0b71d7-4721-5998-bd82-de26b25b5771,2024-10-29,11:00:00,14:00:00,27,APROBADA
e0374fbb-9102-5833-994b-3a168bcb05b0,b46607fb-d28f-5c06-a3a8-091cb9d995ec,2025-06-09,18:30:00,20:30:00,38,APROBADA
3156ddf7-d9d4-555e-b254-0638f7c00f90,6d481120-dab0-50c8-8f1b-33cf911e9573,2025-01-30,11:30:00,12:30:00,35,APROBADA
43a38de3-5cdc-5a70-b608-621d86c08bb4,a22ee2bf-332c-5ac1-ae12-28ce7b0033a1,2024-10-15,16:30:00,18:30:00,34,APROBADA
189f1b7c-2ed4-5987-91d1-8898c8630a20,d7ce39c6-be5b-537a-ae81-d449a1710ff2,2025-06-27,08:30:00,10:30:00,36,APROBADA
ac04cc84-66f1-582c-a116-56ba89d63118,6903b35b-c2a6-5770-98e5-743c2bc06b45,2024-09-19,08:30:00,10:30:00,30,APROBADA
83cb73b0-9e1c-5060-be1b-f3e59c9bd7d3,1dee66e3-0076-5033-8ba0-70dd67e8aea0,2024-10-30,17:30:00,20:30:00,39,APROBADA
26d7dc78-ba09-59b2-9a03-beb4b77bc85c,d76d770e-14c2-5fea-bf8b-28f95250e124,2024-07-06,13:00:00,15:00:00,34,APROBADA
54a28b9b-6a86-50f0-82ea-ccd8a0607d9d,6903b35b-c2a6-5770-98e5-743c2bc06b45,2024-12-06,11:30:00,12:30:00,35,APROBADA
2f9461bc-d9b5-59f0-92b4-e7343d61c216,d7ce39c6-be5b-537a-ae81-d449a1710ff2,2025-04-06,14:30:00,16:30:00,36,APROBADA
734d0535-c5b0-500c-8ef2-c2bc3b615f3c,7d424b25-0f98-5f10-b2a8-ed9ddcd33e7a,2025-04-06,14:00:00,16:00:00,25,APROBADA
c356ce07-81a3-5e22-b5f3-081a00700d72,d7ce39c6-be5b-537a-ae81-d449a1710ff2,2025-06-03,18:00:00,19:30:00,45,APROBADA
5844ad2d-7bcb-53d2-a857-1578f9151be9,10225e74-7c22-5384-8cdc-396a168ec651,2024-08-19,11:30:00,12:30:00,33,APROBADA
288488cb-b7d6-53bb-be8a-553f60b2daab,d76d770e-14c2-5fea-bf8b-28f95250e124,2025-01-12,14:30:00,17:30:00,27,APROBADA
69dcdec5-6023-5cf4-8e13-c43ab628edf4,0880d439-8834-59c1-bfce-e7f3da722b3f,2024-09-16,09:30:00,11:30:00,37,APROBADA
8785ebc8-f2aa-516e-8214-17279c7d4ad7,23c254ed-4635-5cec-baa9-656efa7fd130,2025-04-09,07:00:00,09:00:00,30,APROBADA
dab532d6-7bb6-5917-b403-62fc190edd6b,6903b35b-c2a6-5770-98e5-743c2bc06b45,2025-06-22,17:30:00,18:30:00,34,APROBADA
b328a4e5-d6fc-5721-9e61-54681fa42d11,10225e74-7c22-5384-8cdc-396a168ec651,2024-09-30,14:30:00,16:30:00,36,APROBADA
52e5c7a1-4813-5795-8408-37c47a00d8d6,d76d770e-14c2-5fea-bf8b-28f95250e124,2025-06-15,13:00:00,15:00:00,35,APROBADA
98a347f8-eff3-5fd3-a050-bb99afe74515,23c254ed-4635-5cec-baa9-656efa7fd130,2025-05-04,18:30:00,19:30:00,31,APROBADA
52a92acc-27a7-53ee-9955-cca7af83e389,7d424b25-0f98-5f10-b2a8-ed9ddcd33e7a,2024-08-20,07:00:00,10:00:00,26,APROBADA
44540dbe-9312-5bf0-8a16-061a9feb102f,e5da4cff-29aa-5f05-8532-70f093603e74,2025-06-08,17:30:00,20:30:00,33,APROBADA
67d662cd-34a7-5637-8731-a839b74a47ef,7bcb3d0c-2500-5f01-abe8-d24e962af50e,2025-02-24,08:30:00,09:30:00,29,APROBADA
c07ecb81-6e70-5252-bb1a-0d614f34c997,f5e43a2a-032c-562e-837a-ff3c72abffb4,2025-04-11,14:30:00,15:30:00,29,APROBADA
b6d02916-8942-5008-8e9d-559197be9cc0,aad269e7-97f7-5e2d-9c43-cf84b49bd847,2024-11-05,18:30:00,20:30:00,27,APROBADA
679a6045-71d0-5d45-b06a-e0c0675aaed6,8fd4b53b-1d49-5307-8a1a-e184999a4434,2025-06-21,09:00:00,12:00:00,34,APROBADA
922cf991-03d7-5766-81ab-2be06dfc10a6,2574a671-d58d-5db3-8c9f-2518d8a8d790,2025-03-20,14:30:00,15:30:00,28,APROBADA
eb0acf6d-392f-527a-898b-acc498b3465e,0880d439-8834-59c1-bfce-e7f3da722b3f,2024-10-09,15:00:00,18:00:00,39,APROBADA
03e98440-7440-5d3b-9bd4-b9c51e1cec7e,45b00d8f-2f79-52ba-8b17-e7d6ee0b476f,2025-01-19,09:00:00,12:00:00,26,APROBADA
1b311ce7-4321-5973-8e06-4d03fd6c9f0a,0880d439-8834-59c1-bfce-e7f3da722b3f,2025-01-13,19:00:00,20:00:00,37,APROBADA
c4e2c3af-d913-56ae-a584-7c6b90b9d26b,8fd4b53b-1d49-5307-8a1a-e184999a4434,2024-10-07,13:00:00,15:00:00,27,APROBADA
3d267f0f-a563-58c6-82a1-02cf65241309,f5e43a2a-032c-562e-837a-ff3c72abffb4,2024-09-20,17:00:00,18:00:00,28,APROBADA
256f21de-ea74-57ca-b4e4-2be632545f93,7bcb3d0c-2500-5f01-abe8-d24e962af50e,2024-10-05,09:30:00,12:30:00,30,APROBADA
7d555c18-aa49-5cf5-a7fe-b67e37dde611,10225e74-7c22-5384-8cdc-396a168ec651,2025-04-03,16:00:00,17:00:00,36,APROBADA
02706ca6-d366-562f-bfd0-c9eb055266b2,0880d439-8834-59c1-bfce-e7f3da722b3f,2024-09-03,18:00:00,19:30:00,42,APROBADA
4c2e0be3-6ab8-5dfd-ae12-acd27ef06fc0,0880d439-8834-59c1-bfce-e7f3da722b3f,2024-12-06,18:30:00,20:30:00,35,APROBADA
13d5fd72-7d3d-59a5-9724-0e9c48405b91,1dee66e3-0076-5033-8ba0-70dd67e8aea0,2024-10-17,11:00:00,12:00:00,25,APROBADA
bd604477-c9cc-5a60-819e-79ba63301cf8,23c254ed-4635-5cec-baa9-656efa7fd130,2024-07-09,07:00:00,10:00:00,26,APROBADA
07da2e43-b15a-556b-87ae-eb7357a1eb56,d7ce39c6-be5b-537a-ae81-d449a1710ff2,2024-11-27,17:00:00,20:00:00,28,APROBADA
63c22e97-f0fe-5b53-9188-5f8a97481897,4b4a10f4-36fa-5109-bc5d-14e24370c164,2025-01-01,08:00:00,09:00:00,30,APROBADA
950e24e1-dc50-5a25-ac83-13e61d77045a,aad269e7-97f7-5e2d-9c43-cf84b49bd847,2024-09-29,13:30:00,16:30:00,27,APROBADA
2191b00f-0522-5de2-8fd8-3b256f7fea61,b8969593-19a7-5a43-84c0-d52e63ac0cb4,2024-08-08,19:00:00,20:00:00,25,APROBADA
f3a3e9d3-775b-579d-96ea-b387989ae9ef,05a1191e-b84b-597d-b970-b04889cc30ee,2024-07-13,16:30:00,17:30:00,35,APROBADA
5ed1dc68-75df-5dfe-91b3-d73587393d41,6d481120-dab0-50c8-8f1b-33cf911e9573,2025-04-22,13:00:00,16:00:00,29,APROBADA
c6e832d6-aa6e-5ba4-aa04-42d083fa0eb2,0880d439-8834-59c1-bfce-e7f3da722b3f,2025-01-19,10:30:00,12:30:00,35,APROBADA
681340a1-8bf5-5678-80fd-191101c86e61,c1489a8f-1dff-511e-b025-5a10261901d7,2024-10-23,15:30:00,17:30:00,28,APROBADA
1cfe8d01-d717-5621-bb75-bab08ecd742c,a40fe9f0-87fa-5853-968f-5cedd5939e8a,2024-08-06,07:00:00,09:00:00,26,APROBADA
cf53951a-a3a7-51c4-a3f3-68dae3d4691e,6903b35b-c2a6-5770-98e5-743c2bc06b45,2025-02-02,08:30:00,11:30:00,28,APROBADA
a0eb6415-6ef6-5b8c-a7b2-dbb82c93c83e,7d424b25-0f98-5f10-b2a8-ed9ddcd33e7a,2025-01-04,18:30:00,19:30:00,37,APROBADA
0d15af7d-35d7-507f-8678-7f90cf6d2bb6,0880d439-8834-59c1-bfce-e7f3da722b3f,2024-10-10,16:30:00,19:30:00,25,APROBADA
2f7c8640-ffa0-538d-bffa-cb383e5e542f,4b4a10f4-36fa-5109-bc5d-14e24370c164,2025-03-04,14:30:00,16:00:00,25,APROBADA
db768852-e133-58f4-a4cb-c84ff96ebb65,a40fe9f0-87fa-5853-968f-5cedd5939e8a,2024-11-02,09:30:00,12:30:00,31,APROBADA
16ee6441-ff05-5880-94a3-c012f3ba4a0e,706ea773-fd09-5587-a465-302616f9d571,2025-04-01,18:00:00,19:30:00,31,APROBADA
5084050d-41d3-5669-bfad-15aedcf98ba1,1a0b71d7-4721-5998-bd82-de26b25b5771,2024-07-12,08:30:00,11:30:00,34,APROBADA
2895d453-1df5-5a39-8420-5802f624e261,b8969593-19a7-5a43-84c0-d52e63ac0cb4,2024-08-10,14:30:00,16:30:00,27,APROBADA
3cf7e30f-c814-570b-9e33-34a434f131e6,1dee66e3-0076-5033-8ba0-70dd67e8aea0,2024-12-28,15:30:00,16:30:00,43,APROBADA
2199e320-5d98-5c39-bb1e-29beea0c3a88,6c814918-8ba0-52cc-9377-6d60b7946f8b,2025-04-15,15:30:00,16:30:00,35,APROBADA
6a93e9c0-0bab-5d8c-aabd-7347d7ef06e1,05a1191e-b84b-597d-b970-b04889cc30ee,2024-08-19,14:30:00,17:30:00,36,APROBADA
cdd93602-e102-50f2-846b-513d313de4b0,2574a671-d58d-5db3-8c9f-2518d8a8d790,2025-03-09,13:30:00,16:30:00,36,APROBADA
c7836d76-f50f-553a-acd0-b73e9aef60a3,7d424b25-0f98-5f10-b2a8-ed9ddcd33e7a,2024-08-16,13:30:00,15:00:00,28,APROBADA
8be4afe4-1b81-5012-9d4a-dd5dcf8ebe06,6c814918-8ba0-52cc-9377-6d60b7946f8b,2025-04-20,17:00:00,20:00:00,32,APROBADA
8f8fed5f-449b-5e51-8742-2e7e41c4fbbc,b8969593-19a7-5a43-84c0-d52e63ac0cb4,2024-11-20,09:00:00,12:00:00,26,APROBADA
31a396f2-0149-5efc-b53d-3be6304caa68,6d481120-dab0-50c8-8f1b-33cf911e9573,2025-05-15,18:30:00,19:30:00,45,APROBADA
04cadf7e-3a58-59ae-9cab-faf1b6098e14,7d424b25-0f98-5f10-b2a8-ed9ddcd33e7a,2025-04-10,12:00:00,13:00:00,28,APROBADA
6af2708a-e097-50b0-a7a8-7d3eb5d91a73,1a0b71d7-4721-5998-bd82-de26b25b5771,2024-11-03,14:30:00,17:30:00,43,APROBADA
9707bc79-bbbf-5bba-8c70-ce44bc135338,1a0b71d7-4721-5998-bd82-de26b25b5771,2024-07-30,08:30:00,11:30:00,38,APROBADA
1c012d87-0fe2-5f09-9769-0cf10df8ab92,10225e74-7c22-5384-8cdc-396a168ec651,2025-01-02,11:30:00,14:30:00,34,APROBADA
20baf093-a4df-51f9-bcf1-95dba2c4299a,10225e74-7c22-5384-8cdc-396a168ec651,2024-09-29,12:00:00,14:00:00,28,APROBADA
8adb3fe0-b48f-5137-91e1-14c67f14185b,6d481120-dab0-50c8-8f1b-33cf911e9573,2025-05-30,14:00:00,16:00:00,30,APROBADA
1d805b3d-97b3-521d-a4bf-5e2162c2d2a9,4b4a10f4-36fa-5109-bc5d-14e24370c164,2024-11-26,17:00:00,20:00:00,26,APROBADA
8852df6d-ba78-5532-9e4c-56cfc5d509d3,706ea773-fd09-5587-a465-302616f9d571,2024-12-02,14:00:00,15:00:00,28,APROBADA
8400d739-8079-57d2-83c3-9e97cb00bd34,4b4a10f4-36fa-5109-bc5d-14e24370c164,2025-03-17,10:30:00,12:30:00,25,APROBADA
4aa94d34-df5a-5d52-8789-99ffdbf9ef6b,a22ee2bf-332c-5ac1-ae12-28ce7b0033a1,2025-06-27,10:30:00,12:30:00,28,APROBADA
d0292976-cbbb-5a1c-859c-2a61be618db3,8fd4b53b-1d49-5307-8a1a-e184999a4434,2024-12-05,13:30:00,15:00:00,31,APROBADA
d3b81a04-069f-5cf4-8b42-fadec5c455ba,d76d770e-14c2-5fea-bf8b-28f95250e124,2025-02-07,15:00:00,16:30:00,35,APROBADA
0356ac57-0ba6-58f5-a505-a4669547e6be,2574a671-d58d-5db3-8c9f-2518d8a8d790,2024-08-08,14:00:00,16:00:00,34,APROBADA
5584a2b6-aa65-5e15-b739-117105c83c0f,10225e74-7c22-5384-8cdc-396a168ec651,2025-03-28,17:30:00,20:30:00,26,APROBADA
2a6c87b5-ca4a-5688-aa7d-ec11dd0f676a,6c814918-8ba0-52cc-9377-6d60b7946f8b,2025-01-26,15:30:00,17:00:00,37,APROBADA
d5538f9f-79f9-5cbe-97ff-f9a8efb57aa0,d7ce39c6-be5b-537a-ae81-d449a1710ff2,2024-08-14,08:30:00,10:00:00,43,APROBADA
bb2d09e8-419b-592b-abae-c9f418aa0f44,d056b3a8-8204-507a-b6c1-1f1203a87651,2025-04-10,18:30:00,20:30:00,30,APROBADA
63aa4844-930a-5e5a-8911-0a28d7c25bfd,d76d770e-14c2-5fea-bf8b-28f95250e124,2024-10-13,11:00:00,12:00:00,32,APROBADA
0bf30f5b-2dd9-5727-8a12-d2c6b3dc8e7f,e5da4cff-29aa-5f05-8532-70f093603e74,2025-02-24,11:00:00,12:30:00,39,APROBADA
d534b171-7d9d-56b7-b8e9-8b80f7da1f44,10225e74-7c22-5384-8cdc-396a168ec651,2025-06-15,09:30:00,12:30:00,32,APROBADA
b7e94c7d-eb2b-528b-9a6f-ff00539c4760,10225e74-7c22-5384-8cdc-396a168ec651,2025-03-20,08:30:00,09:30:00,27,APROBADA
c88c21d8-95bd-56d8-a945-46cadb4d001c,d76d770e-14c2-5fea-bf8b-28f95250e124,2024-09-09,10:30:00,12:00:00,29,APROBADA
af05c2a3-7240-5702-af4b-02779b68113a,7d424b25-0f98-5f10-b2a8-ed9ddcd33e7a,2025-01-08,13:30:00,14:30:00,38,APROBADA
41ed0c1a-815e-5a4f-815b-cd972ffa6d96,d7ce39c6-be5b-537a-ae81-d449a1710ff2,2025-02-01,07:00:00,09:00:00,42,APROBADA
e104b024-535d-52b4-8308-8d266e7c6221,23c254ed-4635-5cec-baa9-656efa7fd130,2024-08-08,11:30:00,13:00:00,31,APROBADA
8fd8b371-7f23-562f-ad99-4e1f9e1a7870,4b4a10f4-36fa-5109-bc5d-14e24370c164,2025-02-14,17:00:00,19:00:00,29,APROBADA
f7e092d0-5364-5826-9031-f31a83759ec0,f5e43a2a-032c-562e-837a-ff3c72abffb4,2024-11-18,17:00:00,18:30:00,30,APROBADA
f4747446-501c-57a4-8490-3a6980e0857e,c1489a8f-1dff-511e-b025-5a10261901d7,2025-04-11,16:30:00,18:30:00,28,APROBADA
dfe42a7a-0b42-5962-a29d-ab558721cd2a,7bcb3d0c-2500-5f01-abe8-d24e962af50e,2025-06-10,13:00:00,16:00:00,30,APROBADA
6b8a6d24-ece1-5ecb-9da2-c3ed6d02ca7d,706ea773-fd09-5587-a465-302616f9d571,2024-07-28,13:00:00,16:00:00,39,APROBADA
ff99f685-6346-5be7-9e4d-43e2119671b2,d7ce39c6-be5b-537a-ae81-d449a1710ff2,2024-11-29,10:00:00,11:00:00,30,APROBADA
aa2770c6-f953-5f89-9ea5-d4ffc00b14a3,45b00d8f-2f79-52ba-8b17-e7d6ee0b476f,2025-01-04,15:30:00,17:00:00,36,APROBADA
0f02ff8d-3289-5b75-bb17-d915074a1ce6,7d424b25-0f98-5f10-b2a8-ed9ddcd33e7a,2024-12-18,15:00:00,16:30:00,25,APROBADA
f843b13c-6d1d-532b-8cc8-39278a4ffcde,a40fe9f0-87fa-5853-968f-5cedd5939e8a,2024-10-06,17:00:00,19:00:00,26,APROBADA
cb12339e-add2-5db0-8a53-f0af35bf6a25,aad269e7-97f7-5e2d-9c43-cf84b49bd847,2024-07-08,18:00:00,20:00:00,25,APROBADA
9155a873-18b1-5e1c-8ea8-1d2a5e86cc8b,b46607fb-d28f-5c06-a3a8-091cb9d995ec,2025-02-12,16:00:00,17:30:00,36,APROBADA
70405484-ec87-5e64-8881-b12760278a76,eb4139b4-3715-5623-a990-d045271440a9,2024-12-31,14:00:00,15:30:00,27,APROBADA
4b11850a-2a79-5b19-8fbb-f396f04c097a,7bcb3d0c-2500-5f01-abe8-d24e962af50e,2025-01-09,10:00:00,11:00:00,30,APROBADA
452ce3be-e86f-5a21-8fc2-8b6f1046096a,e5da4cff-29aa-5f05-8532-70f093603e74,2024-11-17,18:30:00,19:30:00,30,APROBADA
48157f1c-0208-5487-a974-c1c83e879a01,a22ee2bf-332c-5ac1-ae12-28ce7b0033a1,2025-01-20,14:30:00,15:30:00,33,APROBADA
50a88399-3620-5563-a7e6-d0d465db0ed5,1a0b71d7-4721-5998-bd82-de26b25b5771,2025-01-13,07:30:00,08:30:00,31,APROBADA
36add793-d575-5380-bb0d-c2b116541567,7d424b25-0f98-5f10-b2a8-ed9ddcd33e7a,2025-06-18,14:30:00,16:30:00,39,APROBADA
da2bf3a5-9551-5736-81b3-e2e759721df9,b8969593-19a7-5a43-84c0-d52e63ac0cb4,2024-08-10,15:00:00,17:00:00,25,APROBADA
8199a02c-3914-5516-81d9-b1994f6a72ef,23c254ed-4635-5cec-baa9-656efa7fd130,2024-07-03,07:00:00,10:00:00,32,APROBADA
658c9386-d1cf-543e-b7ba-fec13a4960fa,2574a671-d58d-5db3-8c9f-2518d8a8d790,2025-03-16,07:30:00,09:30:00,30,APROBADA
ca17f1f8-7b6e-5d91-8a76-788a0c0b036d,0880d439-8834-59c1-bfce-e7f3da722b3f,2025-06-22,11:00:00,13:00:00,33,APROBADA
e767d961-0944-5f11-bc31-539192efef71,aad269e7-97f7-5e2d-9c43-cf84b49bd847,2025-01-03,10:00:00,12:00:00,29,APROBADA
ddd87573-b8fe-5031-9728-34d1666b6571,23c254ed-4635-5cec-baa9-656efa7fd130,2025-05-19,07:30:00,09:00:00,30,APROBADA
df4d5ad8-31c2-55a2-9f50-176c4307e670,1dee66e3-0076-5033-8ba0-70dd67e8aea0,2025-03-03,12:00:00,15:00:00,37,APROBADA
aad9b5f6-4690-5a43-8a80-d1402f24244d,d76d770e-14c2-5fea-bf8b-28f95250e124,2024-08-13,07:00:00,08:00:00,40,APROBADA
d680fede-3964-5517-ab80-8b5cf8253451,7d424b25-0f98-5f10-b2a8-ed9ddcd33e7a,2024-07-22,19:00:00,20:00:00,33,APROBADA
29443fe2-4b1f-5999-a62d-a09afb6359ba,05a1191e-b84b-597d-b970-b04889cc30ee,2024-09-23,17:30:00,18:30:00,27,APROBADA
a6f1d81c-0aaa-5e0d-8b8a-8324e0700503,da1fe6a7-058c-5ad3-a10e-f529804a44b5,2024-10-15,18:00:00,20:00:00,27,APROBADA
de3e7525-2332-574e-b843-28acbdd74550,ef815f08-b586-5f03-964a-a08004eaebf3,2025-06-12,13:00:00,15:00:00,34,APROBADA
1705a7ef-ee52-5c8c-b1b2-3b56bbb18371,e5da4cff-29aa-5f05-8532-70f093603e74,2025-01-21,08:00:00,09:00:00,35,APROBADA
cf6d68f0-8c04-58c9-87c3-42732c22ac9b,6903b35b-c2a6-5770-98e5-743c2bc06b45,2024-07-27,15:00:00,18:00:00,25,APROBADA
db1c2ee2-9e1a-566c-aef1-d85b07669b5e,6c814918-8ba0-52cc-9377-6d60b7946f8b,2024-07-11,13:00:00,14:00:00,35,APROBADA
8800b550-2ee9-5edf-9eb8-3b4b9a480ad3,05a1191e-b84b-597d-b970-b04889cc30ee,2025-04-03,10:00:00,13:00:00,30,APROBADA
c38c9dc3-d7cd-5953-9da9-0c363c23c2f2,05a1191e-b84b-597d-b970-b04889cc30ee,2024-09-06,19:00:00,20:00:00,35,APROBADA
b5d3fc5e-9293-51e4-9180-f1163c2f21aa,706ea773-fd09-5587-a465-302616f9d571,2024-11-19,09:00:00,12:00:00,39,APROBADA
2f0e10cd-fb2f-5f25-9f22-c628160eb1e5,1a0b71d7-4721-5998-bd82-de26b25b5771,2025-06-04,13:00:00,15:00:00,37,APROBADA
27060228-c0b8-5913-a580-99dd8797507a,1a0b71d7-4721-5998-bd82-de26b25b5771,2024-11-29,10:00:00,11:30:00,38,APROBADA
5ec70c81-30c4-5761-83f5-c3af94759e55,7bcb3d0c-2500-5f01-abe8-d24e962af50e,2024-09-08,15:30:00,17:00:00,26,APROBADA
dbb62d44-ae0e-56b8-b4a1-dceb352632a4,8fd4b53b-1d49-5307-8a1a-e184999a4434,2024-07-12,13:30:00,16:30:00,35,APROBADA
450c87f0-a413-578f-89f4-3892c7ef33ff,1a0b71d7-4721-5998-bd82-de26b25b5771,2024-07-19,11:00:00,14:00:00,36,APROBADA
acbdb76d-e0b5-53c8-9266-9ae07b8e076c,23c254ed-4635-5cec-baa9-656efa7fd130,2025-02-28,07:30:00,08:30:00,26,APROBADA
fb0a0159-6690-53ac-ba9e-f2e527eb4683,7d424b25-0f98-5f10-b2a8-ed9ddcd33e7a,2024-09-16,17:00:00,20:00:00,40,APROBADA
2cb2e968-6b5a-5ddf-9486-c7ce26c3bbec,e5da4cff-29aa-5f05-8532-70f093603e74,2025-04-02,17:30:00,19:30:00,36,APROBADA
e1fb54b3-b164-5ea8-ba56-5477aa155867,0880d439-8834-59c1-bfce-e7f3da722b3f,2025-02-03,15:30:00,18:30:00,29,APROBADA
cd53f11c-5e3a-5db4-88bd-bfc1f52eb2c4,d76d770e-14c2-5fea-bf8b-28f95250e124,2024-10-08,12:30:00,13:30:00,35,APROBADA
0997097c-6263-52f1-a064-63b73aa28764,2574a671-d58d-5db3-8c9f-2518d8a8d790,2025-03-16,12:30:00,14:30:00,26,APROBADA
6821ab9c-b7dc-564d-a55a-fc252e7f63f4,b46607fb-d28f-5c06-a3a8-091cb9d995ec,2024-12-24,19:00:00,20:30:00,36,APROBADA
990e6d67-41a1-5e8a-a674-ce92eba5f778,eb4139b4-3715-5623-a990-d045271440a9,2024-12-19,15:30:00,17:00:00,26,APROBADA
75ba9055-c0e4-5b0e-97bd-d6b04be25567,1a0b71d7-4721-5998-bd82-de26b25b5771,2024-11-28,08:30:00,10:00:00,37,APROBADA
f88ceee6-5ff2-5671-8556-51b5e25b62bc,b8969593-19a7-5a43-84c0-d52e63ac0cb4,2024-12-08,13:00:00,14:00:00,30,APROBADA
518cc692-d482-5fd4-918d-cbd743a41db4,0880d439-8834-59c1-bfce-e7f3da722b3f,2025-03-07,08:30:00,10:30:00,38,APROBADA
77ad5dbb-38e3-51b6-8548-e8366e7fd2f3,6d481120-dab0-50c8-8f1b-33cf911e9573,2025-04-12,15:30:00,18:30:00,35,APROBADA
41357c2b-0b61-5b1a-8442-926a6ca0eaf4,1a0b71d7-4721-5998-bd82-de26b25b5771,2024-12-14,08:00:00,10:00:00,27,APROBADA
5835ace8-de98-5fef-9a5e-d3a44f3e17c7,d056b3a8-8204-507a-b6c1-1f1203a87651,2025-05-11,08:00:00,11:00:00,28,APROBADA
d30b97b2-563e-51b3-93c6-9c3dd4b56e99,d7ce39c6-be5b-537a-ae81-d449a1710ff2,2024-12-19,17:30:00,19:30:00,41,APROBADA
52ac98be-8ab4-5462-983d-49f0b331fdca,d7ce39c6-be5b-537a-ae81-d449a1710ff2,2025-06-29,09:00:00,11:00:00,26,APROBADA
ef5d68e3-0b3c-5be4-9080-6510daf10763,6d481120-dab0-50c8-8f1b-33cf911e9573,2024-07-06,13:00:00,14:00:00,25,APROBADA
d6765c56-52c8-5040-9d2e-2aabe2ab35e2,706ea773-fd09-5587-a465-302616f9d571,2024-11-22,18:30:00,20:00:00,31,APROBADA
795ed760-bb40-572b-9ab8-ca81129e2f8e,6d481120-dab0-50c8-8f1b-33cf911e9573,2025-01-14,11:30:00,14:30:00,45,APROBADA
640a5052-e6ac-5fb5-af38-1b1a27a03945,6903b35b-c2a6-5770-98e5-743c2bc06b45,2025-05-20,15:00:00,17:00:00,35,APROBADA
bd8a7c3a-8bc2-5cc3-b7c1-0290591379b9,d76d770e-14c2-5fea-bf8b-28f95250e124,2025-04-30,17:00:00,20:00:00,30,APROBADA
0e6a556d-1d6e-532e-8835-d7d6f838672a,b8969593-19a7-5a43-84c0-d52e63ac0cb4,2024-10-30,18:30:00,20:30:00,30,APROBADA
b8002ed0-928e-5b29-9ad4-9eae3c069a88,e5da4cff-29aa-5f05-8532-70f093603e74,2025-02-21,18:00:00,19:30:00,31,APROBADA
273d487e-a2c2-55ec-b5bb-dc359d9d13b9,b46607fb-d28f-5c06-a3a8-091cb9d995ec,2024-11-02,12:30:00,15:30:00,26,APROBADA
c460285b-e604-5233-abfb-89700d7da9e8,dd609563-702d-543d-a49a-0ce27a83f234,2025-04-01,18:30:00,20:00:00,30,APROBADA
2e47fb81-8a29-50df-a4ad-26317d628a4b,6903b35b-c2a6-5770-98e5-743c2bc06b45,2024-12-30,19:00:00,20:30:00,35,APROBADA
f8e01df7-5493-5ec2-b704-f9e6521c31c4,4b4a10f4-36fa-5109-bc5d-14e24370c164,2025-03-19,10:30:00,13:30:00,28,APROBADA
63558481-f39b-5f9c-964a-b7ad592db450,a40fe9f0-87fa-5853-968f-5cedd5939e8a,2025-02-24,09:00:00,11:00:00,30,APROBADA
d5f221fc-a04c-5212-9ee8-bcaa7e0ab76e,da1fe6a7-058c-5ad3-a10e-f529804a44b5,2025-04-08,09:00:00,11:00:00,25,APROBADA
9a75257c-4696-5974-b649-820abf68278d,6d481120-dab0-50c8-8f1b-33cf911e9573,2024-09-15,07:00:00,08:30:00,26,APROBADA
99968c71-16c9-537b-b828-ca278dcdcab7,c1489a8f-1dff-511e-b025-5a10261901d7,2025-04-04,18:30:00,21:30:00,29,APROBADA
5314ab7f-e8ae-50c9-bb9b-defeaf0b857d,c1489a8f-1dff-511e-b025-5a10261901d7,2024-12-10,10:30:00,12:00:00,31,APROBADA
162b53b3-f23b-5d93-990a-02c2c359e1b9,6c814918-8ba0-52cc-9377-6d60b7946f8b,2024-08-16,13:00:00,14:30:00,31,APROBADA
79364e5d-0573-595b-b7e1-3df4b0bb6631,e5da4cff-29aa-5f05-8532-70f093603e74,2024-07-16,14:30:00,16:30:00,37,APROBADA
c633d584-e9bc-5140-99bb-3426152204e4,a40fe9f0-87fa-5853-968f-5cedd5939e8a,2024-08-17,17:30:00,19:30:00,26,APROBADA
185c18d4-9a2d-5544-9011-cf7e8daf42fd,706ea773-fd09-5587-a465-302616f9d571,2025-03-22,16:30:00,18:00:00,39,APROBADA
2ed684aa-d81a-5fdd-b663-a9b098d18ff1,10225e74-7c22-5384-8cdc-396a168ec651,2024-11-27,13:30:00,15:30:00,28,APROBADA
80a42208-98fa-549b-9d1d-682a3d022997,aad269e7-97f7-5e2d-9c43-cf84b49bd847,2024-10-27,09:30:00,11:30:00,30,APROBADA
2034c194-54c7-560c-af49-d948d8ad99de,6c814918-8ba0-52cc-9377-6d60b7946f8b,2025-06-25,09:00:00,10:00:00,40,APROBADA
d8a16487-ce03-52e8-a214-76be53243f33,a40fe9f0-87fa-5853-968f-5cedd5939e8a,2025-02-18,14:00:00,17:00:00,31,APROBADA
fb8dc3c3-d505-5496-aad3-4d21340cebe9,b46607fb-d28f-5c06-a3a8-091cb9d995ec,2024-10-20,19:00:00,20:00:00,40,APROBADA
6d055e10-00bc-5327-8415-d0208b2b8b11,6903b35b-c2a6-5770-98e5-743c2bc06b45,2025-03-05,11:00:00,14:00:00,27,APROBADA
2c17cef4-3e60-5f22-adcd-c9e786113bce,706ea773-fd09-5587-a465-302616f9d571,2024-10-31,11:00:00,12:30:00,39,APROBADA
c8af5d05-87f4-5588-aa66-bd90a64f1cca,f5e43a2a-032c-562e-837a-ff3c72abffb4,2024-12-31,11:30:00,12:30:00,29,APROBADA
452d5f57-fd3f-5767-8052-b5e9a2befa35,7bcb3d0c-2500-5f01-abe8-d24e962af50e,2024-11-09,10:30:00,13:30:00,30,APROBADA
5b065eac-d897-5d78-9dab-a166615b637b,ef815f08-b586-5f03-964a-a08004eaebf3,2025-05-07,11:00:00,13:00:00,35,APROBADA
beae09da-0080-5996-ad77-4b12569e3aa3,6c814918-8ba0-52cc-9377-6d60b7946f8b,2025-02-08,14:30:00,15:30:00,34,APROBADA
f4ce4016-f778-5d49-b398-9d470ec0da73,eb4139b4-3715-5623-a990-d045271440a9,2025-05-25,09:30:00,11:00:00,27,APROBADA
3a90b7ab-f254-5daa-a2b8-24e0a46b4f7d,b46607fb-d28f-5c06-a3a8-091cb9d995ec,2025-05-01,14:00:00,16:00:00,27,APROBADA
53e1e798-fb0c-53d3-b330-34c4be704c57,6903b35b-c2a6-5770-98e5-743c2bc06b45,2025-06-18,15:00:00,17:00:00,29,APROBADA
3760cc58-89f7-567c-a638-33e73bcf421d,ef815f08-b586-5f03-964a-a08004eaebf3,2025-06-21,13:00:00,15:00:00,26,APROBADA
506b38e2-7bf7-5224-ad19-48dfbde586cb,2574a671-d58d-5db3-8c9f-2518d8a8d790,2025-02-25,12:30:00,13:30:00,30,APROBADA
82f22ad1-5c6d-579e-813a-e0ca18aa828d,10225e74-7c22-5384-8cdc-396a168ec651,2025-04-21,10:00:00,11:30:00,26,APROBADA
30114d4e-f772-583b-9fcc-c8382d9b860b,a40fe9f0-87fa-5853-968f-5cedd5939e8a,2025-01-15,17:00:00,19:00:00,29,APROBADA
d49699a1-375d-595d-97da-4528cedf9f02,d056b3a8-8204-507a-b6c1-1f1203a87651,2025-01-27,10:30:00,12:00:00,28,APROBADA
0ec1a692-6613-5ca3-8bf6-28278cfb0f5a,da1fe6a7-058c-5ad3-a10e-f529804a44b5,2025-03-01,12:30:00,13:30:00,25,APROBADA
67b35452-1614-5be4-9cb6-3022a4778742,dd609563-702d-543d-a49a-0ce27a83f234,2025-04-24,12:30:00,14:30:00,26,APROBADA
7997fa1a-b8af-5d2a-adf6-4b3d92765deb,d7ce39c6-be5b-537a-ae81-d449a1710ff2,2024-11-29,18:30:00,19:30:00,34,APROBADA
a9d65577-6db5-561c-aca5-312d38b8aa0c,aad269e7-97f7-5e2d-9c43-cf84b49bd847,2025-03-03,12:30:00,13:30:00,29,APROBADA
2707f43e-2089-5476-975a-e9b73828249c,b46607fb-d28f-5c06-a3a8-091cb9d995ec,2024-09-27,09:30:00,11:00:00,39,APROBADA
7b018afc-dda6-53b9-9135-6f75db1e9cea,d7ce39c6-be5b-537a-ae81-d449a1710ff2,2024-09-30,17:30:00,18:30:00,26,APROBADA
9276dc67-1f27-552b-ac51-258e0c163f80,2574a671-d58d-5db3-8c9f-2518d8a8d790,2024-10-26,09:00:00,11:00:00,25,APROBADA
5fac2380-8e4b-5de4-a096-25201f402d69,1dee66e3-0076-5033-8ba0-70dd67e8aea0,2024-08-06,18:00:00,19:00:00,38,APROBADA
cd282deb-fbaf-5894-ac2e-6abc6b91ab42,0880d439-8834-59c1-bfce-e7f3da722b3f,2025-05-23,07:30:00,10:30:00,30,APROBADA
decd996c-5895-5630-9911-29f46da76d36,d7ce39c6-be5b-537a-ae81-d449a1710ff2,2024-09-05,16:00:00,18:00:00,26,APROBADA
780a7e56-65dd-54d0-8d0a-115ee75ce3e9,706ea773-fd09-5587-a465-302616f9d571,2024-11-12,10:30:00,12:00:00,37,APROBADA
246804e0-698d-5e26-ab38-efa5e31b9da2,1a0b71d7-4721-5998-bd82-de26b25b5771,2024-08-11,12:30:00,14:30:00,44,APROBADA
27c9e60f-ab96-573c-bfe5-0144aa3d29a6,a40fe9f0-87fa-5853-968f-5cedd5939e8a,2025-01-09,08:30:00,10:30:00,28,APROBADA
13349ea7-e204-5417-bea0-7bf24b770dc3,b46607fb-d28f-5c06-a3a8-091cb9d995ec,2024-11-10,11:30:00,13:00:00,27,APROBADA
edb3a44e-e121-503c-812d-c90b797d6c9f,f5e43a2a-032c-562e-837a-ff3c72abffb4,2024-11-02,11:00:00,13:00:00,28,APROBADA
f7e89aa0-0bbf-564c-b143-e1ba95b3191d,706ea773-fd09-5587-a465-302616f9d571,2025-04-30,11:00:00,12:00:00,32,APROBADA
0f08f80c-ef1a-5ae3-b204-e079aeb20986,6d481120-dab0-50c8-8f1b-33cf911e9573,2025-04-02,09:00:00,12:00:00,26,APROBADA
f51c3365-0483-5875-97f5-5cbd207cde6d,6d481120-dab0-50c8-8f1b-33cf911e9573,2025-01-11,09:30:00,11:30:00,30,APROBADA
1606551b-1b3e-5c4f-8c06-a60aa1f9a635,0880d439-8834-59c1-bfce-e7f3da722b3f,2025-05-05,11:30:00,14:30:00,27,APROBADA
db1c1709-11df-5544-a662-7a5f81fd8f33,c1489a8f-1dff-511e-b025-5a10261901d7,2025-01-27,07:30:00,09:00:00,31,APROBADA
1e6700eb-599f-51db-ba99-5973b1ea28f3,6c814918-8ba0-52cc-9377-6d60b7946f8b,2024-07-29,13:30:00,15:00:00,35,APROBADA
7b684461-406d-588a-8da9-78d6b3fae9fd,0880d439-8834-59c1-bfce-e7f3da722b3f,2024-11-22,14:30:00,16:00:00,32,APROBADA
8204e064-cc14-50f0-a113-4170f3d0c486,aad269e7-97f7-5e2d-9c43-cf84b49bd847,2025-06-05,08:00:00,11:00:00,26,APROBADA
3fb9b5fa-3492-5350-a397-d89e0287d15a,0880d439-8834-59c1-bfce-e7f3da722b3f,2024-12-31,13:00:00,14:00:00,32,APROBADA
1ba6e36e-9a31-53ec-a980-1dacf349f5b9,10225e74-7c22-5384-8cdc-396a168ec651,2024-11-21,09:00:00,11:00:00,25,APROBADA
cb6f8b3e-600f-5294-9783-677b61ae098a,23c254ed-4635-5cec-baa9-656efa7fd130,2024-07-27,16:30:00,18:30:00,28,APROBADA
81ce1443-ff31-5873-88fd-4fa3055643ec,05a1191e-b84b-597d-b970-b04889cc30ee,2024-12-25,17:00:00,20:00:00,32,APROBADA
87e0a19e-db78-5255-ab36-7f917c497495,2574a671-d58d-5db3-8c9f-2518d8a8d790,2024-10-27,18:00:00,19:30:00,35,APROBADA
4bdcae5b-c5b5-5894-bc85-99030a5bcc82,da1fe6a7-058c-5ad3-a10e-f529804a44b5,2024-12-27,17:30:00,19:30:00,31,APROBADA
4ca3bea1-11fa-5541-aa4c-361ec9cf98df,da1fe6a7-058c-5ad3-a10e-f529804a44b5,2025-06-01,17:30:00,18:30:00,32,APROBADA
4160c405-22c1-5b96-b0a7-5c63eab77d30,706ea773-fd09-5587-a465-302616f9d571,2024-08-21,10:30:00,11:30:00,39,APROBADA
b03476ad-5885-5c8a-847c-87ccd4c08f1a,45b00d8f-2f79-52ba-8b17-e7d6ee0b476f,2025-03-02,16:00:00,19:00:00,36,APROBADA
719e4289-a72d-5c66-8eca-02513e593036,da1fe6a7-058c-5ad3-a10e-f529804a44b5,2025-06-07,15:30:00,16:30:00,26,APROBADA
4c55f79f-dff1-5112-91a7-4a3d10faea90,dd609563-702d-543d-a49a-0ce27a83f234,2024-11-25,16:30:00,19:30:00,39,APROBADA
a40601e6-5991-5503-a10a-6989b715627f,eb4139b4-3715-5623-a990-d045271440a9,2025-04-03,08:30:00,11:30:00,27,APROBADA
aa9b1375-3a81-5d88-8ad4-e8818d1469cc,d76d770e-14c2-5fea-bf8b-28f95250e124,2025-05-02,13:00:00,16:00:00,32,APROBADA
d791b9b8-9515-5368-a6d0-722f602b389d,a22ee2bf-332c-5ac1-ae12-28ce7b0033a1,2025-03-10,16:30:00,17:30:00,35,APROBADA
54efadc1-37af-516d-b986-3e5d7aef166e,d76d770e-14c2-5fea-bf8b-28f95250e124,2025-06-09,13:30:00,14:30:00,40,APROBADA
e5c22b9b-79fc-516f-b9f4-fa3666d46333,d76d770e-14c2-5fea-bf8b-28f95250e124,2025-01-23,15:30:00,16:30:00,35,APROBADA
3c4fcb5e-1619-569a-857c-0e54ffb15754,706ea773-fd09-5587-a465-302616f9d571,2024-10-13,17:00:00,18:30:00,35,APROBADA
8d86b9f3-be1b-5eb1-b96c-c89821dfc41b,1dee66e3-0076-5033-8ba0-70dd67e8aea0,2025-05-11,13:30:00,15:30:00,37,APROBADA
f9a4f38d-4c2c-57eb-9b12-bb580275f481,c1489a8f-1dff-511e-b025-5a10261901d7,2025-04-08,08:00:00,11:00:00,31,APROBADA
a63afa46-c16d-55e5-bafd-44e3101ac497,1dee66e3-0076-5033-8ba0-70dd67e8aea0,2025-01-01,14:00:00,15:00:00,44,APROBADA
ea5e5fc8-7663-57db-a2e9-45e7c0b9f2a6,a22ee2bf-332c-5ac1-ae12-28ce7b0033a1,2024-10-07,17:00:00,18:00:00,29,APROBADA
233a0844-9d1e-5a24-a5d8-b18bc6878156,eb4139b4-3715-5623-a990-d045271440a9,2025-03-03,15:00:00,18:00:00,25,APROBADA
c8e2ac05-eaa2-5da2-b98f-dba413390fae,c1489a8f-1dff-511e-b025-5a10261901d7,2025-03-07,11:00:00,12:30:00,30,APROBADA
c2a27caa-cf2b-5e08-a503-cd35eccd9e83,d7ce39c6-be5b-537a-ae81-d449a1710ff2,2025-03-16,11:30:00,13:30:00,40,APROBADA
8d512599-9449-5fe4-a96d-1ab09c5778de,706ea773-fd09-5587-a465-302616f9d571,2025-01-27,19:00:00,20:30:00,35,APROBADA
0758924d-afe1-52a6-afcb-5f07a7435c5f,dd609563-702d-543d-a49a-0ce27a83f234,2025-02-20,14:30:00,16:00:00,32,APROBADA
514c1b06-6c11-5c65-85dd-883a17533e1c,1dee66e3-0076-5033-8ba0-70dd67e8aea0,2025-02-07,17:00:00,18:00:00,40,APROBADA
12fc8a0b-89c4-5aa5-887f-a83661404dad,10225e74-7c22-5384-8cdc-396a168ec651,2025-03-17,15:00:00,16:30:00,32,APROBADA
cc84f71a-d35f-5494-a1fd-e447441a1707,6c814918-8ba0-52cc-9377-6d60b7946f8b,2025-01-25,11:00:00,14:00:00,34,APROBADA
b9f20517-9f48-51c4-a062-65a104e9a020,a40fe9f0-87fa-5853-968f-5cedd5939e8a,2025-03-22,17:30:00,20:30:00,25,APROBADA
a9c93341-6808-54d4-9745-23614cc3bedd,7d424b25-0f98-5f10-b2a8-ed9ddcd33e7a,2025-04-25,15:30:00,18:30:00,27,APROBADA
1cfac825-9906-5c84-aee9-df0f02cb0f2d,0880d439-8834-59c1-bfce-e7f3da722b3f,2025-01-19,13:30:00,15:00:00,44,APROBADA
4ce11ded-b6de-578b-a124-64f46d5ff048,1a0b71d7-4721-5998-bd82-de26b25b5771,2024-10-02,19:00:00,22:00:00,25,APROBADA
425efb78-0950-5887-ba42-4aba840c00ff,1dee66e3-0076-5033-8ba0-70dd67e8aea0,2025-04-11,11:30:00,12:30:00,42,APROBADA
2c01ee43-ef0e-5f73-b8f7-9b269f0b17d4,d76d770e-14c2-5fea-bf8b-28f95250e124,2024-09-03,11:00:00,12:00:00,39,APROBADA
b37f63c6-0228-5960-b2cb-e6b4b4d98640,dd609563-702d-543d-a49a-0ce27a83f234,2024-07-21,07:30:00,09:00:00,34,APROBADA
e0983235-8ff1-5788-a726-2f24a9821000,dd609563-702d-543d-a49a-0ce27a83f234,2024-11-29,16:30:00,17:30:00,38,APROBADA
983e5c5e-80c9-5a41-84b9-452982d1d85d,706ea773-fd09-5587-a465-302616f9d571,2024-10-04,08:00:00,11:00:00,34,APROBADA
c2ab7fdf-d28b-50ba-a2f6-120a152fd6a9,706ea773-fd09-5587-a465-302616f9d571,2024-10-02,18:30:00,21:30:00,36,APROBADA
b0a21dec-3666-522e-b090-df2dab9e28f2,a22ee2bf-332c-5ac1-ae12-28ce7b0033a1,2024-09-01,07:00:00,09:00:00,32,APROBADA
51965da5-eeb5-59ec-bf10-d2b278d72b1b,d76d770e-14c2-5fea-bf8b-28f95250e124,2024-08-10,07:00:00,08:00:00,34,APROBADA
8a9074f3-a573-5d4f-a2e5-dad8746e7723,6903b35b-c2a6-5770-98e5-743c2bc06b45,2025-05-06,08:30:00,09:30:00,25,APROBADA
9044d858-b8e5-5a6d-8fd5-8a42940f0146,e5da4cff-29aa-5f05-8532-70f093603e74,2025-06-02,18:00:00,21:00:00,27,APROBADA
6c684583-3d7c-5a82-8374-9d21da4adae9,7d424b25-0f98-5f10-b2a8-ed9ddcd33e7a,2024-09-23,15:30:00,17:00:00,37,APROBADA
3ee0c83c-71f3-53f4-8902-5ad14839144a,10225e74-7c22-5384-8cdc-396a168ec651,2025-01-10,10:30:00,12:30:00,28,APROBADA
e3578a83-3e8f-55fa-883e-a6a23c917122,1a0b71d7-4721-5998-bd82-de26b25b5771,2024-08-28,12:30:00,15:30:00,35,APROBADA
89c6d64c-bd05-5408-9088-6f37cf444f11,d7ce39c6-be5b-537a-ae81-d449a1710ff2,2024-09-05,17:30:00,20:30:00,33,APROBADA
3b1abdc6-c060-5fdd-bb0c-5317c72de985,7bcb3d0c-2500-5f01-abe8-d24e962af50e,2025-04-29,18:30:00,19:30:00,25,APROBADA
24fa153b-ab1b-5c6d-87a2-dd3b162ff264,8fd4b53b-1d49-5307-8a1a-e184999a4434,2025-06-26,11:30:00,12:30:00,35,APROBADA
68e9b4e9-fc2b-5be7-b1d4-824bb8f2638c,d7ce39c6-be5b-537a-ae81-d449a1710ff2,2024-08-13,13:00:00,14:30:00,41,APROBADA
e8a1eb62-116f-5c23-b477-51fadf44324a,2574a671-d58d-5db3-8c9f-2518d8a8d790,2025-01-28,19:00:00,20:00:00,31,APROBADA
c5497ed5-0af7-5025-b474-fcc66396c66a,da1fe6a7-058c-5ad3-a10e-f529804a44b5,2025-01-01,11:30:00,13:00:00,33,APROBADA
be64a085-2759-59ce-87fb-f627055cf302,a40fe9f0-87fa-5853-968f-5cedd5939e8a,2025-05-03,11:00:00,14:00:00,27,APROBADA
1e67424c-9273-54cb-a778-8b14b439874f,706ea773-fd09-5587-a465-302616f9d571,2024-11-19,18:00:00,20:00:00,38,APROBADA
32544e17-2b4a-59bb-ac51-2ce142c3948e,e5da4cff-29aa-5f05-8532-70f093603e74,2024-07-20,17:30:00,20:30:00,26,APROBADA
8cb8a87f-17b8-5b72-a79f-6e32fd29eed1,8fd4b53b-1d49-5307-8a1a-e184999a4434,2024-12-08,10:00:00,11:30:00,34,APROBADA
934b4e91-1416-5f84-976d-3b3b1d664dad,2574a671-d58d-5db3-8c9f-2518d8a8d790,2025-01-21,18:00:00,19:30:00,34,APROBADA
8c1ed802-a5fa-59f2-8eda-7759af6c6105,e5da4cff-29aa-5f05-8532-70f093603e74,2024-07-12,08:00:00,09:30:00,40,APROBADA
a8460165-0361-5f2a-9b8b-a2bf6cc467ab,6c814918-8ba0-52cc-9377-6d60b7946f8b,2024-10-10,13:30:00,15:00:00,26,APROBADA
da9e8da0-8847-5003-a677-d64a912520de,b8969593-19a7-5a43-84c0-d52e63ac0cb4,2025-06-05,18:00:00,19:00:00,27,APROBADA
0f6c98d6-364b-566c-81e2-2a9795aa0805,6903b35b-c2a6-5770-98e5-743c2bc06b45,2025-04-02,08:30:00,09:30:00,34,APROBADA
4468db2a-b1f9-5531-b439-359f001a8cce,2574a671-d58d-5db3-8c9f-2518d8a8d790,2025-05-13,08:00:00,09:00:00,31,APROBADA
9b27c44e-1d2b-5f8e-8d0c-8051fbe858d6,c1489a8f-1dff-511e-b025-5a10261901d7,2024-12-31,14:30:00,17:30:00,26,APROBADA
565315e9-1091-53bf-bc19-e254e3e37e92,2574a671-d58d-5db3-8c9f-2518d8a8d790,2025-05-29,18:30:00,19:30:00,38,APROBADA
cda4ca06-ff4e-5b65-832e-84a7e27c86ba,a22ee2bf-332c-5ac1-ae12-28ce7b0033a1,2024-11-10,17:30:00,20:30:00,25,APROBADA
2ed36da7-0cdf-5e25-b40c-9b8db5d9ca62,6903b35b-c2a6-5770-98e5-743c2bc06b45,2024-10-01,08:00:00,09:00:00,33,APROBADA
631e1ebb-e025-5784-a780-3f65b7838c35,05a1191e-b84b-597d-b970-b04889cc30ee,2024-08-05,14:30:00,15:30:00,35,APROBADA
1ea2af0b-3fdd-5a82-a1eb-6b37d294672c,f5e43a2a-032c-562e-837a-ff3c72abffb4,2024-07-29,09:30:00,11:30:00,26,APROBADA
f9a3a6be-2b20-5081-aa8b-89324726e858,d76d770e-14c2-5fea-bf8b-28f95250e124,2025-02-14,16:30:00,17:30:00,33,APROBADA
ef07a0d0-d214-5b73-b60d-a93faf1408a1,1a0b71d7-4721-5998-bd82-de26b25b5771,2024-10-13,09:00:00,10:30:00,27,APROBADA
1b1997bd-6978-5c13-9f07-b5ecbc95ad45,1a0b71d7-4721-5998-bd82-de26b25b5771,2025-05-07,12:00:00,15:00:00,32,APROBADA
38be28d8-4724-55df-8e3c-af30dec731ee,d7ce39c6-be5b-537a-ae81-d449a1710ff2,2025-02-09,08:30:00,09:30:00,36,APROBADA
280d6299-9a3d-5ac1-9404-5671fccd74d6,706ea773-fd09-5587-a465-302616f9d571,2025-06-08,13:00:00,16:00:00,40,APROBADA
c079d362-135b-56a0-a9ba-3e4c87bb77e9,b46607fb-d28f-5c06-a3a8-091cb9d995ec,2025-01-29,09:00:00,10:00:00,30,APROBADA
5c0c16e5-90a0-54a5-aa97-ea5a7c356128,0880d439-8834-59c1-bfce-e7f3da722b3f,2024-11-06,09:00:00,12:00:00,33,APROBADA
40c8f6a0-96fa-5016-8a7e-cca610a67787,6d481120-dab0-50c8-8f1b-33cf911e9573,2025-06-19,15:00:00,18:00:00,43,APROBADA
caa77c5d-a37f-5dd0-9a6b-2e0cd36cad56,1a0b71d7-4721-5998-bd82-de26b25b5771,2024-10-15,10:00:00,11:30:00,38,APROBADA
8ae15f8b-aa70-5a25-a27d-f1e44b066835,10225e74-7c22-5384-8cdc-396a168ec651,2024-09-16,18:30:00,21:30:00,26,APROBADA
51d3b6a8-a6be-50c0-83be-8b2c5b26e2ea,45b00d8f-2f79-52ba-8b17-e7d6ee0b476f,2025-06-03,11:00:00,13:00:00,26,APROBADA
3cfdde67-330f-5cd3-bea9-dc61369b813a,2574a671-d58d-5db3-8c9f-2518d8a8d790,2025-02-24,18:00:00,21:00:00,37,APROBADA
a1e8d06e-de84-55d9-8df9-ff96ab2dc9fc,c1489a8f-1dff-511e-b025-5a10261901d7,2024-08-02,18:00:00,19:30:00,32,APROBADA
15e71a9a-1a02-501f-bd32-a1316d1d682c,d7ce39c6-be5b-537a-ae81-d449a1710ff2,2024-12-15,13:30:00,15:30:00,35,APROBADA
10ea301f-ded0-5280-8745-29076c97d68e,dd609563-702d-543d-a49a-0ce27a83f234,2024-07-08,16:00:00,19:00:00,29,APROBADA
2a578a8a-d9ab-54b5-b1f5-18f1643eec6e,6d481120-dab0-50c8-8f1b-33cf911e9573,2024-12-12,16:30:00,18:30:00,38,APROBADA
a4eec7af-f704-5604-9413-7ca92531e72b,c1489a8f-1dff-511e-b025-5a10261901d7,2024-11-07,10:00:00,11:30:00,27,APROBADA
97a13367-57d4-5b52-89ee-332eb725c7d8,706ea773-fd09-5587-a465-302616f9d571,2024-11-20,09:30:00,12:30:00,36,APROBADA
9ed07fbc-c4e6-5da6-8620-2ab72a790794,05a1191e-b84b-597d-b970-b04889cc30ee,2025-05-21,08:30:00,10:00:00,26,APROBADA
c5aa6cde-6a49-596d-9509-b5a768ef1db8,ef815f08-b586-5f03-964a-a08004eaebf3,2025-02-12,11:00:00,12:00:00,35,APROBADA
f37f0b44-42a1-529d-8699-6414a0218999,b46607fb-d28f-5c06-a3a8-091cb9d995ec,2024-11-20,15:30:00,17:00:00,28,APROBADA
c1f4c74c-edb7-58be-a033-481350ed1ed6,05a1191e-b84b-597d-b970-b04889cc30ee,2024-07-30,09:30:00,12:30:00,35,APROBADA
47e10307-8b98-52e2-9df9-8f124670e5c4,7d424b25-0f98-5f10-b2a8-ed9ddcd33e7a,2025-04-07,18:30:00,20:00:00,36,APROBADA
00728817-8e59-574a-bed5-5f755ca1e8ae,ef815f08-b586-5f03-964a-a08004eaebf3,2024-08-24,07:30:00,08:30:00,29,APROBADA
ddeb7a76-9955-52ff-a0c8-44bd7210d20b,d76d770e-14c2-5fea-bf8b-28f95250e124,2024-07-17,17:30:00,18:30:00,35,APROBADA
335ccc51-7599-56d8-9e1e-674369977b8b,d7ce39c6-be5b-537a-ae81-d449a1710ff2,2025-06-10,19:00:00,20:30:00,30,APROBADA
3651d902-3dff-5ee1-b057-5d3ba0b2c069,1a0b71d7-4721-5998-bd82-de26b25b5771,2024-12-09,08:30:00,10:00:00,28,APROBADA
105a09d5-99ab-5322-8770-a492cfb561b0,6c814918-8ba0-52cc-9377-6d60b7946f8b,2024-12-03,17:30:00,20:30:00,27,APROBADA
b764fbd0-4100-569f-bdcb-25e295a4cfa6,706ea773-fd09-5587-a465-302616f9d571,2025-04-18,09:30:00,11:30:00,31,APROBADA
fc5ab451-f6e9-5f9f-983d-98581be8be6d,2574a671-d58d-5db3-8c9f-2518d8a8d790,2025-06-28,13:00:00,15:00:00,34,APROBADA
ef3ff717-95fb-5f74-a4c5-6f915a074cec,aad269e7-97f7-5e2d-9c43-cf84b49bd847,2025-04-02,18:30:00,21:30:00,26,APROBADA
32b4d453-f56d-5b5e-a2f9-f65651ee2898,1a0b71d7-4721-5998-bd82-de26b25b5771,2024-10-04,18:30:00,20:00:00,28,APROBADA
60d39af8-a7bd-51e0-a70b-3f3b731c00e3,7bcb3d0c-2500-5f01-abe8-d24e962af50e,2025-05-20,17:00:00,19:00:00,28,APROBADA
bd4dfe13-1c29-58da-9899-f2403e83f56e,d76d770e-14c2-5fea-bf8b-28f95250e124,2025-01-27,17:00:00,20:00:00,28,APROBADA
ae63dae1-98ab-504f-a6a6-b6bbde85e4c0,d056b3a8-8204-507a-b6c1-1f1203a87651,2024-11-27,19:00:00,20:30:00,30,APROBADA
f5ffc6ad-3228-51b1-a6da-c1c1b531c64b,b8969593-19a7-5a43-84c0-d52e63ac0cb4,2024-10-26,11:30:00,13:30:00,28,APROBADA
38e14074-2696-5c06-b34a-a002bc5b7f04,2574a671-d58d-5db3-8c9f-2518d8a8d790,2024-11-14,09:30:00,11:00:00,38,APROBADA
00395eec-e87a-5107-85e4-49178b0462e9,eb4139b4-3715-5623-a990-d045271440a9,2025-04-27,12:30:00,15:30:00,25,APROBADA
7bd70849-751a-5b3d-ad6b-1ca6c8dd713d,dd609563-702d-543d-a49a-0ce27a83f234,2024-07-01,16:00:00,19:00:00,29,APROBADA
45dfb295-41ad-54d9-914a-d5f26c71a89d,a22ee2bf-332c-5ac1-ae12-28ce7b0033a1,2025-04-11,11:30:00,13:00:00,25,APROBADA
21cd434f-b050-59ff-a78d-ef50bbd6fa68,23c254ed-4635-5cec-baa9-656efa7fd130,2024-10-26,12:00:00,13:00:00,29,APROBADA
aa5410e9-cedf-5e4a-ba08-28108f37fd45,8fd4b53b-1d49-5307-8a1a-e184999a4434,2025-02-19,18:30:00,20:00:00,27,APROBADA
42874189-92ca-58b2-be16-b4c9db99fb0b,d7ce39c6-be5b-537a-ae81-d449a1710ff2,2025-02-11,14:30:00,15:30:00,27,APROBADA
8113d88f-51fa-58d6-9bf6-a7b7fc3a13e5,da1fe6a7-058c-5ad3-a10e-f529804a44b5,2025-06-17,15:00:00,18:00:00,36,APROBADA
9d36f837-7a34-53b3-9e98-5b3ed4b0017b,da1fe6a7-058c-5ad3-a10e-f529804a44b5,2025-01-14,18:00:00,20:00:00,25,APROBADA
b4ce6681-0768-5f20-8a1b-06379209f739,2574a671-d58d-5db3-8c9f-2518d8a8d790,2024-11-06,11:00:00,12:30:00,37,APROBADA
385ddbe1-641e-5779-817c-d888e9c5b928,6c814918-8ba0-52cc-9377-6d60b7946f8b,2025-03-03,14:30:00,16:30:00,40,APROBADA
2931594d-ab24-5013-b840-cb0b7b7415e9,45b00d8f-2f79-52ba-8b17-e7d6ee0b476f,2025-06-16,18:00:00,19:30:00,32,APROBADA
81539426-d775-50b4-99e8-a756de0bea2a,a22ee2bf-332c-5ac1-ae12-28ce7b0033a1,2025-01-02,09:30:00,11:30:00,36,APROBADA
eb1e4203-9876-5063-9e63-b3046fdaa95f,d7ce39c6-be5b-537a-ae81-d449a1710ff2,2025-02-28,07:30:00,09:00:00,37,APROBADA
3e480f6e-9183-569c-ac85-5d129deaf509,4b4a10f4-36fa-5109-bc5d-14e24370c164,2025-04-02,18:30:00,19:30:00,30,APROBADA
50f69f01-50af-5d28-bead-79450522cd03,b8969593-19a7-5a43-84c0-d52e63ac0cb4,2025-04-16,13:30:00,15:30:00,30,APROBADA
9927d529-6ba5-5ba4-8d94-eeecd6094fa9,6903b35b-c2a6-5770-98e5-743c2bc06b45,2025-02-10,07:30:00,10:30:00,30,APROBADA
8bdf690a-a184-5e5f-895a-757de2725cab,1dee66e3-0076-5033-8ba0-70dd67e8aea0,2024-12-06,10:00:00,12:00:00,26,APROBADA
ebbce953-f35e-5ff9-a733-420c6fc775ed,706ea773-fd09-5587-a465-302616f9d571,2024-12-30,19:00:00,21:00:00,37,APROBADA
df97a037-82f3-5c37-84cc-10356add5194,2574a671-d58d-5db3-8c9f-2518d8a8d790,2024-10-09,13:00:00,14:00:00,26,APROBADA
594ed4e2-f69c-52c1-a1a3-be71c8f1b381,4b4a10f4-36fa-5109-bc5d-14e24370c164,2024-07-09,07:30:00,09:30:00,30,APROBADA
d3de475a-b96c-5d79-846b-ef3833594694,d7ce39c6-be5b-537a-ae81-d449a1710ff2,2024-10-08,08:30:00,09:30:00,31,APROBADA
73c66371-c019-5525-adac-e09ee59cbe92,05a1191e-b84b-597d-b970-b04889cc30ee,2024-12-14,08:00:00,10:00:00,25,APROBADA
4242d4a3-f7d9-5ede-b093-5c3747463d9a,05a1191e-b84b-597d-b970-b04889cc30ee,2024-10-07,14:30:00,15:30:00,36,APROBADA
fba2d98e-652b-5b2c-88ff-98433ef3140f,7d424b25-0f98-5f10-b2a8-ed9ddcd33e7a,2025-06-27,10:30:00,11:30:00,37,APROBADA
97d73e98-b3fa-5c4b-abd9-a2c212282c2d,d056b3a8-8204-507a-b6c1-1f1203a87651,2025-06-10,07:00:00,09:00:00,25,APROBADA
1cbf31bb-4c6b-5ddb-9477-8e30c9d10565,f5e43a2a-032c-562e-837a-ff3c72abffb4,2025-03-11,13:30:00,15:30:00,30,APROBADA
8c3e19ff-7de3-564e-ab67-ca25222e0d51,2574a671-d58d-5db3-8c9f-2518d8a8d790,2025-04-27,17:30:00,19:30:00,39,APROBADA
8486bf90-1854-5b79-ab81-8bcbf54fd64c,7bcb3d0c-2500-5f01-abe8-d24e962af50e,2025-03-18,08:00:00,09:00:00,26,APROBADA
3d1dac48-3fd7-5464-a80b-43cff8982019,dd609563-702d-543d-a49a-0ce27a83f234,2024-07-17,07:00:00,08:00:00,40,APROBADA
5b49eed5-1a4b-5255-967a-cf6b3a610070,d7ce39c6-be5b-537a-ae81-d449a1710ff2,2024-10-10,16:00:00,18:00:00,27,APROBADA
22301276-d510-5dba-865b-22542365e0f7,8fd4b53b-1d49-5307-8a1a-e184999a4434,2024-09-05,07:00:00,08:30:00,31,APROBADA
99c422cf-bd1c-569e-809d-1ae04d68fa9d,6903b35b-c2a6-5770-98e5-743c2bc06b45,2024-07-31,10:30:00,13:30:00,35,APROBADA
4d58ae59-9f85-5e38-bcf2-adab49504803,ef815f08-b586-5f03-964a-a08004eaebf3,2024-07-15,11:00:00,12:00:00,28,APROBADA
932018cf-18af-5733-98d7-870a8294982e,7bcb3d0c-2500-5f01-abe8-d24e962af50e,2025-04-26,07:00:00,09:00:00,31,APROBADA
cee34655-6734-511a-b6cc-64b7f53bcccb,d76d770e-14c2-5fea-bf8b-28f95250e124,2024-12-10,07:00:00,09:00:00,40,APROBADA
fdb79c42-85c5-56fb-a591-edd4d74d6f47,a40fe9f0-87fa-5853-968f-5cedd5939e8a,2025-06-19,11:00:00,12:30:00,31,APROBADA
12a4b301-44da-5a69-8f66-842302dd4d1f,706ea773-fd09-5587-a465-302616f9d571,2025-02-11,17:00:00,19:00:00,37,APROBADA
1312eaa6-9c13-522e-947c-1109be46b176,7d424b25-0f98-5f10-b2a8-ed9ddcd33e7a,2024-08-24,18:00:00,20:00:00,28,APROBADA
47bf35ae-733c-50a6-8b72-7a51bcc6b2b4,d76d770e-14c2-5fea-bf8b-28f95250e124,2024-09-04,08:00:00,09:30:00,28,APROBADA
eae596da-2f7d-59f7-9f29-5181e0cecd2c,0880d439-8834-59c1-bfce-e7f3da722b3f,2024-08-02,11:30:00,12:30:00,25,APROBADA
0b39533f-6396-50ec-9dec-b4b36d9a8a06,8fd4b53b-1d49-5307-8a1a-e184999a4434,2024-12-04,10:30:00,13:30:00,32,APROBADA
61119c99-210d-5a22-8af1-ef36d6a4765b,1a0b71d7-4721-5998-bd82-de26b25b5771,2024-11-22,16:00:00,17:00:00,39,APROBADA
c0132ec0-ad95-5fab-9d58-f884d137476e,45b00d8f-2f79-52ba-8b17-e7d6ee0b476f,2024-10-05,13:00:00,16:00:00,28,APROBADA
051cf735-832c-5b9f-9269-2d9022db1d61,f5e43a2a-032c-562e-837a-ff3c72abffb4,2025-03-03,12:00:00,13:00:00,30,APROBADA
728d5a27-090d-50ee-ad51-a4e5e8d85fd8,d7ce39c6-be5b-537a-ae81-d449a1710ff2,2024-12-22,08:30:00,10:00:00,25,APROBADA
c50a4d5a-a251-5fab-85af-d8de779b53a2,b8969593-19a7-5a43-84c0-d52e63ac0cb4,2025-03-10,09:00:00,10:00:00,27,APROBADA
b6479ce4-201a-5e6c-bfbe-7c2f3ad6daee,1a0b71d7-4721-5998-bd82-de26b25b5771,2025-05-11,07:00:00,08:00:00,30,APROBADA
40b94bff-1ca3-5f5c-a6a4-9cfb38944146,2574a671-d58d-5db3-8c9f-2518d8a8d790,2024-10-08,16:30:00,18:30:00,31,APROBADA
4a6694b9-a10f-5ca7-8d12-c725afba96ff,05a1191e-b84b-597d-b970-b04889cc30ee,2025-03-22,17:30:00,20:30:00,27,APROBADA
7fef8c5e-c403-57c3-a048-c07d2288be08,1dee66e3-0076-5033-8ba0-70dd67e8aea0,2024-11-14,08:00:00,11:00:00,29,APROBADA
f94b38a9-27fd-5183-968c-998e0f048d3f,c1489a8f-1dff-511e-b025-5a10261901d7,2024-07-12,10:30:00,11:30:00,32,APROBADA
fd647dbb-517b-5938-a4e1-e9b37ce158b5,b46607fb-d28f-5c06-a3a8-091cb9d995ec,2025-04-30,07:00:00,09:00:00,32,APROBADA
453637f5-2814-5139-ae6b-bde20f17491b,d76d770e-14c2-5fea-bf8b-28f95250e124,2024-08-10,14:00:00,17:00:00,30,APROBADA
d95e36aa-588b-5990-87b4-dee9dd48e9ac,8fd4b53b-1d49-5307-8a1a-e184999a4434,2025-01-17,11:30:00,13:00:00,25,APROBADA
0bc4508f-e32d-5a9d-8a5b-f03958612bd9,10225e74-7c22-5384-8cdc-396a168ec651,2024-07-22,09:00:00,12:00:00,36,APROBADA
9f01581e-50b8-5b09-8aae-a97075118a97,e5da4cff-29aa-5f05-8532-70f093603e74,2024-12-03,13:00:00,16:00:00,37,APROBADA
1923ac75-b61a-5440-a6ab-5b96f443a8ad,6d481120-dab0-50c8-8f1b-33cf911e9573,2025-02-04,07:00:00,08:00:00,37,APROBADA
472c55fb-fb3b-54dc-afc2-51e67d368bd5,6903b35b-c2a6-5770-98e5-743c2bc06b45,2024-10-24,11:00:00,12:00:00,25,APROBADA
b93ecbf5-9de3-568f-b9f8-93117b0e3328,0880d439-8834-59c1-bfce-e7f3da722b3f,2024-11-12,12:00:00,13:30:00,42,APROBADA
66a41c64-aaf2-5eca-b9c6-af83994b67e4,d7ce39c6-be5b-537a-ae81-d449a1710ff2,2024-10-12,16:30:00,18:30:00,32,APROBADA
abc6fb26-0a8b-5718-9c75-0a224b2a0a57,6c814918-8ba0-52cc-9377-6d60b7946f8b,2025-05-25,11:00:00,14:00:00,26,APROBADA
de72765c-23c9-5e58-a0d9-83d5e946bc72,aad269e7-97f7-5e2d-9c43-cf84b49bd847,2025-01-08,08:30:00,11:30:00,28,APROBADA
3e8352f8-72bf-58fa-bfb6-9fcff25fbce8,d7ce39c6-be5b-537a-ae81-d449a1710ff2,2024-07-30,12:30:00,14:00:00,35,APROBADA
b2380350-7496-5c00-9500-8942fe7277f1,f5e43a2a-032c-562e-837a-ff3c72abffb4,2025-05-14,15:30:00,17:00:00,29,APROBADA
0f8f29b9-f68f-589e-8956-4a6b1875c686,6903b35b-c2a6-5770-98e5-743c2bc06b45,2024-11-22,12:30:00,14:00:00,36,APROBADA
60b446ca-9e9b-56ea-8869-1bae43d7fd20,aad269e7-97f7-5e2d-9c43-cf84b49bd847,2024-12-28,09:30:00,12:30:00,25,APROBADA
7caa963f-97bb-551f-a890-d64b410de14f,b46607fb-d28f-5c06-a3a8-091cb9d995ec,2024-12-16,17:30:00,20:30:00,26,APROBADA
c66f4dff-a62a-5046-9014-80925fca1d2b,7bcb3d0c-2500-5f01-abe8-d24e962af50e,2024-07-30,11:00:00,13:00:00,29,APROBADA
477bc821-b065-5d02-ae02-d6100e10c602,10225e74-7c22-5384-8cdc-396a168ec651,2025-02-18,09:00:00,10:00:00,28,APROBADA
1ed03323-39c8-5867-afc2-ea70d603c8e2,ef815f08-b586-5f03-964a-a08004eaebf3,2024-11-05,14:30:00,17:30:00,26,APROBADA
767b59e9-c4a0-5f96-b5f3-e5a5c70d3fe3,a22ee2bf-332c-5ac1-ae12-28ce7b0033a1,2025-04-08,14:00:00,16:00:00,26,APROBADA
3163c812-394e-584a-8d99-cbaa3dd52b8e,f5e43a2a-032c-562e-837a-ff3c72abffb4,2025-06-05,12:30:00,13:30:00,27,APROBADA
2ca69511-852e-562c-b475-040468d263f7,8fd4b53b-1d49-5307-8a1a-e184999a4434,2025-05-04,13:00:00,15:00:00,31,APROBADA
80b21002-7415-59c0-bb12-6fd6cbef4e8a,6903b35b-c2a6-5770-98e5-743c2bc06b45,2024-08-21,11:30:00,14:30:00,36,APROBADA
3c156154-a199-5235-bde6-84d456e48382,1a0b71d7-4721-5998-bd82-de26b25b5771,2025-01-03,15:30:00,16:30:00,41,APROBADA
fa9c1c7a-25b8-566a-91d1-533f8482979e,1dee66e3-0076-5033-8ba0-70dd67e8aea0,2024-07-21,08:00:00,09:30:00,31,APROBADA
c05876ca-6dd1-5d85-835c-35240268afc5,8fd4b53b-1d49-5307-8a1a-e184999a4434,2025-03-01,08:30:00,11:30:00,36,APROBADA
535fccf0-57d5-57fe-b97d-1fdae238f1e3,8fd4b53b-1d49-5307-8a1a-e184999a4434,2024-09-24,10:00:00,11:30:00,29,APROBADA
7f7bed77-1add-5a48-b5df-e1857eb25a8a,ef815f08-b586-5f03-964a-a08004eaebf3,2025-01-30,08:00:00,11:00:00,34,APROBADA
dcb5dbda-d62e-5145-81d2-06208c152d17,c1489a8f-1dff-511e-b025-5a10261901d7,2024-07-28,13:00:00,15:00:00,28,APROBADA
79c5c512-df5a-5b71-80c9-85330e5567b1,1dee66e3-0076-5033-8ba0-70dd67e8aea0,2025-02-25,07:00:00,08:30:00,38,APROBADA
579d914e-e2b6-56c9-9bae-e116c8f1d632,10225e74-7c22-5384-8cdc-396a168ec651,2024-12-18,13:00:00,14:30:00,33,APROBADA
5c4bb3a6-8351-549f-9e6e-4ef088422373,0880d439-8834-59c1-bfce-e7f3da722b3f,2024-11-03,19:00:00,20:30:00,26,APROBADA
5b549279-d4ea-5648-b5ad-d5d155ea63e7,d7ce39c6-be5b-537a-ae81-d449a1710ff2,2024-12-13,16:00:00,17:00:00,35,APROBADA
1a5357c7-000a-5b95-8467-5fbf44a4408f,c1489a8f-1dff-511e-b025-5a10261901d7,2025-05-03,14:30:00,17:30:00,30,APROBADA
4234e601-dd1f-5bcf-9f35-663702e8d5c1,8fd4b53b-1d49-5307-8a1a-e184999a4434,2025-04-07,07:00:00,09:00:00,35,APROBADA
9518470e-4ecd-5375-bbd3-f2e8caa2445a,1a0b71d7-4721-5998-bd82-de26b25b5771,2024-11-14,11:00:00,14:00:00,45,APROBADA
d597ca04-759b-5529-9751-f86abf929041,1dee66e3-0076-5033-8ba0-70dd67e8aea0,2025-05-06,18:30:00,19:30:00,37,APROBADA
806b0ea3-a9a4-5a47-a568-9eed83033052,a40fe9f0-87fa-5853-968f-5cedd5939e8a,2024-08-08,07:00:00,08:00:00,30,APROBADA
37474970-9f70-5767-bad4-be0886431f51,d7ce39c6-be5b-537a-ae81-d449a1710ff2,2025-03-28,17:30:00,19:00:00,26,APROBADA
a537ab36-9e0c-59c8-a2cd-b0d222a71f16,4b4a10f4-36fa-5109-bc5d-14e24370c164,2025-02-17,19:00:00,22:00:00,32,APROBADA
0706d070-c40e-551b-ab0a-382e435d168d,6d481120-dab0-50c8-8f1b-33cf911e9573,2024-07-01,09:30:00,10:30:00,37,APROBADA
0a761b01-31ff-57dd-acbe-87a18bd4397f,1a0b71d7-4721-5998-bd82-de26b25b5771,2025-06-25,11:30:00,14:30:00,33,APROBADA
34fd6bda-1c09-5e19-9fda-06cf3297602f,e5da4cff-29aa-5f05-8532-70f093603e74,2025-01-23,18:00:00,20:00:00,35,APROBADA
6de8318f-6ed5-56ab-a048-2a1dcf699699,1dee66e3-0076-5033-8ba0-70dd67e8aea0,2024-07-30,08:00:00,09:00:00,40,APROBADA
9297f173-c673-5f95-adf2-d23848b9be8c,a40fe9f0-87fa-5853-968f-5cedd5939e8a,2025-06-15,17:00:00,20:00:00,31,APROBADA
9be729c4-3b00-527f-bd7e-721587b40d63,eb4139b4-3715-5623-a990-d045271440a9,2024-08-23,12:00:00,13:30:00,32,APROBADA
d32a14f3-a472-5d57-adcc-37ca922a0e4b,7d424b25-0f98-5f10-b2a8-ed9ddcd33e7a,2025-02-13,18:30:00,21:30:00,30,APROBADA
83573eb9-cc06-550e-a1ce-d7e842aaba28,ef815f08-b586-5f03-964a-a08004eaebf3,2024-10-28,13:00:00,15:00:00,31,APROBADA
426d5f92-a406-5531-aa71-37c5fdcaa164,45b00d8f-2f79-52ba-8b17-e7d6ee0b476f,2024-11-20,16:30:00,17:30:00,31,APROBADA
b1822dd3-dab1-51f8-89fd-e4507145ea23,10225e74-7c22-5384-8cdc-396a168ec651,2024-10-10,09:30:00,12:30:00,32,APROBADA
a1582d37-3195-5979-8326-93f10078fb28,e5da4cff-29aa-5f05-8532-70f093603e74,2025-01-16,09:30:00,11:00:00,25,APROBADA
009c65ef-c0a0-5a9a-b99c-20ec378685c0,e5da4cff-29aa-5f05-8532-70f093603e74,2024-11-15,10:00:00,11:00:00,34,APROBADA
e39bcd39-c17a-5e0c-aa07-0bb964fe4773,45b00d8f-2f79-52ba-8b17-e7d6ee0b476f,2024-10-12,09:30:00,11:00:00,30,APROBADA
fbe43f5b-8035-5856-b8e9-e73ffa316356,0880d439-8834-59c1-bfce-e7f3da722b3f,2025-05-09,09:00:00,11:00:00,37,APROBADA
a7c9bb88-a20e-5ee5-8bd8-b44744309264,f5e43a2a-032c-562e-837a-ff3c72abffb4,2024-10-18,09:00:00,11:00:00,29,APROBADA
2e72fc01-71ea-56fd-95d8-a4a1137f8292,23c254ed-4635-5cec-baa9-656efa7fd130,2024-09-17,14:00:00,17:00:00,26,APROBADA
597ac8b4-e63e-5587-9acc-c14e799f4de3,05a1191e-b84b-597d-b970-b04889cc30ee,2025-03-11,11:30:00,13:30:00,29,APROBADA
1e88efe3-0bde-5a98-9c19-e8131745a348,ef815f08-b586-5f03-964a-a08004eaebf3,2024-09-01,08:00:00,09:30:00,33,APROBADA
79a9850b-bfff-58f7-a10a-33e0a42225b2,b46607fb-d28f-5c06-a3a8-091cb9d995ec,2024-09-16,07:30:00,08:30:00,34,APROBADA
a9c3199c-38de-577e-bef0-77493c69482b,1a0b71d7-4721-5998-bd82-de26b25b5771,2024-07-04,12:30:00,15:30:00,41,APROBADA
6bbe7e9d-3b79-5102-b1c8-0adeadc3cb08,1a0b71d7-4721-5998-bd82-de26b25b5771,2024-12-17,18:00:00,19:30:00,27,APROBADA
d8574882-3352-5bd1-8768-ebc8c2ae5965,1a0b71d7-4721-5998-bd82-de26b25b5771,2024-09-15,09:00:00,11:00:00,39,APROBADA
4bc31354-38cd-5570-9643-b77fdca27b7f,f5e43a2a-032c-562e-837a-ff3c72abffb4,2024-12-08,07:00:00,09:00:00,26,APROBADA
e3e62727-92b2-5650-bad0-ddec64543b17,ef815f08-b586-5f03-964a-a08004eaebf3,2024-10-06,18:00:00,19:30:00,26,APROBADA
36f575df-13c0-579a-9458-06e857c8ad57,6c814918-8ba0-52cc-9377-6d60b7946f8b,2024-11-23,14:30:00,17:30:00,40,APROBADA
1d75879f-701f-5dc9-83b3-1fa80b458495,6d481120-dab0-50c8-8f1b-33cf911e9573,2025-06-29,14:00:00,16:00:00,34,APROBADA
fcc6ac5a-ed46-5808-a61a-211b76195f82,0880d439-8834-59c1-bfce-e7f3da722b3f,2024-07-20,16:00:00,17:00:00,27,APROBADA
8f0afd7f-1d60-5a7d-8eb3-484a9be623ed,1a0b71d7-4721-5998-bd82-de26b25b5771,2024-12-14,09:30:00,11:00:00,27,APROBADA
177f021b-1463-5d80-997e-479d36f4e34b,a22ee2bf-332c-5ac1-ae12-28ce7b0033a1,2024-12-24,12:00:00,13:00:00,29,APROBADA
a2b95a72-236a-51af-ad72-e55614856d0d,8fd4b53b-1d49-5307-8a1a-e184999a4434,2025-06-08,11:00:00,12:00:00,30,APROBADA
97d86a8b-4f27-5779-9d32-171ac37d027b,8fd4b53b-1d49-5307-8a1a-e184999a4434,2024-08-23,08:30:00,11:30:00,38,APROBADA
b6b92df3-3e7e-5b43-bbd0-e73404d206bb,a22ee2bf-332c-5ac1-ae12-28ce7b0033a1,2025-02-13,08:30:00,11:30:00,25,APROBADA
1a1ff605-ff89-5d99-87e8-6342e2cc1d76,ef815f08-b586-5f03-964a-a08004eaebf3,2024-11-21,09:30:00,11:30:00,35,APROBADA
0fa16a87-1574-5b42-84f8-19fafa0dbf43,0880d439-8834-59c1-bfce-e7f3da722b3f,2024-11-27,15:30:00,18:30:00,41,APROBADA
90c918d6-b653-5b95-9132-914bc8188ed7,eb4139b4-3715-5623-a990-d045271440a9,2024-09-12,09:00:00,10:00:00,26,APROBADA
8d0128c9-e00b-5915-bc2d-7020148f2e23,45b00d8f-2f79-52ba-8b17-e7d6ee0b476f,2024-08-15,09:00:00,11:00:00,34,APROBADA
1d3f283e-bfe0-5b41-bfbc-b779d08f177c,8fd4b53b-1d49-5307-8a1a-e184999a4434,2024-11-03,07:30:00,08:30:00,39,APROBADA
a4e1af0d-9e9a-5740-8e98-c3397162ce41,da1fe6a7-058c-5ad3-a10e-f529804a44b5,2024-07-14,18:00:00,20:00:00,27,APROBADA
8dfc72c7-4260-5865-840b-ae9a801f838b,ef815f08-b586-5f03-964a-a08004eaebf3,2025-01-11,08:00:00,11:00:00,35,APROBADA
ca504120-e074-5522-9192-159a5636136a,d056b3a8-8204-507a-b6c1-1f1203a87651,2024-12-05,16:00:00,19:00:00,29,APROBADA
a51b66f9-d82a-5862-9ca1-3bdc452e156a,e5da4cff-29aa-5f05-8532-70f093603e74,2024-09-24,18:00:00,20:00:00,26,APROBADA
fe5b7eaa-6327-5868-a3d6-489ac5f57e05,eb4139b4-3715-5623-a990-d045271440a9,2025-02-25,07:00:00,08:30:00,28,APROBADA
16b2c981-3ba5-5009-a16a-cc86c688529a,eb4139b4-3715-5623-a990-d045271440a9,2025-06-23,10:00:00,12:00:00,29,APROBADA
136c796f-7361-5bd9-ad37-966a3e3a584f,05a1191e-b84b-597d-b970-b04889cc30ee,2025-02-01,13:00:00,16:00:00,33,APROBADA
50f3d3e0-daed-53dd-917c-2ce9cfacb2cc,4b4a10f4-36fa-5109-bc5d-14e24370c164,2025-01-27,07:00:00,08:00:00,25,APROBADA
12ca8702-bd80-51da-b5b4-df78053b3ad1,da1fe6a7-058c-5ad3-a10e-f529804a44b5,2024-09-25,10:00:00,13:00:00,28,APROBADA
9846235c-1519-53c3-8423-4d6616e05a40,2574a671-d58d-5db3-8c9f-2518d8a8d790,2025-02-02,10:00:00,11:30:00,35,APROBADA
c0120296-1d31-5d3a-99c8-08a0697768eb,7bcb3d0c-2500-5f01-abe8-d24e962af50e,2025-03-19,11:30:00,14:30:00,27,APROBADA
b01b06b0-563e-5c28-904e-82bf685cc6e6,7d424b25-0f98-5f10-b2a8-ed9ddcd33e7a,2024-07-23,07:00:00,09:00:00,30,APROBADA
58dec00b-4b3e-5f7e-8dd2-f56ae8af159f,6d481120-dab0-50c8-8f1b-33cf911e9573,2024-12-17,08:30:00,11:30:00,25,APROBADA
621a33f0-552c-5198-8fd1-568dc9116e08,a22ee2bf-332c-5ac1-ae12-28ce7b0033a1,2024-09-01,18:30:00,20:30:00,26,APROBADA
a492750f-2174-5d93-a7d6-60977e1b8547,7bcb3d0c-2500-5f01-abe8-d24e962af50e,2025-04-28,19:00:00,21:00:00,32,APROBADA
fad6a50e-2693-5347-96ed-cd30a35c60bc,1dee66e3-0076-5033-8ba0-70dd67e8aea0,2024-09-19,13:00:00,14:30:00,27,APROBADA
8d45a7c7-9d9a-56cd-9c3b-0c5d070d31fa,a40fe9f0-87fa-5853-968f-5cedd5939e8a,2025-05-10,13:30:00,14:30:00,26,APROBADA
77001e43-8bc6-57c4-8a6c-c43c1f1ee745,da1fe6a7-058c-5ad3-a10e-f529804a44b5,2024-11-06,19:00:00,21:00:00,36,APROBADA
d0431b59-f4b6-5a77-8104-1217940f3514,6c814918-8ba0-52cc-9377-6d60b7946f8b,2025-02-14,13:00:00,14:30:00,38,APROBADA
8e2dee04-48da-54fc-a3e0-4fbbe1c788f7,1a0b71d7-4721-5998-bd82-de26b25b5771,2025-02-07,07:00:00,10:00:00,42,APROBADA
5ccaf3a0-d576-5595-81c3-7930fdb98d9f,e5da4cff-29aa-5f05-8532-70f093603e74,2025-04-12,09:00:00,12:00:00,34,APROBADA
131665c7-2c63-5ebe-acea-e4b725bcf6b8,aad269e7-97f7-5e2d-9c43-cf84b49bd847,2024-07-12,10:30:00,12:00:00,28,APROBADA
562958a2-cf58-521b-95bb-6736e150addf,45b00d8f-2f79-52ba-8b17-e7d6ee0b476f,2024-09-04,08:00:00,09:00:00,29,APROBADA
fc488020-0dfe-5e6c-9557-ac1d03507237,b46607fb-d28f-5c06-a3a8-091cb9d995ec,2025-02-11,08:30:00,09:30:00,39,APROBADA
15c981b5-a6c7-5442-911f-b53f0493741e,7d424b25-0f98-5f10-b2a8-ed9ddcd33e7a,2025-03-07,18:00:00,19:30:00,26,APROBADA
a60e4fab-c5eb-57a5-963b-aa0bb081bb8c,8fd4b53b-1d49-5307-8a1a-e184999a4434,2025-03-27,09:30:00,11:00:00,35,APROBADA
5066d4c5-6a82-5be3-a9e8-ec52006aff91,ef815f08-b586-5f03-964a-a08004eaebf3,2024-08-17,13:00:00,15:00:00,33,APROBADA
7c9e29f7-ac45-5b15-91a1-864a8975d0dc,d76d770e-14c2-5fea-bf8b-28f95250e124,2024-07-01,10:30:00,12:30:00,40,APROBADA
4fd522de-cb83-5c20-9a49-b60f319a5ec8,1a0b71d7-4721-5998-bd82-de26b25b5771,2025-06-07,12:00:00,15:00:00,28,APROBADA
97d53301-86bf-5ecc-ae0d-bf77b6159390,ef815f08-b586-5f03-964a-a08004eaebf3,2024-07-31,12:00:00,13:00:00,31,APROBADA
05ab6517-5eb0-5ecb-b790-1fffddfab044,d76d770e-14c2-5fea-bf8b-28f95250e124,2025-02-20,18:00:00,21:00:00,38,APROBADA
8dee7d45-8fee-5ee9-8fef-e3389d4f6e33,6d481120-dab0-50c8-8f1b-33cf911e9573,2025-01-30,14:30:00,17:30:00,33,APROBADA
43ad8da3-dce2-542e-a5d0-91c305cfcf1e,da1fe6a7-058c-5ad3-a10e-f529804a44b5,2025-06-23,07:00:00,08:00:00,26,APROBADA
02a79ba1-e01c-59ca-a4f0-e0fab6f2d08c,1a0b71d7-4721-5998-bd82-de26b25b5771,2025-04-27,12:30:00,13:30:00,44,APROBADA
ff6a7b7f-dded-56cc-882c-87e70932a1fb,4b4a10f4-36fa-5109-bc5d-14e24370c164,2025-04-22,15:00:00,17:00:00,28,APROBADA
72557177-af86-5ea6-a06b-e701206b1f38,a40fe9f0-87fa-5853-968f-5cedd5939e8a,2025-01-18,16:30:00,18:30:00,25,APROBADA
d2a1d3b7-34ee-5cd3-b1ee-5348eff64855,45b00d8f-2f79-52ba-8b17-e7d6ee0b476f,2024-10-25,14:30:00,15:30:00,28,APROBADA
a498982e-48f9-581f-9a34-8c8fd9607bff,da1fe6a7-058c-5ad3-a10e-f529804a44b5,2025-03-30,16:00:00,17:30:00,34,APROBADA
3fc131d1-5e7f-5169-8b80-450f79c7a838,1a0b71d7-4721-5998-bd82-de26b25b5771,2024-09-17,11:30:00,13:30:00,41,APROBADA
af363ff3-14d6-5c9b-b545-bec1c9e06df1,d7ce39c6-be5b-537a-ae81-d449a1710ff2,2024-11-18,16:30:00,18:30:00,29,APROBADA
c6a7d8e7-3ba5-5b6c-81c2-17dd9f905b47,d76d770e-14c2-5fea-bf8b-28f95250e124,2025-01-08,11:00:00,14:00:00,38,APROBADA
c0e96406-5e6c-5d69-acb2-ee5a2b26d565,7d424b25-0f98-5f10-b2a8-ed9ddcd33e7a,2025-04-24,17:00:00,20:00:00,34,APROBADA
f8aa9502-1430-581a-9419-ffe068d021c8,10225e74-7c22-5384-8cdc-396a168ec651,2025-05-13,09:30:00,12:30:00,34,APROBADA
97451d95-5ff2-5c0f-8594-c4191f24d46b,c1489a8f-1dff-511e-b025-5a10261901d7,2025-06-10,17:00:00,19:00:00,28,APROBADA
85a175f9-26ad-541c-ba79-3399e8e26244,8fd4b53b-1d49-5307-8a1a-e184999a4434,2025-06-16,11:30:00,12:30:00,34,APROBADA
fbfebf3d-c03b-5769-a9a5-2e9f0f8aa23b,6c814918-8ba0-52cc-9377-6d60b7946f8b,2025-03-20,18:30:00,19:30:00,34,APROBADA
414d3626-e4a2-5da5-b075-a9e7a12b3f6d,0880d439-8834-59c1-bfce-e7f3da722b3f,2025-06-18,07:30:00,10:30:00,41,APROBADA
bc3baecc-1fa9-5dd9-b86a-983ff99b2c19,05a1191e-b84b-597d-b970-b04889cc30ee,2024-11-25,11:30:00,12:30:00,36,APROBADA
18e7ba35-aabb-5b18-a0cf-a3bc9cd95038,7d424b25-0f98-5f10-b2a8-ed9ddcd33e7a,2024-12-13,15:30:00,17:30:00,31,APROBADA
ea934c48-c3f9-5b95-9dc7-d53ac01883e3,d7ce39c6-be5b-537a-ae81-d449a1710ff2,2025-03-11,19:00:00,21:00:00,31,APROBADA
9951bbe4-ac39-5d94-bfba-3083a461262f,6c814918-8ba0-52cc-9377-6d60b7946f8b,2025-05-08,15:30:00,17:00:00,33,APROBADA
ee1a8ba2-8ac0-5d6d-94d4-d786b9125f12,6d481120-dab0-50c8-8f1b-33cf911e9573,2025-06-30,07:30:00,09:30:00,30,APROBADA
169be471-05ce-5bc0-9eeb-a94b5f84fbd7,b46607fb-d28f-5c06-a3a8-091cb9d995ec,2024-11-05,16:00:00,19:00:00,26,APROBADA
de67f53d-2cb9-5dde-8ab9-d358f6a2a142,d76d770e-14c2-5fea-bf8b-28f95250e124,2024-09-05,18:00:00,20:00:00,26,APROBADA
5ff42ada-af6b-515f-b396-8cf1514f38b5,0880d439-8834-59c1-bfce-e7f3da722b3f,2025-03-17,13:00:00,14:00:00,29,APROBADA
69963254-f7c7-546c-be44-8cade0110a52,b8969593-19a7-5a43-84c0-d52e63ac0cb4,2025-03-15,10:00:00,11:30:00,26,APROBADA
00c7a540-51e7-5159-8657-c3a3e3da480e,e5da4cff-29aa-5f05-8532-70f093603e74,2025-01-17,15:30:00,17:30:00,26,APROBADA
a10cd7b6-c4dd-505d-8b12-1dfea29be3fc,6d481120-dab0-50c8-8f1b-33cf911e9573,2024-12-26,12:30:00,15:30:00,39,APROBADA
ce599510-4f81-52eb-b9c5-104d3e364c21,d056b3a8-8204-507a-b6c1-1f1203a87651,2024-09-05,14:30:00,16:30:00,32,APROBADA
0c8ca4aa-ce43-57a3-84a3-464e1cac2950,f5e43a2a-032c-562e-837a-ff3c72abffb4,2024-09-23,10:00:00,11:00:00,28,APROBADA
4df6b750-95bc-51cf-9416-42a083978401,eb4139b4-3715-5623-a990-d045271440a9,2025-03-30,09:30:00,11:00:00,25,APROBADA
14301cda-2522-531c-9f50-c5cf0cf86f1b,7d424b25-0f98-5f10-b2a8-ed9ddcd33e7a,2025-05-24,13:30:00,16:30:00,35,APROBADA
8bce31f5-e544-5d9e-ad13-304150ab4f3a,d7ce39c6-be5b-537a-ae81-d449a1710ff2,2024-11-02,13:00:00,14:30:00,27,APROBADA
dcb98093-4759-54ea-ad8d-ab5a39dba0f2,d056b3a8-8204-507a-b6c1-1f1203a87651,2024-11-14,14:30:00,17:30:00,31,APROBADA
4459bc5f-a480-518e-8a4a-4adcc4ee8a6e,706ea773-fd09-5587-a465-302616f9d571,2024-07-29,10:00:00,13:00:00,25,APROBADA
45a771e7-185f-59a9-8a20-3ccc6338701c,b46607fb-d28f-5c06-a3a8-091cb9d995ec,2024-09-02,17:00:00,18:30:00,35,APROBADA
ccf0dbde-d116-55b3-9534-64b304a81164,6c814918-8ba0-52cc-9377-6d60b7946f8b,2025-02-19,11:00:00,13:00:00,38,APROBADA
8ee23644-607f-5fcf-8e73-e846acfbfe0a,6d481120-dab0-50c8-8f1b-33cf911e9573,2025-04-26,15:30:00,16:30:00,37,APROBADA
36866025-6599-523c-b711-8fdd16ad86ce,dd609563-702d-543d-a49a-0ce27a83f234,2024-09-25,08:00:00,09:30:00,27,APROBADA
bb79c646-fdb3-5538-91ea-f77ce45ee48e,0880d439-8834-59c1-bfce-e7f3da722b3f,2025-03-29,12:30:00,13:30:00,29,APROBADA
ac1d83e6-2faf-5c83-8e56-e85c99028e96,05a1191e-b84b-597d-b970-b04889cc30ee,2025-02-02,15:30:00,17:00:00,31,APROBADA
20e6e466-8556-51a5-87f2-7925f5e8906a,a40fe9f0-87fa-5853-968f-5cedd5939e8a,2025-05-14,15:00:00,16:00:00,25,APROBADA
3e3f9218-2433-55ca-a3e2-cd3165ec08c2,aad269e7-97f7-5e2d-9c43-cf84b49bd847,2025-03-01,18:30:00,20:30:00,29,APROBADA
c3743c0b-4481-53f5-9f8a-f4b168e1d6b6,7d424b25-0f98-5f10-b2a8-ed9ddcd33e7a,2024-10-21,15:00:00,17:00:00,30,APROBADA
32c77e11-593e-5786-b5a1-b89c6aa276fe,1a0b71d7-4721-5998-bd82-de26b25b5771,2025-04-16,08:00:00,11:00:00,27,APROBADA
6b2b6897-2fcb-5249-92c6-03c919b213aa,b46607fb-d28f-5c06-a3a8-091cb9d995ec,2025-05-21,17:00:00,20:00:00,30,APROBADA
6ac5016f-56b0-50f1-bc67-becae1a99bb1,23c254ed-4635-5cec-baa9-656efa7fd130,2024-10-29,10:30:00,12:30:00,30,APROBADA
07cb8747-08a6-52e2-96f3-8104b74663b9,d76d770e-14c2-5fea-bf8b-28f95250e124,2024-12-08,16:00:00,18:00:00,33,APROBADA
56cbe821-f255-500a-b81a-279a0b0e3f71,8fd4b53b-1d49-5307-8a1a-e184999a4434,2024-07-08,11:30:00,14:30:00,38,APROBADA
81479e32-4c9d-5fe6-a94a-ae22ddaf7c11,2574a671-d58d-5db3-8c9f-2518d8a8d790,2025-06-27,08:00:00,09:30:00,31,APROBADA
96d10d60-b3c1-508d-b535-f89fa5c341f9,1dee66e3-0076-5033-8ba0-70dd67e8aea0,2025-02-04,18:00:00,21:00:00,38,APROBADA
c790dc09-7bbf-556b-bbb2-097c7b47250e,dd609563-702d-543d-a49a-0ce27a83f234,2025-01-28,19:00:00,21:00:00,33,APROBADA
b8ed807c-8624-5a66-9c54-a370a8153fd9,aad269e7-97f7-5e2d-9c43-cf84b49bd847,2025-05-02,14:30:00,17:30:00,26,APROBADA
94007910-a8bd-5b38-a593-6a8a8dee58f4,6d481120-dab0-50c8-8f1b-33cf911e9573,2024-12-07,18:30:00,20:30:00,45,APROBADA
55ef04a1-1b56-57cc-8098-34e035e19ed5,ef815f08-b586-5f03-964a-a08004eaebf3,2024-07-05,13:30:00,15:00:00,32,APROBADA
12cd8af2-93a2-56e8-adfd-c1f3555c2a1b,7bcb3d0c-2500-5f01-abe8-d24e962af50e,2024-10-12,11:30:00,13:00:00,30,APROBADA
b8182fc9-2b74-569a-a7b8-f5eea83373c9,d76d770e-14c2-5fea-bf8b-28f95250e124,2024-10-04,07:30:00,08:30:00,40,APROBADA
3d46bf1e-7a84-5d9d-88ef-ec29ef63a679,d7ce39c6-be5b-537a-ae81-d449a1710ff2,2025-02-05,12:30:00,14:00:00,31,APROBADA
f7e1e763-0a2d-5c99-b657-c5928c2e71dd,aad269e7-97f7-5e2d-9c43-cf84b49bd847,2024-11-18,18:00:00,19:00:00,26,APROBADA
3094b4a1-4721-5f05-8ae7-74bfd77347f5,0880d439-8834-59c1-bfce-e7f3da722b3f,2024-09-01,08:30:00,10:00:00,45,APROBADA
c30b8420-6b08-5746-a8d4-ef50135d3858,6903b35b-c2a6-5770-98e5-743c2bc06b45,2025-01-31,08:00:00,10:00:00,30,APROBADA
0cd251b0-2ab6-5186-8d3e-cc50e59778cd,05a1191e-b84b-597d-b970-b04889cc30ee,2025-04-12,07:30:00,09:00:00,29,APROBADA
3064f42b-3009-55c6-a051-9ab7baf4c5b0,ef815f08-b586-5f03-964a-a08004eaebf3,2025-05-16,17:00:00,18:30:00,27,APROBADA
023d7f6a-73d4-593f-99e2-7c0d5351e382,a22ee2bf-332c-5ac1-ae12-28ce7b0033a1,2025-01-03,17:00:00,19:00:00,36,APROBADA
904a67d9-fc01-550c-8800-d7bde9904683,f5e43a2a-032c-562e-837a-ff3c72abffb4,2024-08-09,16:30:00,17:30:00,30,APROBADA
f65782a1-768a-5b4b-aa8a-729c961a969c,0880d439-8834-59c1-bfce-e7f3da722b3f,2024-09-11,08:30:00,10:00:00,38,APROBADA
9ab1feae-50b3-598d-a7bf-47b2391af57f,ef815f08-b586-5f03-964a-a08004eaebf3,2024-09-04,11:00:00,12:30:00,36,APROBADA
76eb5051-9a35-599e-b387-971d4c8dd8b4,6d481120-dab0-50c8-8f1b-33cf911e9573,2025-03-03,14:30:00,15:30:00,25,APROBADA
c6ee0dcc-6b22-5a82-8c1b-4d843e800507,da1fe6a7-058c-5ad3-a10e-f529804a44b5,2025-01-25,07:00:00,08:00:00,26,APROBADA
233d93ec-126c-5fb0-a08f-a755eb952167,b46607fb-d28f-5c06-a3a8-091cb9d995ec,2025-06-02,11:30:00,13:00:00,33,APROBADA
25383a45-a901-5fcd-90ab-1ca5ef3c812e,dd609563-702d-543d-a49a-0ce27a83f234,2024-09-17,07:00:00,10:00:00,25,APROBADA
dacbe1cf-d473-5e30-930f-5988770bd5c0,6d481120-dab0-50c8-8f1b-33cf911e9573,2025-02-18,14:00:00,17:00:00,32,APROBADA
bac57240-90f8-5b73-bfaa-ac81956b18f8,c1489a8f-1dff-511e-b025-5a10261901d7,2025-01-15,13:30:00,15:30:00,31,APROBADA
6d05618d-4543-534b-8022-50127b0dc43a,da1fe6a7-058c-5ad3-a10e-f529804a44b5,2025-03-01,15:30:00,17:00:00,33,APROBADA
9e7f9056-3c34-586e-91a5-6e8f57ed9907,1dee66e3-0076-5033-8ba0-70dd67e8aea0,2025-04-11,10:30:00,11:30:00,42,APROBADA
662ccb95-5a93-5d0e-a48e-5e31c90898e4,e5da4cff-29aa-5f05-8532-70f093603e74,2024-10-27,10:30:00,12:30:00,38,APROBADA
8a3afdb7-3dc5-59e7-8303-b15cfc296dbd,23c254ed-4635-5cec-baa9-656efa7fd130,2025-03-22,10:30:00,12:00:00,25,APROBADA
22ae3798-c5d8-5bb9-8001-a63172f0b10c,10225e74-7c22-5384-8cdc-396a168ec651,2025-06-04,15:30:00,17:30:00,35,APROBADA
15d735c6-3026-58e5-a5b4-d03cbab2d58d,1dee66e3-0076-5033-8ba0-70dd67e8aea0,2025-03-05,08:30:00,11:30:00,28,APROBADA
95b9a402-fc6d-5061-b2b6-ed240d54ee55,b46607fb-d28f-5c06-a3a8-091cb9d995ec,2025-02-04,17:00:00,19:00:00,27,APROBADA
6d34bdc1-d50f-56a0-826d-af408106147e,da1fe6a7-058c-5ad3-a10e-f529804a44b5,2024-10-12,09:00:00,10:00:00,32,APROBADA
8132f655-159e-58ae-9dc1-9637d13e792d,d7ce39c6-be5b-537a-ae81-d449a1710ff2,2024-07-16,15:30:00,18:30:00,38,APROBADA
37af9922-dedf-5873-8f29-a14bd002868b,2574a671-d58d-5db3-8c9f-2518d8a8d790,2025-02-03,07:30:00,09:30:00,40,APROBADA
a60d314f-717e-5832-807f-27741fe5fdd1,1dee66e3-0076-5033-8ba0-70dd67e8aea0,2024-11-02,11:00:00,12:30:00,34,APROBADA
8f9e3e91-4bbf-5536-8328-e6c3e4332c0a,b46607fb-d28f-5c06-a3a8-091cb9d995ec,2024-11-02,15:00:00,16:00:00,32,APROBADA
11ddd75a-930c-5e77-89f7-1d17d18a9ea3,10225e74-7c22-5384-8cdc-396a168ec651,2024-09-26,19:00:00,20:30:00,32,APROBADA
ac5858c3-fbbc-5173-8689-adcf910113c4,6c814918-8ba0-52cc-9377-6d60b7946f8b,2025-03-06,15:00:00,16:00:00,36,APROBADA
0e8309f1-bb6e-5d03-8c05-fef2faee3502,6d481120-dab0-50c8-8f1b-33cf911e9573,2025-05-15,07:00:00,08:00:00,30,APROBADA
c296543a-123b-5117-83d5-79496889d783,706ea773-fd09-5587-a465-302616f9d571,2025-05-29,07:00:00,10:00:00,27,APROBADA
4552f5fe-7ad0-544d-b175-12cdc8d5fa81,b46607fb-d28f-5c06-a3a8-091cb9d995ec,2024-07-21,14:00:00,15:30:00,39,APROBADA
acaa38c7-d5ae-5be8-bcf2-9eafbc7f35d6,eb4139b4-3715-5623-a990-d045271440a9,2024-08-01,12:30:00,15:30:00,32,APROBADA
a10561f8-2a4b-588c-8334-bc5c66212b6c,1a0b71d7-4721-5998-bd82-de26b25b5771,2025-03-04,18:30:00,19:30:00,35,APROBADA
33276d3b-fdc0-5ff9-9a07-32c4d9fd3167,10225e74-7c22-5384-8cdc-396a168ec651,2025-04-08,07:30:00,09:30:00,29,APROBADA
91fd9f5d-1dea-5e4f-bece-29e535ed4bea,1a0b71d7-4721-5998-bd82-de26b25b5771,2024-08-22,08:00:00,09:00:00,35,APROBADA
bb6faa47-af9e-562f-9554-fd59465f16ff,1dee66e3-0076-5033-8ba0-70dd67e8aea0,2025-04-19,10:30:00,13:30:00,28,APROBADA
ffd220ea-20be-52e4-b414-42f3e1b6abb8,d76d770e-14c2-5fea-bf8b-28f95250e124,2024-08-01,12:00:00,14:00:00,38,APROBADA
1a9a5cd4-1b1d-5b42-80a7-350258a1bcdb,6903b35b-c2a6-5770-98e5-743c2bc06b45,2024-11-20,16:30:00,19:30:00,32,APROBADA
c8235f49-9fe4-5181-a268-cb91658d5573,d7ce39c6-be5b-537a-ae81-d449a1710ff2,2024-08-12,12:30:00,14:30:00,26,APROBADA
409fb4fa-eab7-50ca-92f8-1fc87217a541,da1fe6a7-058c-5ad3-a10e-f529804a44b5,2024-07-26,16:00:00,17:00:00,29,APROBADA
56ce845b-4675-51f1-b343-294b23de64b5,1a0b71d7-4721-5998-bd82-de26b25b5771,2025-05-22,19:00:00,21:00:00,31,APROBADA
2a25e758-5711-56e6-9675-ea139d7f4de0,0880d439-8834-59c1-bfce-e7f3da722b3f,2025-05-06,14:30:00,16:00:00,37,APROBADA
f40c768c-5844-5645-afe8-9cb34f15b145,45b00d8f-2f79-52ba-8b17-e7d6ee0b476f,2025-02-17,15:00:00,18:00:00,31,APROBADA
53b189fb-471c-5433-b80d-abb30bbf8460,10225e74-7c22-5384-8cdc-396a168ec651,2024-09-19,09:00:00,10:30:00,33,APROBADA
5b87930c-0665-59ae-a07b-b94885317563,6c814918-8ba0-52cc-9377-6d60b7946f8b,2025-02-04,11:00:00,13:00:00,26,APROBADA
daf5d1bb-e33a-5a66-b66d-c9b22efa942a,1dee66e3-0076-5033-8ba0-70dd67e8aea0,2024-07-29,17:30:00,20:30:00,34,APROBADA
9298fad4-dc8c-5a01-a495-ee6c61b92653,4b4a10f4-36fa-5109-bc5d-14e24370c164,2024-09-08,19:00:00,20:30:00,28,APROBADA
1daa2003-aa49-5e06-830c-74386b7e0bfe,7d424b25-0f98-5f10-b2a8-ed9ddcd33e7a,2024-10-27,07:00:00,10:00:00,32,APROBADA
c6dd42d6-e4e5-5288-b6cb-2f0c184a95f6,a22ee2bf-332c-5ac1-ae12-28ce7b0033a1,2024-08-24,19:00:00,21:00:00,28,APROBADA
64f4dfba-3ce8-5d06-97b6-fa259498cc97,706ea773-fd09-5587-a465-302616f9d571,2024-12-27,18:30:00,21:30:00,28,APROBADA
6e5abf25-01c4-5d39-8ab4-456cf9885745,706ea773-fd09-5587-a465-302616f9d571,2024-11-24,18:30:00,20:30:00,36,APROBADA
983fca7a-97ee-556f-8c03-3850522d9848,a22ee2bf-332c-5ac1-ae12-28ce7b0033a1,2024-09-25,16:00:00,18:00:00,27,APROBADA
19ed34a4-df96-5e35-8251-83ed5ff3ebb3,706ea773-fd09-5587-a465-302616f9d571,2025-05-31,16:00:00,17:00:00,30,APROBADA
0c77adfd-9fdb-5c9c-8b2e-20d5b9381fcc,eb4139b4-3715-5623-a990-d045271440a9,2024-10-23,13:00:00,15:00:00,30,APROBADA
4fb3428d-4ef1-5af8-ac30-49cec0c10abb,b8969593-19a7-5a43-84c0-d52e63ac0cb4,2025-02-02,09:30:00,11:30:00,29,APROBADA
387c8568-c5cd-5e0d-a157-f0f6daae8fbd,a22ee2bf-332c-5ac1-ae12-28ce7b0033a1,2024-07-25,18:30:00,19:30:00,36,APROBADA
bb5721ec-4b20-5531-ae8b-b03cdc7ed031,6903b35b-c2a6-5770-98e5-743c2bc06b45,2024-08-24,07:00:00,08:30:00,36,APROBADA
13412cb1-b9ed-5287-8a03-f749a0ea4337,1dee66e3-0076-5033-8ba0-70dd67e8aea0,2024-08-05,12:00:00,13:00:00,37,APROBADA
518f45a3-f2f4-5b8b-aff5-7a4abdf72f16,6c814918-8ba0-52cc-9377-6d60b7946f8b,2025-02-24,10:30:00,12:00:00,27,APROBADA
e14f0b90-e7bf-5eae-9cb2-80685607b5af,1dee66e3-0076-5033-8ba0-70dd67e8aea0,2024-08-03,12:30:00,15:30:00,30,APROBADA
6cbfbca3-bcb0-59fc-8b89-f6ca3cf42223,10225e74-7c22-5384-8cdc-396a168ec651,2025-02-14,08:30:00,10:00:00,29,APROBADA
22e32638-d037-5755-b826-962481ef3bf3,d056b3a8-8204-507a-b6c1-1f1203a87651,2024-09-23,13:00:00,14:30:00,26,APROBADA
4ace42e0-fe8e-58d7-950d-34f4a82a98b4,05a1191e-b84b-597d-b970-b04889cc30ee,2025-01-22,19:00:00,20:30:00,30,APROBADA
2d5c5d86-fa0c-5472-abdf-5021f3c87f69,706ea773-fd09-5587-a465-302616f9d571,2025-02-15,15:00:00,16:00:00,31,APROBADA
1364ec3d-db13-554d-bbe8-8c6fdb2783ca,6d481120-dab0-50c8-8f1b-33cf911e9573,2025-04-09,10:30:00,12:00:00,29,APROBADA
14542a60-5345-5187-85d6-1e1c2169b941,b46607fb-d28f-5c06-a3a8-091cb9d995ec,2024-09-10,14:00:00,16:00:00,38,APROBADA
a0f5227d-520e-56bb-b4fe-cfe84b8951d7,05a1191e-b84b-597d-b970-b04889cc30ee,2025-02-25,15:30:00,18:30:00,27,APROBADA
94c0a68e-01b9-5247-9285-98c211aa2295,b46607fb-d28f-5c06-a3a8-091cb9d995ec,2025-05-30,15:00:00,16:00:00,36,APROBADA
cae61671-d2d4-5f7f-9358-efc1cc57c248,da1fe6a7-058c-5ad3-a10e-f529804a44b5,2024-08-26,10:00:00,13:00:00,36,APROBADA
a5193787-90f8-5d75-bc38-67856b490468,1a0b71d7-4721-5998-bd82-de26b25b5771,2025-01-18,16:00:00,17:30:00,37,APROBADA
0a39fbda-8f84-5494-ac67-994edb8d92c9,2574a671-d58d-5db3-8c9f-2518d8a8d790,2024-10-24,13:00:00,16:00:00,39,APROBADA
0716c9ed-3586-50f2-bc93-0d2c59b11fab,45b00d8f-2f79-52ba-8b17-e7d6ee0b476f,2024-12-02,11:00:00,12:00:00,36,APROBADA
3f1796e7-cdb0-5274-890f-ce5b9f1625e2,23c254ed-4635-5cec-baa9-656efa7fd130,2024-08-17,13:00:00,16:00:00,28,APROBADA
b82ff4d9-8f46-5203-ba1e-d2dc3b2046bc,1a0b71d7-4721-5998-bd82-de26b25b5771,2024-10-31,09:00:00,10:30:00,36,APROBADA
1aa7b638-58cf-54df-abd0-960547204d9f,a22ee2bf-332c-5ac1-ae12-28ce7b0033a1,2025-06-24,15:30:00,17:30:00,31,APROBADA
5f11ce28-459a-5660-8479-ba0012d6af20,d76d770e-14c2-5fea-bf8b-28f95250e124,2025-03-29,15:30:00,17:30:00,40,APROBADA
d27eaf30-0e99-5179-a714-723d03e8fd72,d056b3a8-8204-507a-b6c1-1f1203a87651,2024-07-09,11:00:00,13:00:00,28,APROBADA
90a1d9a3-7011-529a-9786-9a90f7e3be0e,a22ee2bf-332c-5ac1-ae12-28ce7b0033a1,2024-09-01,16:00:00,17:30:00,29,APROBADA
9c823704-049a-51d6-a070-f3f7ba5ea17a,ef815f08-b586-5f03-964a-a08004eaebf3,2025-06-16,09:00:00,10:00:00,35,APROBADA
8d75a5b6-2c4e-5358-8a80-166c46ff234e,dd609563-702d-543d-a49a-0ce27a83f234,2025-04-30,07:00:00,08:00:00,29,APROBADA
37f86997-19bb-5f7e-bc47-fb6661bc1d22,2574a671-d58d-5db3-8c9f-2518d8a8d790,2024-10-25,17:00:00,20:00:00,30,APROBADA
f1881e2f-2c5a-5d7b-add8-5de46d2003fe,6903b35b-c2a6-5770-98e5-743c2bc06b45,2025-05-25,18:00:00,20:00:00,32,APROBADA
6483ebb9-5502-588d-96bc-6f7cf3f39df8,d76d770e-14c2-5fea-bf8b-28f95250e124,2024-11-13,11:30:00,14:30:00,37,APROBADA
c739654c-c1f8-5b54-afaf-29644ce8944a,4b4a10f4-36fa-5109-bc5d-14e24370c164,2024-07-14,15:00:00,17:00:00,32,APROBADA
135e938a-561e-5689-95ae-f35b5d89c795,2574a671-d58d-5db3-8c9f-2518d8a8d790,2024-08-20,18:00:00,21:00:00,32,APROBADA
d5758a08-bb52-5c2f-ae99-2328821b4b2f,d7ce39c6-be5b-537a-ae81-d449a1710ff2,2025-01-18,07:30:00,09:30:00,40,APROBADA
5d53a704-4af2-50b7-9b11-46e861547a7a,6d481120-dab0-50c8-8f1b-33cf911e9573,2025-02-17,11:30:00,13:30:00,35,APROBADA
482abac1-baf9-5ee0-a21b-01b689db4e30,05a1191e-b84b-597d-b970-b04889cc30ee,2025-06-04,17:00:00,19:00:00,35,APROBADA
50b3821f-6a76-5564-bf90-bf3db415d5c5,aad269e7-97f7-5e2d-9c43-cf84b49bd847,2024-12-18,15:30:00,17:30:00,28,APROBADA
33309eaa-25a6-5d3a-9865-d74379a74e0d,7bcb3d0c-2500-5f01-abe8-d24e962af50e,2024-07-19,19:00:00,22:00:00,31,APROBADA
e68ea679-9272-5530-a1e0-8be2a140f10d,1a0b71d7-4721-5998-bd82-de26b25b5771,2024-07-31,14:30:00,16:00:00,29,APROBADA
299db3ce-5cb4-5e49-8b8f-7bb864da6dd7,c1489a8f-1dff-511e-b025-5a10261901d7,2025-01-26,07:30:00,09:00:00,26,APROBADA
1884f536-8d03-5f5c-9446-4873fe194d2f,7d424b25-0f98-5f10-b2a8-ed9ddcd33e7a,2024-12-29,15:30:00,18:30:00,30,APROBADA
8ac0a172-3c8a-544b-8610-a42ff4850bf6,7bcb3d0c-2500-5f01-abe8-d24e962af50e,2025-01-04,13:30:00,14:30:00,32,APROBADA
4034ced8-c3b2-5fd0-8064-572061891fc6,6d481120-dab0-50c8-8f1b-33cf911e9573,2024-10-05,10:30:00,11:30:00,39,APROBADA
dec329bf-bd29-5ab0-8c40-a7929645c3e3,2574a671-d58d-5db3-8c9f-2518d8a8d790,2025-02-24,16:30:00,18:00:00,39,APROBADA
be875527-b0f6-57b5-8519-7ba181fa74d4,dd609563-702d-543d-a49a-0ce27a83f234,2024-09-17,12:30:00,13:30:00,25,APROBADA
2279bef6-e083-5d9d-935c-bc9911d2ecd3,c1489a8f-1dff-511e-b025-5a10261901d7,2025-01-23,12:00:00,15:00:00,27,APROBADA
3df83693-d287-565a-b55d-62b2310088f3,1dee66e3-0076-5033-8ba0-70dd67e8aea0,2025-02-25,16:30:00,19:30:00,26,APROBADA
41676585-1a94-534a-b111-8b8b50273e6c,05a1191e-b84b-597d-b970-b04889cc30ee,2024-12-13,09:30:00,12:30:00,30,APROBADA
34d82b35-cf77-504f-b3e1-61e725dda190,b8969593-19a7-5a43-84c0-d52e63ac0cb4,2025-04-10,14:30:00,15:30:00,26,APROBADA
15e8713e-dea9-5f5e-baa9-62e63d963394,6d481120-dab0-50c8-8f1b-33cf911e9573,2024-12-16,10:00:00,13:00:00,35,APROBADA
f5be3a65-0aa7-5935-9bb4-8736b1745a04,d7ce39c6-be5b-537a-ae81-d449a1710ff2,2024-11-29,18:00:00,19:30:00,42,APROBADA
88298ebd-c38a-5d2a-8077-068d01a5daaa,2574a671-d58d-5db3-8c9f-2518d8a8d790,2024-11-15,11:30:00,13:30:00,31,APROBADA
751cc2fb-ec0b-5322-b690-cf330733106b,e5da4cff-29aa-5f05-8532-70f093603e74,2024-07-11,09:00:00,12:00:00,27,APROBADA
86f366d7-9b12-503b-8ab2-9daa67cc75b4,6c814918-8ba0-52cc-9377-6d60b7946f8b,2025-05-26,07:30:00,08:30:00,37,APROBADA
fef1fd9b-7f42-5a7b-8a65-1911156044f4,7bcb3d0c-2500-5f01-abe8-d24e962af50e,2025-05-09,09:00:00,11:00:00,29,APROBADA
e267b25d-f7f8-5077-981c-c031f3b30b3a,6d481120-dab0-50c8-8f1b-33cf911e9573,2024-11-17,11:00:00,13:00:00,43,APROBADA
411dcd86-a3a9-5e55-9d8b-94bea47f7665,d056b3a8-8204-507a-b6c1-1f1203a87651,2024-08-03,12:30:00,13:30:00,32,APROBADA
e34da5b0-6b02-52ae-92da-9aed311bc327,1a0b71d7-4721-5998-bd82-de26b25b5771,2025-01-04,16:00:00,17:30:00,35,APROBADA
1b4091fb-d3f2-5cb2-85e8-8cdac5ed83e4,a40fe9f0-87fa-5853-968f-5cedd5939e8a,2024-10-13,08:30:00,11:30:00,32,APROBADA
99ea34bf-3c76-57c3-94c9-38e55662ef95,1a0b71d7-4721-5998-bd82-de26b25b5771,2025-03-25,13:00:00,14:30:00,41,APROBADA
08cac368-2886-5f2d-b713-85b34adc7dba,7d424b25-0f98-5f10-b2a8-ed9ddcd33e7a,2025-03-20,08:30:00,10:30:00,32,APROBADA
3c976226-e59e-5f07-9315-1b9d99b77b8e,1dee66e3-0076-5033-8ba0-70dd67e8aea0,2025-02-05,11:00:00,12:30:00,29,APROBADA
3f77d96a-3e1a-5bec-9451-819ef73a2e02,d7ce39c6-be5b-537a-ae81-d449a1710ff2,2024-07-11,11:00:00,14:00:00,40,APROBADA
50873dda-e265-5ab1-ae87-b0b7f018ea92,b8969593-19a7-5a43-84c0-d52e63ac0cb4,2024-11-17,08:00:00,09:00:00,27,APROBADA
a41672f2-8b1a-5e6d-a521-ea800cb9d910,7d424b25-0f98-5f10-b2a8-ed9ddcd33e7a,2025-05-27,07:30:00,08:30:00,40,APROBADA
35749ba2-46cc-5898-9ed9-a60b4510056c,e5da4cff-29aa-5f05-8532-70f093603e74,2025-05-06,15:00:00,16:30:00,27,APROBADA
972d7a37-8095-5e45-a248-a1f7fdbd0ea5,6903b35b-c2a6-5770-98e5-743c2bc06b45,2025-02-28,14:30:00,16:00:00,31,APROBADA
aeddaecc-81f7-583f-a0df-76a85bf2e4f7,d7ce39c6-be5b-537a-ae81-d449a1710ff2,2024-11-01,09:00:00,11:00:00,31,APROBADA
bf7d60a9-fc16-5605-b9dc-6083ad39c8bf,1a0b71d7-4721-5998-bd82-de26b25b5771,2024-08-03,17:00:00,18:30:00,29,APROBADA
bfabbb17-234f-5990-a31a-cc91e43ef59b,d76d770e-14c2-5fea-bf8b-28f95250e124,2025-03-03,15:00:00,16:00:00,38,APROBADA
26032e55-889b-558e-a2f8-cf41f80c708c,10225e74-7c22-5384-8cdc-396a168ec651,2025-05-30,09:00:00,10:00:00,28,APROBADA
31880c6d-49bb-5c02-b8d1-f47eba73ac6a,8fd4b53b-1d49-5307-8a1a-e184999a4434,2024-10-27,14:00:00,15:30:00,38,APROBADA
28c0772f-a3c7-5186-bba5-e3424a298189,706ea773-fd09-5587-a465-302616f9d571,2024-12-10,14:00:00,15:30:00,30,APROBADA
489db334-e335-546a-95ab-8ab5f6512391,10225e74-7c22-5384-8cdc-396a168ec651,2025-01-16,07:00:00,09:00:00,36,APROBADA
ac5b5e48-a599-5a88-8688-66b3ea45da53,b46607fb-d28f-5c06-a3a8-091cb9d995ec,2024-08-07,18:30:00,19:30:00,36,APROBADA
e10103dd-12ac-5cf8-90fb-fe2a8b216eb2,706ea773-fd09-5587-a465-302616f9d571,2024-07-29,12:30:00,14:30:00,29,APROBADA
c307161b-256a-5992-ad13-4af1127084a7,1a0b71d7-4721-5998-bd82-de26b25b5771,2024-09-06,11:00:00,12:30:00,33,APROBADA
9367d4d9-e067-5d13-a640-352042a9c989,10225e74-7c22-5384-8cdc-396a168ec651,2025-05-03,15:00:00,16:00:00,29,APROBADA
1f541d1a-26c6-585d-8e3a-a489bc88d33b,1a0b71d7-4721-5998-bd82-de26b25b5771,2025-05-26,08:30:00,10:30:00,43,APROBADA
2c6cc09b-fffd-5503-ba10-0c0ef364b8d5,ef815f08-b586-5f03-964a-a08004eaebf3,2025-03-19,17:00:00,18:00:00,32,APROBADA
e738b350-03aa-5e9c-9164-5b665c9431fc,e5da4cff-29aa-5f05-8532-70f093603e74,2025-04-01,07:00:00,09:00:00,30,APROBADA
e4e1fd81-0106-54fd-96ed-84d5472a9cfc,b46607fb-d28f-5c06-a3a8-091cb9d995ec,2025-02-16,07:30:00,08:30:00,31,APROBADA
9ce49740-27a3-578d-be04-ccfc619d80d6,da1fe6a7-058c-5ad3-a10e-f529804a44b5,2024-09-26,13:00:00,16:00:00,33,APROBADA
2f667682-2e45-5273-8b8a-f6c2e8f88214,1a0b71d7-4721-5998-bd82-de26b25b5771,2024-09-25,09:30:00,11:30:00,35,APROBADA
83c78010-2d75-52fe-bd57-e6199d572edf,706ea773-fd09-5587-a465-302616f9d571,2024-12-20,08:00:00,09:30:00,39,APROBADA
0c1ff31c-957f-58f9-a8e8-e4a045df3bc4,1dee66e3-0076-5033-8ba0-70dd67e8aea0,2025-05-01,14:30:00,16:30:00,36,APROBADA
8a717232-f1e2-5f44-8196-4dbf186f2b91,10225e74-7c22-5384-8cdc-396a168ec651,2024-10-27,12:30:00,14:30:00,29,APROBADA
cd3be1f2-3b85-5a7c-9efa-f8366a03e640,a40fe9f0-87fa-5853-968f-5cedd5939e8a,2024-08-01,10:00:00,13:00:00,30,APROBADA
c6f670d0-3100-5ed4-ae05-961cfb225340,6903b35b-c2a6-5770-98e5-743c2bc06b45,2025-01-13,09:00:00,10:30:00,31,APROBADA
482892ac-6466-57d2-9bb8-f037d7c8e843,a40fe9f0-87fa-5853-968f-5cedd5939e8a,2024-11-12,16:30:00,19:30:00,26,APROBADA
bad6047f-e957-5d8e-b219-e7496e78eed4,7bcb3d0c-2500-5f01-abe8-d24e962af50e,2025-01-20,18:30:00,19:30:00,30,APROBADA
ea1fe3ec-3e64-5fdd-9a61-15308f5be864,6d481120-dab0-50c8-8f1b-33cf911e9573,2024-10-28,15:00:00,18:00:00,43,APROBADA
8ba494cb-ca98-581a-a25f-1fdc6b404b23,aad269e7-97f7-5e2d-9c43-cf84b49bd847,2025-02-06,13:00:00,14:30:00,27,APROBADA
d9d9f5e2-1b26-55ec-a10d-1dbbda977bd2,f5e43a2a-032c-562e-837a-ff3c72abffb4,2024-10-03,09:00:00,10:30:00,27,APROBADA
5d3ae6d7-1e13-5896-9697-ea70d2f0d52e,6903b35b-c2a6-5770-98e5-743c2bc06b45,2024-12-24,11:00:00,12:30:00,32,APROBADA
00393ccf-ace8-59f9-93e8-8ed9d1b43de0,d7ce39c6-be5b-537a-ae81-d449a1710ff2,2024-11-05,08:00:00,10:00:00,45,APROBADA
6736a40b-e0ab-5193-bc2c-69fd7ddb355c,d76d770e-14c2-5fea-bf8b-28f95250e124,2025-01-26,17:30:00,18:30:00,31,APROBADA
6f4a2371-2e91-5010-876f-7b72b22b39b4,da1fe6a7-058c-5ad3-a10e-f529804a44b5,2024-11-28,19:00:00,20:30:00,35,APROBADA
c16f8498-efd1-5a94-a3f6-216df9f6a420,b46607fb-d28f-5c06-a3a8-091cb9d995ec,2025-03-10,08:30:00,09:30:00,35,APROBADA
87c38f8e-c19c-529d-bdef-b2cf57c6fbcd,a40fe9f0-87fa-5853-968f-5cedd5939e8a,2024-07-10,18:30:00,19:30:00,27,APROBADA
fd6f3b8a-adcf-5883-b8d8-5596a8377b51,0880d439-8834-59c1-bfce-e7f3da722b3f,2024-12-28,11:30:00,14:30:00,42,APROBADA
d68f4271-d658-50a3-ac76-1d45bf177525,a22ee2bf-332c-5ac1-ae12-28ce7b0033a1,2025-02-07,14:30:00,16:00:00,30,APROBADA
d210d356-7c6e-5ed1-b15a-8e9febd7d683,dd609563-702d-543d-a49a-0ce27a83f234,2025-02-22,11:00:00,12:00:00,39,APROBADA
90875df5-b9fb-5b8f-88ab-d28cfb54bbd9,8fd4b53b-1d49-5307-8a1a-e184999a4434,2024-07-06,08:00:00,11:00:00,34,APROBADA
31b43c2d-8921-5874-b9e5-a4bd2d70f7d6,4b4a10f4-36fa-5109-bc5d-14e24370c164,2025-06-16,18:00:00,19:00:00,25,APROBADA
fbb228bf-4b79-5085-9e54-5798e3db2cdd,6d481120-dab0-50c8-8f1b-33cf911e9573,2025-06-15,16:30:00,17:30:00,40,APROBADA
d9b6127f-1663-55ef-bc40-9b485fee856c,0880d439-8834-59c1-bfce-e7f3da722b3f,2024-08-31,12:00:00,15:00:00,44,APROBADA
5ad80252-bd43-5a27-ad7a-c29dee35ff46,1dee66e3-0076-5033-8ba0-70dd67e8aea0,2024-09-28,08:30:00,11:30:00,34,APROBADA
b9fc87f2-90db-5001-9e4e-0cf55abfc72a,7bcb3d0c-2500-5f01-abe8-d24e962af50e,2025-05-22,15:00:00,16:00:00,31,APROBADA
5b16f734-1f23-5392-811a-2de3fe68cb98,6903b35b-c2a6-5770-98e5-743c2bc06b45,2024-07-24,08:00:00,10:00:00,30,APROBADA
297e8ec0-fdfb-5263-8d47-b136d7ef3a13,6903b35b-c2a6-5770-98e5-743c2bc06b45,2025-04-03,14:30:00,15:30:00,27,APROBADA
6bc3afcf-6ff0-5b2f-9206-a29776e720f7,f5e43a2a-032c-562e-837a-ff3c72abffb4,2024-09-01,18:30:00,20:30:00,26,APROBADA
2389a44a-c589-52e6-b87d-cd053249d04a,d7ce39c6-be5b-537a-ae81-d449a1710ff2,2024-08-24,09:30:00,11:30:00,38,APROBADA
674cdc68-e295-570c-a7e6-51e058c2e14d,05a1191e-b84b-597d-b970-b04889cc30ee,2025-03-23,16:00:00,19:00:00,30,APROBADA
cca50cf6-2953-512a-b4a2-2f3fbc17ee08,6903b35b-c2a6-5770-98e5-743c2bc06b45,2024-09-11,16:30:00,18:00:00,36,APROBADA
529d5a9c-27e3-5f18-ba9d-d78c4026c1a5,7d424b25-0f98-5f10-b2a8-ed9ddcd33e7a,2025-03-21,11:00:00,12:00:00,38,APROBADA
ff9b3d1e-61de-56e1-a213-7c1a1755023b,da1fe6a7-058c-5ad3-a10e-f529804a44b5,2024-09-15,09:30:00,11:30:00,31,APROBADA
daf27eba-098a-5cf5-8933-e4daa3229a6b,1dee66e3-0076-5033-8ba0-70dd67e8aea0,2025-06-19,09:30:00,11:00:00,43,APROBADA
652d3b8a-ca05-5731-bd0d-3aa28a2c19f8,1dee66e3-0076-5033-8ba0-70dd67e8aea0,2024-09-27,09:30:00,12:30:00,39,APROBADA
8b892bc6-f6d3-59c1-a5f4-2f20c90c1a35,10225e74-7c22-5384-8cdc-396a168ec651,2025-03-27,11:30:00,14:30:00,25,APROBADA
0611bbfa-2413-5739-8c6b-06c5511a50b3,1a0b71d7-4721-5998-bd82-de26b25b5771,2025-01-22,15:30:00,17:30:00,32,APROBADA
297bf70b-cee6-537f-bf39-fe928a06c7b7,aad269e7-97f7-5e2d-9c43-cf84b49bd847,2025-01-17,10:00:00,13:00:00,30,APROBADA
0b75ad59-8e02-5bc3-8071-cb42a656e1cc,d76d770e-14c2-5fea-bf8b-28f95250e124,2024-07-31,08:30:00,11:30:00,35,APROBADA
e1b84274-4a77-51dc-9350-011bb9e091d8,d7ce39c6-be5b-537a-ae81-d449a1710ff2,2025-03-17,17:30:00,19:00:00,36,APROBADA
9b070e1c-e953-537a-a250-19a9ba200a71,dd609563-702d-543d-a49a-0ce27a83f234,2025-03-11,08:00:00,11:00:00,29,APROBADA
d62bdeae-4e1a-5587-8a73-3801b373f024,1a0b71d7-4721-5998-bd82-de26b25b5771,2024-10-30,13:30:00,15:00:00,29,APROBADA
bea1dd6b-0846-5df7-90ba-f0dce595da26,d056b3a8-8204-507a-b6c1-1f1203a87651,2025-06-10,17:30:00,19:00:00,28,APROBADA
65f1f612-3247-5bbc-a093-a16c77a361e6,6d481120-dab0-50c8-8f1b-33cf911e9573,2025-04-05,15:00:00,17:00:00,33,APROBADA
db63e354-98c3-58cd-97f9-caa56015deb4,4b4a10f4-36fa-5109-bc5d-14e24370c164,2024-10-22,14:30:00,16:00:00,31,APROBADA
6c047bb6-9015-59ab-b933-0920e196c486,a22ee2bf-332c-5ac1-ae12-28ce7b0033a1,2025-03-19,09:00:00,10:00:00,36,APROBADA
49e9a010-c0ef-51e2-b005-7a1e66160b00,d76d770e-14c2-5fea-bf8b-28f95250e124,2025-05-28,19:00:00,22:00:00,34,APROBADA
d397b92f-1439-5f37-9805-6f55c5acafc1,2574a671-d58d-5db3-8c9f-2518d8a8d790,2024-10-19,07:30:00,08:30:00,27,APROBADA
7fae4b32-68a6-5259-bacf-1a8b7f3b04d7,6c814918-8ba0-52cc-9377-6d60b7946f8b,2025-04-15,15:30:00,17:30:00,26,APROBADA
edb5809d-e761-5779-aadd-aff348bf7474,d7ce39c6-be5b-537a-ae81-d449a1710ff2,2024-08-21,16:30:00,18:30:00,43,APROBADA
fe41e511-2159-59dd-b378-a70edfe35e9b,6d481120-dab0-50c8-8f1b-33cf911e9573,2024-08-19,11:00:00,13:00:00,41,APROBADA
83ff44eb-9099-56dd-8496-0e0d4b9e4da4,c1489a8f-1dff-511e-b025-5a10261901d7,2024-08-29,07:30:00,10:30:00,26,APROBADA
0ac791cd-5cb6-5965-b2fa-36fbbbc71f80,05a1191e-b84b-597d-b970-b04889cc30ee,2025-01-11,11:00:00,13:00:00,29,APROBADA
2f1f1491-ba42-5f05-ba8f-a237a2fd0a8b,2574a671-d58d-5db3-8c9f-2518d8a8d790,2024-12-04,08:00:00,11:00:00,30,APROBADA
5f6e2032-008e-54ad-ae4b-0431073ce578,0880d439-8834-59c1-bfce-e7f3da722b3f,2024-09-24,14:30:00,17:30:00,38,APROBADA
1c3b5a16-2ae7-51e3-8f22-ed937cc68a98,7d424b25-0f98-5f10-b2a8-ed9ddcd33e7a,2024-08-06,14:30:00,16:30:00,31,APROBADA
00e661a6-b10e-5b53-a0b3-38d2a5399d47,8fd4b53b-1d49-5307-8a1a-e184999a4434,2024-11-12,17:00:00,18:00:00,28,APROBADA
19e56773-3718-5c1a-b8ed-84c315be1aa3,b46607fb-d28f-5c06-a3a8-091cb9d995ec,2025-01-31,08:30:00,10:30:00,31,APROBADA
3399774a-3956-5eea-8ecf-490bfd88f228,7d424b25-0f98-5f10-b2a8-ed9ddcd33e7a,2025-03-07,07:00:00,09:00:00,40,APROBADA
3a16a377-3a4d-57bc-a5f6-2df920d43a25,6c814918-8ba0-52cc-9377-6d60b7946f8b,2025-03-05,08:00:00,09:00:00,32,APROBADA
bb49dabc-666b-55e0-91b3-2b2004043369,d76d770e-14c2-5fea-bf8b-28f95250e124,2025-02-14,08:00:00,11:00:00,37,APROBADA
faa9f05e-f44a-55f2-96b8-9c46bcca2bef,2574a671-d58d-5db3-8c9f-2518d8a8d790,2024-10-22,12:30:00,13:30:00,38,APROBADA
aee77f7f-6bbd-5f2e-b91a-3b238ec517c7,4b4a10f4-36fa-5109-bc5d-14e24370c164,2025-05-12,16:00:00,17:30:00,30,APROBADA
2e606816-8588-554e-9e73-e66c9397c011,a40fe9f0-87fa-5853-968f-5cedd5939e8a,2024-07-14,16:00:00,19:00:00,28,APROBADA
bec701c3-c76c-5be6-83aa-1606be399490,ef815f08-b586-5f03-964a-a08004eaebf3,2025-04-10,07:30:00,09:00:00,31,APROBADA
647c7f1a-e4c9-5fcd-ab99-f2e3035c06d1,4b4a10f4-36fa-5109-bc5d-14e24370c164,2025-03-22,11:00:00,12:00:00,27,APROBADA
2701e1db-c058-5375-8443-a7d9feb660d4,1a0b71d7-4721-5998-bd82-de26b25b5771,2024-10-05,17:00:00,18:30:00,25,APROBADA
14432701-7e44-569a-b5e8-d54b2bc2bc4b,e5da4cff-29aa-5f05-8532-70f093603e74,2025-01-07,08:30:00,10:30:00,29,APROBADA
d641d470-6e5a-55dc-8e8d-9b69e367801f,10225e74-7c22-5384-8cdc-396a168ec651,2025-03-05,18:30:00,20:30:00,35,APROBADA
7348f665-37bb-5d01-b5b9-d17ee129675b,6d481120-dab0-50c8-8f1b-33cf911e9573,2024-11-08,16:30:00,18:30:00,45,APROBADA
998e8c25-d816-5b4b-88f8-eb6cd152d5c6,6d481120-dab0-50c8-8f1b-33cf911e9573,2025-06-27,07:30:00,09:00:00,41,APROBADA
4f60d7d5-d299-5c82-b60c-5d06c6967d9b,6903b35b-c2a6-5770-98e5-743c2bc06b45,2024-10-23,13:00:00,15:00:00,29,APROBADA
54982ae5-7379-5b8d-9c65-ffc3a2eced52,da1fe6a7-058c-5ad3-a10e-f529804a44b5,2024-12-10,09:30:00,12:30:00,30,APROBADA
0fcc44c6-90c7-5794-a312-f90374c4918f,2574a671-d58d-5db3-8c9f-2518d8a8d790,2024-08-12,10:30:00,12:30:00,39,APROBADA
c625b55b-7aa6-54d5-a945-7a2fda2b01b4,c1489a8f-1dff-511e-b025-5a10261901d7,2025-04-29,14:00:00,17:00:00,31,APROBADA
9dfa22e3-b8a6-559e-865d-2f1242f30dd7,1dee66e3-0076-5033-8ba0-70dd67e8aea0,2024-12-25,12:00:00,14:00:00,35,APROBADA
f53a6d87-dc38-5069-8f3d-58418b976b29,d76d770e-14c2-5fea-bf8b-28f95250e124,2025-05-10,13:00:00,15:00:00,25,APROBADA
8c5c4be5-96a9-5af2-bf3f-9d0239f02503,eb4139b4-3715-5623-a990-d045271440a9,2025-05-25,16:00:00,17:00:00,32,APROBADA
58776dd3-d838-54ec-b424-d3bd9f3dfcfa,7d424b25-0f98-5f10-b2a8-ed9ddcd33e7a,2025-04-30,14:30:00,17:30:00,38,APROBADA
b916900f-dccf-5ec8-a2db-26ff45c7fc39,e5da4cff-29aa-5f05-8532-70f093603e74,2025-02-13,12:30:00,14:30:00,25,APROBADA
bfb94f48-deca-51de-acdc-8e26a33f8c23,da1fe6a7-058c-5ad3-a10e-f529804a44b5,2024-07-03,10:30:00,13:30:00,32,APROBADA
eeedf97a-79ff-5e72-b5f1-406c0fd95bec,7d424b25-0f98-5f10-b2a8-ed9ddcd33e7a,2025-05-23,14:30:00,17:30:00,36,APROBADA
866f8dcb-63ef-51bb-943e-1c1f51b163b2,ef815f08-b586-5f03-964a-a08004eaebf3,2025-05-03,13:30:00,16:30:00,35,APROBADA
9fb7952b-138d-532c-bda9-04811fd8c080,1dee66e3-0076-5033-8ba0-70dd67e8aea0,2025-02-14,08:30:00,11:30:00,29,APROBADA
63aadae5-4568-5ec1-be95-d8e82ca26ad7,da1fe6a7-058c-5ad3-a10e-f529804a44b5,2025-04-13,19:00:00,21:00:00,30,APROBADA
366dbf8f-dcd5-5d11-983c-a75a45ddbd9f,da1fe6a7-058c-5ad3-a10e-f529804a44b5,2024-10-17,12:30:00,14:30:00,26,APROBADA
3a65853a-a40e-5b14-b662-590c8a2d601f,05a1191e-b84b-597d-b970-b04889cc30ee,2024-11-03,12:30:00,14:30:00,30,APROBADA
0329194e-7849-5a9a-84da-652b05fd9177,6d481120-dab0-50c8-8f1b-33cf911e9573,2024-09-04,18:00:00,21:00:00,36,APROBADA
0777d47c-6ec4-5a87-9fbe-c604791f992f,4b4a10f4-36fa-5109-bc5d-14e24370c164,2024-07-21,17:30:00,19:30:00,29,APROBADA
3b0cc1c7-ace7-5e5d-98c2-ca904ffd1abf,10225e74-7c22-5384-8cdc-396a168ec651,2024-09-08,19:00:00,22:00:00,27,APROBADA
60ed579f-8442-5083-979e-604255240c42,a22ee2bf-332c-5ac1-ae12-28ce7b0033a1,2024-07-03,11:30:00,13:00:00,31,APROBADA
0a2fffb3-6512-50cf-adf9-6836c4b28ab3,45b00d8f-2f79-52ba-8b17-e7d6ee0b476f,2024-12-05,10:00:00,11:00:00,27,APROBADA
b7a6cadd-f98a-574c-8c1e-366fa079f71a,7d424b25-0f98-5f10-b2a8-ed9ddcd33e7a,2025-01-05,08:30:00,09:30:00,36,APROBADA
267812cb-5402-5e4e-96c5-7539d4daedbf,45b00d8f-2f79-52ba-8b17-e7d6ee0b476f,2024-07-28,13:00:00,14:30:00,29,APROBADA
6d1e50db-bbc2-5252-acbd-eebb9d9fc314,1a0b71d7-4721-5998-bd82-de26b25b5771,2024-11-10,09:30:00,11:30:00,32,APROBADA
c0c0bd3c-aae5-55ea-a1bd-4a8cfc447aa8,ef815f08-b586-5f03-964a-a08004eaebf3,2025-05-04,10:00:00,11:00:00,29,APROBADA
2fdfc1fd-39e9-5d99-9c9a-43c7cc9fb3f8,a22ee2bf-332c-5ac1-ae12-28ce7b0033a1,2025-05-24,13:00:00,15:00:00,30,APROBADA
7d07b28a-ce9f-539e-9801-66a68b22c725,0880d439-8834-59c1-bfce-e7f3da722b3f,2024-12-28,09:30:00,11:00:00,39,APROBADA
d71e5ccc-efcf-58ec-b6cc-7fee8069d09e,c1489a8f-1dff-511e-b025-5a10261901d7,2025-02-03,16:00:00,19:00:00,28,APROBADA
2ce2966c-cb7a-536f-8a86-c577a0576f7e,23c254ed-4635-5cec-baa9-656efa7fd130,2024-07-16,12:00:00,15:00:00,26,APROBADA
b82cd2c6-53f7-5c03-bbd2-10dc7916fc94,a40fe9f0-87fa-5853-968f-5cedd5939e8a,2024-11-08,09:00:00,10:30:00,29,APROBADA
534b1283-42d2-59a2-83a4-79f6688107cc,a22ee2bf-332c-5ac1-ae12-28ce7b0033a1,2025-04-14,15:30:00,17:00:00,29,APROBADA
dda31519-135f-5ab7-801a-ddb6d4fe4f90,1a0b71d7-4721-5998-bd82-de26b25b5771,2024-09-11,12:00:00,15:00:00,43,APROBADA
d6f6f6a5-fd3f-5c7c-8bfe-5a694409ecf0,0880d439-8834-59c1-bfce-e7f3da722b3f,2025-06-04,18:00:00,19:30:00,30,APROBADA
8bbac70c-8b3c-5e9a-a71f-0bd0c9ee7c6c,10225e74-7c22-5384-8cdc-396a168ec651,2025-03-30,10:30:00,13:30:00,36,APROBADA
2875d4d7-b4d8-5a41-9549-92af03222ce0,b46607fb-d28f-5c06-a3a8-091cb9d995ec,2025-05-25,16:30:00,18:00:00,25,APROBADA
35de53f4-3838-5e7f-812e-e7d94dfad89b,4b4a10f4-36fa-5109-bc5d-14e24370c164,2024-11-28,09:30:00,11:30:00,26,APROBADA
ab070820-416f-5897-9b49-a638fd6aa70d,45b00d8f-2f79-52ba-8b17-e7d6ee0b476f,2024-09-01,13:00:00,14:00:00,32,APROBADA
b54ccb09-b82a-5322-b596-e702557df033,a22ee2bf-332c-5ac1-ae12-28ce7b0033a1,2024-11-04,18:30:00,20:30:00,31,APROBADA
5d40f2ad-cc2a-5d32-9e57-413c8ff3337b,706ea773-fd09-5587-a465-302616f9d571,2024-10-11,08:30:00,10:30:00,30,APROBADA
99d1e539-c05c-578c-a518-1722fbd5eda3,b46607fb-d28f-5c06-a3a8-091cb9d995ec,2024-08-19,17:30:00,19:00:00,30,APROBADA
9714dd35-802c-5842-adb2-ac5bb5b64a84,1dee66e3-0076-5033-8ba0-70dd67e8aea0,2025-03-21,15:00:00,18:00:00,36,APROBADA
234cea2b-7cfb-5abf-9855-ceef593ee742,10225e74-7c22-5384-8cdc-396a168ec651,2025-05-16,17:30:00,19:30:00,35,APROBADA
2cfc8c98-b540-565f-92ff-60aef6db1fa5,10225e74-7c22-5384-8cdc-396a168ec651,2025-05-05,12:30:00,14:00:00,29,APROBADA
73c6fba2-9e28-502e-901c-896890984481,dd609563-702d-543d-a49a-0ce27a83f234,2025-01-01,09:30:00,11:30:00,38,APROBADA
61696afa-490d-58b2-b5cc-1d801578bed3,eb4139b4-3715-5623-a990-d045271440a9,2024-09-27,10:00:00,12:00:00,27,APROBADA
0fb898da-0123-5b27-a8ec-6f45cde39f34,b8969593-19a7-5a43-84c0-d52e63ac0cb4,2025-05-18,16:00:00,17:00:00,25,APROBADA
01112aff-ba2c-5a23-a64c-296c57b5b9d6,7d424b25-0f98-5f10-b2a8-ed9ddcd33e7a,2024-12-10,13:00:00,14:00:00,40,APROBADA
94ef9ecb-3835-5596-8b39-3d0cb8519b00,706ea773-fd09-5587-a465-302616f9d571,2025-02-02,09:30:00,12:30:00,36,APROBADA
02629130-c246-5bf1-9c69-5c9265e6ce8c,a22ee2bf-332c-5ac1-ae12-28ce7b0033a1,2024-11-16,19:00:00,20:00:00,31,APROBADA
3e32534f-09f0-5738-92cd-b1b5dcc4d94f,6903b35b-c2a6-5770-98e5-743c2bc06b45,2024-07-26,08:00:00,10:00:00,35,APROBADA
7c759f1a-e436-5806-acd5-37819ee652e9,0880d439-8834-59c1-bfce-e7f3da722b3f,2024-07-01,14:00:00,17:00:00,32,APROBADA
e8e32260-2493-5c14-be9e-9b0b7bef269b,e5da4cff-29aa-5f05-8532-70f093603e74,2024-07-31,07:00:00,08:30:00,34,APROBADA
b77ec978-fc03-5a8c-b8fa-27ed6eb522de,1dee66e3-0076-5033-8ba0-70dd67e8aea0,2025-04-29,07:30:00,10:30:00,34,APROBADA
721eb048-00e8-55f8-a540-f9c66d50cbaa,d7ce39c6-be5b-537a-ae81-d449a1710ff2,2024-12-18,17:30:00,20:30:00,44,APROBADA
30d6af73-6cae-527f-bd8a-917196e221af,8fd4b53b-1d49-5307-8a1a-e184999a4434,2024-10-28,07:00:00,09:00:00,40,APROBADA
a53026c9-d023-50ea-bf5e-61254d6db4b2,45b00d8f-2f79-52ba-8b17-e7d6ee0b476f,2025-04-14,10:30:00,12:30:00,35,APROBADA
56853359-1549-5ee9-a4af-53b1c3de0500,d76d770e-14c2-5fea-bf8b-28f95250e124,2024-07-17,13:00:00,14:00:00,34,APROBADA
0f9525b3-b71d-5521-b2da-dc77dfe4cc6b,1dee66e3-0076-5033-8ba0-70dd67e8aea0,2024-08-11,10:30:00,13:30:00,25,APROBADA
aee6c455-179b-5abb-bf81-02530cefe701,d7ce39c6-be5b-537a-ae81-d449a1710ff2,2024-07-28,13:00:00,16:00:00,30,APROBADA
421e4b6e-2926-5489-a647-6cab0bb5cb01,6d481120-dab0-50c8-8f1b-33cf911e9573,2024-12-17,07:00:00,08:00:00,32,APROBADA
615980cc-37ff-55e7-beb4-fa3f3799cde9,7bcb3d0c-2500-5f01-abe8-d24e962af50e,2024-12-08,13:00:00,14:00:00,30,APROBADA
5c19b22f-8257-5982-ae5f-4253939478b3,45b00d8f-2f79-52ba-8b17-e7d6ee0b476f,2025-03-21,14:30:00,15:30:00,29,APROBADA
626505e3-7ab4-5210-a894-e5d4ea8c9d3e,706ea773-fd09-5587-a465-302616f9d571,2025-01-07,15:30:00,17:30:00,25,APROBADA
d65d6020-c8f1-5160-be2e-6d0bdbbd9c7f,8fd4b53b-1d49-5307-8a1a-e184999a4434,2025-03-08,19:00:00,20:00:00,27,APROBADA
4de2319e-2a59-58a9-8573-12ff1f223290,6d481120-dab0-50c8-8f1b-33cf911e9573,2025-05-19,12:00:00,13:00:00,33,APROBADA
6cb77c3b-498e-5b69-b549-d5abb61e42c8,1dee66e3-0076-5033-8ba0-70dd67e8aea0,2025-01-20,11:00:00,14:00:00,27,APROBADA
57d868ab-8d1d-5061-a94d-66ae93c1b5d8,1a0b71d7-4721-5998-bd82-de26b25b5771,2024-11-04,17:00:00,20:00:00,45,APROBADA
4eb685ac-20f3-5eac-934c-9ff5eaa286f3,b46607fb-d28f-5c06-a3a8-091cb9d995ec,2025-01-06,14:30:00,16:00:00,38,APROBADA
9984f8fe-2a68-527c-b265-a252f97cdf8f,dd609563-702d-543d-a49a-0ce27a83f234,2024-07-12,18:00:00,21:00:00,38,APROBADA
15e1dc8f-ff91-5002-af10-c6673a0a931f,aad269e7-97f7-5e2d-9c43-cf84b49bd847,2025-05-31,09:30:00,11:00:00,29,APROBADA
fcef057f-dcdf-537d-9fe1-c2942b1f79e1,b46607fb-d28f-5c06-a3a8-091cb9d995ec,2024-07-15,10:00:00,13:00:00,36,APROBADA
e994d12e-f722-57b9-b03c-1da51b8e20c8,6d481120-dab0-50c8-8f1b-33cf911e9573,2025-03-10,07:30:00,10:30:00,43,APROBADA
a00b9dfd-1654-5c26-9d42-bd1eb82c6f9f,c1489a8f-1dff-511e-b025-5a10261901d7,2024-11-15,08:30:00,10:30:00,25,APROBADA
1a2de210-b953-5b1e-aefc-84793f021b77,6c814918-8ba0-52cc-9377-6d60b7946f8b,2025-01-02,16:00:00,19:00:00,32,APROBADA
39682213-c508-5555-b657-6bde49484f89,2574a671-d58d-5db3-8c9f-2518d8a8d790,2025-03-20,10:00:00,13:00:00,36,APROBADA
71f1dcf1-e889-5b7e-ab2e-dba5008b50d3,b46607fb-d28f-5c06-a3a8-091cb9d995ec,2025-05-07,13:00:00,14:00:00,37,APROBADA
cfa99c2b-6133-52d1-a3ec-9e49fb66cc8b,aad269e7-97f7-5e2d-9c43-cf84b49bd847,2024-12-17,07:30:00,08:30:00,25,APROBADA
ca4e1fa6-8648-5ae0-ba83-cae54720e7ed,6c814918-8ba0-52cc-9377-6d60b7946f8b,2024-12-19,18:00:00,21:00:00,40,APROBADA
79435e61-8ef3-56d9-bf23-7af51c87e54a,aad269e7-97f7-5e2d-9c43-cf84b49bd847,2025-04-12,10:30:00,12:00:00,28,APROBADA
f572f098-2d1f-5f10-967e-ee38588b1102,b8969593-19a7-5a43-84c0-d52e63ac0cb4,2025-03-03,12:00:00,13:30:00,27,APROBADA
7c40ede6-f746-545b-bc52-524644c78b0a,4b4a10f4-36fa-5109-bc5d-14e24370c164,2024-12-20,07:30:00,09:30:00,31,APROBADA
f30b24d1-931b-5b69-9edb-643f998a963c,6903b35b-c2a6-5770-98e5-743c2bc06b45,2024-08-30,09:00:00,11:00:00,25,APROBADA
e3d309e4-5bcf-54dc-b473-7abfb558a279,706ea773-fd09-5587-a465-302616f9d571,2025-03-28,12:30:00,13:30:00,32,APROBADA
55afad39-8a51-58fd-a0e0-9d7e51908ae8,d76d770e-14c2-5fea-bf8b-28f95250e124,2025-01-05,18:00:00,21:00:00,39,APROBADA
4865cfe6-5e87-516c-9d7d-3ec7518bae8d,b46607fb-d28f-5c06-a3a8-091cb9d995ec,2025-06-07,14:30:00,16:00:00,35,APROBADA
be64a0e5-8e5c-518f-9db7-b35d6095a320,6d481120-dab0-50c8-8f1b-33cf911e9573,2025-02-06,18:00:00,21:00:00,27,APROBADA
aa609687-a8c0-5a65-baed-00a27c38aac0,e5da4cff-29aa-5f05-8532-70f093603e74,2024-07-01,16:00:00,17:30:00,26,APROBADA
c8a57447-b2f5-5b9b-88a3-7daf711247eb,c1489a8f-1dff-511e-b025-5a10261901d7,2025-01-28,17:30:00,19:30:00,32,APROBADA
ca4e9f23-cad8-57d4-8564-0267076eaafd,706ea773-fd09-5587-a465-302616f9d571,2025-01-09,11:00:00,12:00:00,39,APROBADA
03ae30e8-e69f-5bfd-80ec-3204dc97cec6,10225e74-7c22-5384-8cdc-396a168ec651,2025-06-20,15:00:00,18:00:00,30,APROBADA
b5df3a60-a5e0-5f2b-93e8-f5e853759a5e,d7ce39c6-be5b-537a-ae81-d449a1710ff2,2024-11-10,09:30:00,12:30:00,44,APROBADA
6fa597f6-fcc2-5a8c-a969-40424d2cba7d,d7ce39c6-be5b-537a-ae81-d449a1710ff2,2024-11-22,12:00:00,13:30:00,35,APROBADA
5a862717-828a-534e-bfd0-ca1b7e51e067,6d481120-dab0-50c8-8f1b-33cf911e9573,2025-01-07,07:30:00,10:30:00,32,APROBADA
7bd8fd9c-3fcb-59f1-affd-54e49cd49e81,45b00d8f-2f79-52ba-8b17-e7d6ee0b476f,2025-01-19,17:30:00,19:30:00,36,APROBADA
09a62a3a-ac39-5219-ae26-8c21c7ee5017,6d481120-dab0-50c8-8f1b-33cf911e9573,2025-02-23,16:30:00,19:30:00,43,APROBADA
88b88e30-af00-5f91-b173-c87e4e55ed2b,da1fe6a7-058c-5ad3-a10e-f529804a44b5,2024-07-27,07:30:00,09:00:00,35,APROBADA
c80295d7-60ae-5688-8262-60296ac046cb,8fd4b53b-1d49-5307-8a1a-e184999a4434,2024-07-13,11:30:00,12:30:00,38,APROBADA
e0e616ad-7f2d-5bca-aa12-8728540f3bf0,dd609563-702d-543d-a49a-0ce27a83f234,2024-11-05,10:00:00,12:00:00,38,APROBADA
86e0fc8a-c1e4-5bd6-bd08-a22bd9485ea5,0880d439-8834-59c1-bfce-e7f3da722b3f,2024-09-17,16:00:00,19:00:00,44,APROBADA
0c13c264-3cd9-519c-a30b-5414e9e698da,f5e43a2a-032c-562e-837a-ff3c72abffb4,2025-03-22,13:00:00,15:00:00,25,APROBADA
328374a3-827f-5c74-a3cb-65a03e30b8a7,eb4139b4-3715-5623-a990-d045271440a9,2025-01-10,18:30:00,20:30:00,32,APROBADA
f1f19fc2-02a9-5f32-9341-871224dc42ec,6d481120-dab0-50c8-8f1b-33cf911e9573,2025-02-27,11:30:00,13:00:00,29,APROBADA
19aa8fe4-b61c-5ecd-9ab3-4b36a098c2df,d056b3a8-8204-507a-b6c1-1f1203a87651,2025-04-24,07:30:00,09:00:00,29,APROBADA
f5367a60-4970-5c86-995a-dfdc49a7d434,706ea773-fd09-5587-a465-302616f9d571,2024-07-19,18:00:00,21:00:00,32,APROBADA
abd2a864-93fa-5579-91c9-cf37b48033e1,4b4a10f4-36fa-5109-bc5d-14e24370c164,2025-03-19,15:30:00,17:30:00,26,APROBADA
99bdc23e-63f1-5892-92b1-97867fec71fa,da1fe6a7-058c-5ad3-a10e-f529804a44b5,2024-12-15,18:00:00,20:00:00,27,APROBADA
39809c42-9042-5606-bd94-3acdbfe19b08,8fd4b53b-1d49-5307-8a1a-e184999a4434,2024-10-02,10:30:00,11:30:00,25,APROBADA
493000d7-3071-58b2-afb7-84d1252581bb,d76d770e-14c2-5fea-bf8b-28f95250e124,2025-05-10,15:00:00,17:00:00,36,APROBADA
b3942b2c-78b1-5072-8fa8-8e99751ef2a6,10225e74-7c22-5384-8cdc-396a168ec651,2025-06-15,09:00:00,10:30:00,32,APROBADA
1b9370f3-8aad-53e8-b4ff-11b4a648df6d,da1fe6a7-058c-5ad3-a10e-f529804a44b5,2024-11-12,10:30:00,12:00:00,31,APROBADA
0dca8d76-d847-5bb3-a487-13f221439e89,6d481120-dab0-50c8-8f1b-33cf911e9573,2025-03-09,15:30:00,17:30:00,33,APROBADA
3c39b113-0c3f-5419-a3da-aa41bf1b9d47,a22ee2bf-332c-5ac1-ae12-28ce7b0033a1,2024-07-04,11:00:00,14:00:00,34,APROBADA
f0166a4d-f22d-530e-b71e-7f230f8385aa,aad269e7-97f7-5e2d-9c43-cf84b49bd847,2025-05-20,07:00:00,08:30:00,25,APROBADA
4a37f2f1-6a90-59bc-81d7-3312230b8dad,c1489a8f-1dff-511e-b025-5a10261901d7,2024-08-22,11:30:00,14:30:00,25,APROBADA
9a40bcc7-3790-5a47-b49e-d6a0116dd197,706ea773-fd09-5587-a465-302616f9d571,2025-05-05,09:00:00,12:00:00,27,APROBADA
24b1da43-1359-5252-8ffe-dff547d644d7,d7ce39c6-be5b-537a-ae81-d449a1710ff2,2025-05-31,07:30:00,09:30:00,44,APROBADA
7be722e2-a9b2-5069-b730-a7bac1b09bcf,7bcb3d0c-2500-5f01-abe8-d24e962af50e,2025-05-10,10:00:00,11:00:00,30,APROBADA
1e5ec795-930f-5023-b399-842ab7b2c829,da1fe6a7-058c-5ad3-a10e-f529804a44b5,2025-01-02,18:30:00,21:30:00,26,APROBADA
22365df6-d522-53bf-baff-68f657d304d0,0880d439-8834-59c1-bfce-e7f3da722b3f,2024-07-21,19:00:00,20:00:00,30,APROBADA
4b5849c8-04bb-5c82-b428-f08dfb77068a,8fd4b53b-1d49-5307-8a1a-e184999a4434,2024-07-06,19:00:00,20:00:00,28,APROBADA
5e246db9-3531-5f13-95d5-d0d7c8ccf1d1,d76d770e-14c2-5fea-bf8b-28f95250e124,2024-12-03,18:30:00,19:30:00,39,APROBADA
aadea5bf-8d4d-566b-a3e0-61c7da1686dc,dd609563-702d-543d-a49a-0ce27a83f234,2025-02-04,12:30:00,15:30:00,28,APROBADA
56746220-509d-5d2c-961f-087292763774,a40fe9f0-87fa-5853-968f-5cedd5939e8a,2025-05-03,10:00:00,11:00:00,26,APROBADA
968993a4-9762-56ac-a507-52ab83074c20,7d424b25-0f98-5f10-b2a8-ed9ddcd33e7a,2025-06-08,17:30:00,20:30:00,37,APROBADA
9e741787-3c2e-5dd5-a983-8f468baf3e4d,dd609563-702d-543d-a49a-0ce27a83f234,2025-02-12,07:30:00,10:30:00,36,APROBADA
f7eb5ea6-a99e-502b-99d9-4d537a75bcf5,1dee66e3-0076-5033-8ba0-70dd67e8aea0,2025-04-28,17:00:00,18:30:00,32,APROBADA
1ba9aca3-97fe-53be-926f-969a5e7808a8,1dee66e3-0076-5033-8ba0-70dd67e8aea0,2025-01-08,15:00:00,16:00:00,38,APROBADA
d8a31775-e22b-5626-bfa5-259036629334,8fd4b53b-1d49-5307-8a1a-e184999a4434,2024-10-07,16:00:00,18:00:00,35,APROBADA
5caf983d-c814-5100-81f3-04b76ce5c2e9,23c254ed-4635-5cec-baa9-656efa7fd130,2024-09-13,08:00:00,09:00:00,27,APROBADA
c655df95-ec94-5b69-8c88-d7bc77bd84da,1dee66e3-0076-5033-8ba0-70dd67e8aea0,2025-06-30,18:00:00,21:00:00,32,APROBADA
ce0e4328-e332-564f-9738-14b056a7aeef,dd609563-702d-543d-a49a-0ce27a83f234,2025-02-03,13:00:00,16:00:00,26,APROBADA
0a6aaf3c-6ba7-57f7-8359-0c5d49c55ba4,0880d439-8834-59c1-bfce-e7f3da722b3f,2024-09-07,15:00:00,17:00:00,34,APROBADA
1b5794be-9b43-52dc-bfa8-b45fb9155fff,e5da4cff-29aa-5f05-8532-70f093603e74,2024-11-10,07:30:00,08:30:00,40,APROBADA
fdf76c60-635e-54c9-9f07-dbc7cf30764b,45b00d8f-2f79-52ba-8b17-e7d6ee0b476f,2024-07-27,13:00:00,14:30:00,32,APROBADA
cf2225a4-ec11-5cb4-a941-88db4a6ea451,a40fe9f0-87fa-5853-968f-5cedd5939e8a,2024-09-10,18:00:00,21:00:00,25,APROBADA
07416dd7-c990-5553-8413-97849ef5baf5,4b4a10f4-36fa-5109-bc5d-14e24370c164,2024-10-27,09:00:00,10:00:00,27,APROBADA
d694be9c-e4db-51e9-85fc-faba8a8825c9,8fd4b53b-1d49-5307-8a1a-e184999a4434,2025-04-30,08:00:00,10:00:00,28,APROBADA
7e8a9abb-da3b-5409-a4fc-ad092c5b4290,10225e74-7c22-5384-8cdc-396a168ec651,2024-08-16,11:00:00,14:00:00,25,APROBADA
05c8cb00-4bf3-5a2f-b4f3-adb1b9af6f17,b8969593-19a7-5a43-84c0-d52e63ac0cb4,2024-11-03,17:00:00,18:00:00,28,APROBADA
70700fab-9703-5698-8a0a-82928a2c664d,b46607fb-d28f-5c06-a3a8-091cb9d995ec,2024-08-16,14:00:00,15:30:00,30,APROBADA
ac043c82-82e3-549d-8bb2-c9c542f9f760,d76d770e-14c2-5fea-bf8b-28f95250e124,2025-05-23,14:00:00,15:30:00,31,APROBADA
f1faf7d0-9ce1-567e-bf2f-07f1ff7be652,d056b3a8-8204-507a-b6c1-1f1203a87651,2025-01-25,12:00:00,14:00:00,32,APROBADA
2997c454-b583-5a82-897e-fc8b50f04248,d7ce39c6-be5b-537a-ae81-d449a1710ff2,2025-04-18,13:00:00,15:00:00,41,APROBADA
054a71e8-71ed-5a0e-a25c-7c0834f56ef9,0880d439-8834-59c1-bfce-e7f3da722b3f,2025-01-13,11:30:00,14:30:00,44,APROBADA
25673348-f01d-58c3-9f10-679e97f6b01c,e5da4cff-29aa-5f05-8532-70f093603e74,2024-08-11,12:30:00,15:30:00,40,APROBADA
0ac806d7-391e-566e-bb41-e714680394b7,706ea773-fd09-5587-a465-302616f9d571,2025-02-11,11:30:00,13:00:00,36,APROBADA
cb0b657c-451b-5c6a-8b67-96a8fd87bb7b,7d424b25-0f98-5f10-b2a8-ed9ddcd33e7a,2024-12-02,16:30:00,18:00:00,39,APROBADA
a56e35db-2197-5b28-bac9-904070820efc,7bcb3d0c-2500-5f01-abe8-d24e962af50e,2024-09-17,18:30:00,20:30:00,25,APROBADA
ff50de35-2062-5ee2-881e-3596d5ffd4e4,8fd4b53b-1d49-5307-8a1a-e184999a4434,2024-10-31,12:00:00,13:00:00,28,APROBADA
1d4fa2ec-fefa-5086-925d-bc3b10f0685c,d7ce39c6-be5b-537a-ae81-d449a1710ff2,2024-10-17,16:30:00,19:30:00,40,APROBADA
2e761819-0bdb-562f-8207-f78e2e2c671e,eb4139b4-3715-5623-a990-d045271440a9,2025-06-09,15:00:00,17:00:00,31,APROBADA
6c63dce9-146d-529b-837e-c16018dafde8,706ea773-fd09-5587-a465-302616f9d571,2024-11-24,07:30:00,09:00:00,35,APROBADA
9b7abfe2-a8da-534d-92ac-c2332ae8ee56,7d424b25-0f98-5f10-b2a8-ed9ddcd33e7a,2024-07-01,07:30:00,10:30:00,27,APROBADA
84565d59-2c57-5951-8a41-d84dcc41f807,7bcb3d0c-2500-5f01-abe8-d24e962af50e,2024-09-10,12:30:00,14:00:00,26,APROBADA
365c6755-87de-5c3a-ab98-64001b47f86f,7d424b25-0f98-5f10-b2a8-ed9ddcd33e7a,2025-05-09,07:30:00,10:30:00,33,APROBADA
d9d6ee2a-df55-5e45-896c-93d08be59f19,aad269e7-97f7-5e2d-9c43-cf84b49bd847,2024-12-16,10:30:00,12:30:00,27,APROBADA
0d4c80b6-c54e-58d4-941a-6ccea6227eca,45b00d8f-2f79-52ba-8b17-e7d6ee0b476f,2025-01-30,16:30:00,18:00:00,36,APROBADA
dbac4099-2d90-5563-a644-e16977b0e871,a22ee2bf-332c-5ac1-ae12-28ce7b0033a1,2025-01-23,11:30:00,14:30:00,29,APROBADA
3069a31f-b410-5cdb-a062-7a5657edc7b3,0880d439-8834-59c1-bfce-e7f3da722b3f,2025-03-03,16:30:00,17:30:00,38,APROBADA
238c7928-750a-592e-954f-99b392cc199a,a40fe9f0-87fa-5853-968f-5cedd5939e8a,2024-07-18,08:00:00,11:00:00,32,APROBADA
f955adf6-705d-5da9-8c58-26b1da1c6343,10225e74-7c22-5384-8cdc-396a168ec651,2025-03-14,16:30:00,17:30:00,35,APROBADA
92d6c447-7196-5d61-906a-2eea6598ec90,a40fe9f0-87fa-5853-968f-5cedd5939e8a,2024-10-12,16:30:00,18:30:00,28,APROBADA
1962e098-8815-5382-9287-2c2e4a2e80a9,6903b35b-c2a6-5770-98e5-743c2bc06b45,2025-03-12,11:30:00,13:00:00,26,APROBADA
5f94b9b3-4c55-51ae-b083-49b1b1fd5409,2574a671-d58d-5db3-8c9f-2518d8a8d790,2025-05-10,08:30:00,10:00:00,31,APROBADA
c6eca99a-b6fc-54ab-b35a-94145ffcf0e0,da1fe6a7-058c-5ad3-a10e-f529804a44b5,2025-05-31,14:00:00,16:00:00,28,APROBADA
0fdfecb7-57fb-54a8-95f4-ea25afd4f0d0,a22ee2bf-332c-5ac1-ae12-28ce7b0033a1,2025-02-10,15:30:00,17:00:00,33,APROBADA
6f2d4940-fb79-52de-a42e-68317a6e36eb,1a0b71d7-4721-5998-bd82-de26b25b5771,2024-07-22,10:30:00,12:00:00,28,APROBADA
347369b8-6134-58d5-84de-93ce616c0a77,6903b35b-c2a6-5770-98e5-743c2bc06b45,2025-01-07,17:00:00,18:00:00,36,APROBADA
f0b4c777-00f0-5c2c-83ff-a0fb190eb829,2574a671-d58d-5db3-8c9f-2518d8a8d790,2025-06-21,10:30:00,11:30:00,29,APROBADA
748fa0e9-718b-5342-acdc-a7902a0c8a47,45b00d8f-2f79-52ba-8b17-e7d6ee0b476f,2025-04-26,16:30:00,18:00:00,26,APROBADA
fc704e94-4e82-5eae-b84c-ed78aefa7ac0,c1489a8f-1dff-511e-b025-5a10261901d7,2025-03-18,07:00:00,08:00:00,28,APROBADA
5b8ea974-8f88-539d-bb06-d7ab061deec6,da1fe6a7-058c-5ad3-a10e-f529804a44b5,2024-11-20,07:00:00,09:00:00,29,APROBADA
5acdeea2-cbf0-5ea8-b43e-572e897c06e4,dd609563-702d-543d-a49a-0ce27a83f234,2024-10-12,07:30:00,09:00:00,38,APROBADA
9c323a90-a842-5c3e-b034-4ad1e533a9fe,0880d439-8834-59c1-bfce-e7f3da722b3f,2024-07-09,08:30:00,10:00:00,37,APROBADA
be7c560d-ebdb-513b-b654-71d8c5bff9d2,d7ce39c6-be5b-537a-ae81-d449a1710ff2,2024-09-23,10:30:00,12:00:00,26,APROBADA
7ea75823-1e15-5df3-8833-2f23792f6d28,8fd4b53b-1d49-5307-8a1a-e184999a4434,2025-04-16,17:30:00,19:00:00,29,APROBADA
c5f99e53-f350-5344-a60f-10e05db81310,23c254ed-4635-5cec-baa9-656efa7fd130,2025-06-20,11:00:00,14:00:00,31,APROBADA
fe5e214c-891f-5205-811c-eae2c319cdaa,1a0b71d7-4721-5998-bd82-de26b25b5771,2024-07-28,11:00:00,12:30:00,30,APROBADA
142b399b-0efd-5d5d-8825-715562711518,1a0b71d7-4721-5998-bd82-de26b25b5771,2025-06-01,11:00:00,13:00:00,43,APROBADA
935b2d86-a699-56c9-b42b-31500b21812b,a22ee2bf-332c-5ac1-ae12-28ce7b0033a1,2024-08-21,12:30:00,14:30:00,29,APROBADA
090eaa07-eb31-55d6-88af-f898531b6c1a,ef815f08-b586-5f03-964a-a08004eaebf3,2024-08-13,14:00:00,16:00:00,36,APROBADA
b0d5fc34-9353-5fb5-8fec-aacb4e554263,dd609563-702d-543d-a49a-0ce27a83f234,2024-11-29,14:00:00,17:00:00,26,APROBADA
53c67771-a614-5cc8-924c-59e1ed61a549,6d481120-dab0-50c8-8f1b-33cf911e9573,2024-10-29,16:00:00,18:00:00,29,APROBADA
ed38659c-f125-567e-aca4-a2546fe1bee0,dd609563-702d-543d-a49a-0ce27a83f234,2024-09-27,19:00:00,20:00:00,27,APROBADA
c2d81751-d2c6-5df3-8eab-c345837d0c22,4b4a10f4-36fa-5109-bc5d-14e24370c164,2025-01-29,12:00:00,14:00:00,27,APROBADA
b46fd4ae-94dc-5402-9d8c-5ba405fb14d0,da1fe6a7-058c-5ad3-a10e-f529804a44b5,2024-08-13,07:00:00,09:00:00,33,APROBADA
b0393934-e515-5c3a-99ba-809a3e30bb70,0880d439-8834-59c1-bfce-e7f3da722b3f,2024-11-26,14:30:00,17:30:00,33,APROBADA
0b94ba61-1b13-5a55-96bb-631820b6e2d6,45b00d8f-2f79-52ba-8b17-e7d6ee0b476f,2024-11-12,08:00:00,09:30:00,29,APROBADA
fa7f372e-10f6-5e61-9b73-6c437ac8498f,7d424b25-0f98-5f10-b2a8-ed9ddcd33e7a,2025-03-17,16:00:00,17:30:00,39,APROBADA
c21b34cb-ad52-5db2-aed5-3655894b8026,d7ce39c6-be5b-537a-ae81-d449a1710ff2,2024-08-18,09:30:00,11:00:00,45,APROBADA
b11ef901-843b-5799-b6b0-1d622ac1532d,dd609563-702d-543d-a49a-0ce27a83f234,2024-10-05,13:30:00,14:30:00,35,APROBADA
64513250-8d7b-547b-a703-0fb7f8cd7027,10225e74-7c22-5384-8cdc-396a168ec651,2025-04-21,19:00:00,20:00:00,30,APROBADA
ac9f218a-8cec-5595-9bb6-e86f2803cdd6,7bcb3d0c-2500-5f01-abe8-d24e962af50e,2025-06-30,16:00:00,18:00:00,26,APROBADA
b50b4c93-a454-576b-8edc-32715f0c150b,2574a671-d58d-5db3-8c9f-2518d8a8d790,2024-07-24,07:30:00,08:30:00,27,APROBADA
562cdc89-631c-5229-a66c-4a61bade3047,d7ce39c6-be5b-537a-ae81-d449a1710ff2,2025-05-23,11:30:00,13:30:00,30,APROBADA
432072e2-11c5-5c62-aa73-56c548155cb6,05a1191e-b84b-597d-b970-b04889cc30ee,2024-09-23,10:30:00,13:30:00,25,APROBADA
28d56c57-071c-52fc-9389-90dd6878cf33,d76d770e-14c2-5fea-bf8b-28f95250e124,2024-07-19,07:30:00,09:00:00,39,APROBADA
3c131278-f364-5e58-a715-94623ab0138d,1dee66e3-0076-5033-8ba0-70dd67e8aea0,2025-04-17,14:00:00,17:00:00,41,APROBADA
1096b2a5-3c69-5885-b618-fe029b46202b,e5da4cff-29aa-5f05-8532-70f093603e74,2025-04-04,17:30:00,18:30:00,31,APROBADA
62ecf957-92f0-5eb6-b2ed-e6c2a4b68869,1dee66e3-0076-5033-8ba0-70dd67e8aea0,2025-02-13,10:00:00,11:00:00,40,APROBADA
bc069631-3d72-5c14-825a-077529835eeb,10225e74-7c22-5384-8cdc-396a168ec651,2025-03-28,19:00:00,21:00:00,28,APROBADA
45edc0df-1f72-5192-ae12-20f3d19a97b9,eb4139b4-3715-5623-a990-d045271440a9,2025-03-29,17:30:00,18:30:00,30,APROBADA
b2ae7d0d-4b0e-556a-91c4-133dc9d9e01a,4b4a10f4-36fa-5109-bc5d-14e24370c164,2025-01-28,13:30:00,15:00:00,26,APROBADA
3c1f2043-f290-5335-b919-6afd98d0ba7c,05a1191e-b84b-597d-b970-b04889cc30ee,2024-08-13,15:30:00,17:30:00,26,APROBADA
293ff393-1c2d-512a-a339-b902d22a761b,8fd4b53b-1d49-5307-8a1a-e184999a4434,2024-09-14,10:00:00,11:00:00,37,APROBADA
79761702-bd8c-5d9f-b888-1f180151d469,aad269e7-97f7-5e2d-9c43-cf84b49bd847,2024-12-06,09:00:00,10:00:00,29,APROBADA
ad692430-5519-5452-9cf7-78ca78624051,ef815f08-b586-5f03-964a-a08004eaebf3,2025-05-23,09:00:00,11:00:00,36,APROBADA
73625d52-1db8-5fed-9d15-265d5dea0a43,eb4139b4-3715-5623-a990-d045271440a9,2025-02-19,13:30:00,15:30:00,29,APROBADA
aed41bcb-a1fe-565e-8d04-ebb78b5de532,1dee66e3-0076-5033-8ba0-70dd67e8aea0,2024-07-13,08:30:00,10:00:00,43,APROBADA
758f09a4-fcf2-5d74-a2f5-09cb9b32f5d2,0880d439-8834-59c1-bfce-e7f3da722b3f,2024-07-25,13:00:00,14:00:00,25,APROBADA
17a83796-b029-5bc7-91b0-2c7ccfde5177,a22ee2bf-332c-5ac1-ae12-28ce7b0033a1,2024-12-31,14:00:00,15:00:00,25,APROBADA
0f2ac387-e974-5ea0-9f66-4bed8c51be4c,c1489a8f-1dff-511e-b025-5a10261901d7,2024-11-09,15:30:00,18:30:00,25,APROBADA
d5b7134f-4fe0-5605-9d80-3f8ee5befbb7,da1fe6a7-058c-5ad3-a10e-f529804a44b5,2024-09-05,17:30:00,20:30:00,30,APROBADA
c35a5aca-6b75-545c-bb8a-97e2f16bb367,d7ce39c6-be5b-537a-ae81-d449a1710ff2,2024-09-16,16:30:00,19:30:00,43,APROBADA
04b70f5b-d7af-562f-b2a6-1afbf29f403f,b46607fb-d28f-5c06-a3a8-091cb9d995ec,2024-11-04,13:00:00,14:30:00,35,APROBADA
80722c5a-9f07-5b1c-97be-47d7d79621ee,8fd4b53b-1d49-5307-8a1a-e184999a4434,2024-11-11,17:30:00,18:30:00,25,APROBADA
c2879120-5d62-5cf3-b0c4-431c96600603,a40fe9f0-87fa-5853-968f-5cedd5939e8a,2024-12-20,14:30:00,15:30:00,31,APROBADA
798efbcd-f289-5338-8d71-32397880c135,706ea773-fd09-5587-a465-302616f9d571,2024-12-06,07:30:00,10:30:00,25,APROBADA
697fe0da-2686-51e6-a3bf-ac4cab2cae96,4b4a10f4-36fa-5109-bc5d-14e24370c164,2024-08-05,15:30:00,17:30:00,32,APROBADA
13f15ca4-2da0-5014-a256-f6b6581b6433,6d481120-dab0-50c8-8f1b-33cf911e9573,2025-06-30,16:30:00,17:30:00,27,APROBADA
deb55076-d150-575f-b323-4a672856672d,b46607fb-d28f-5c06-a3a8-091cb9d995ec,2025-04-14,17:30:00,20:30:00,25,APROBADA
df273b63-bef4-5345-9524-b1763c2afefb,0880d439-8834-59c1-bfce-e7f3da722b3f,2025-03-31,15:00:00,16:00:00,37,APROBADA
dc690ac0-bb7b-5cf8-b1e5-ab5021e61e0c,706ea773-fd09-5587-a465-302616f9d571,2025-06-05,14:00:00,16:00:00,33,APROBADA
f93dd1b7-440a-54dc-bf27-3f0f784f352c,6d481120-dab0-50c8-8f1b-33cf911e9573,2025-03-07,18:00:00,20:00:00,25,APROBADA
86592292-0251-5019-84af-0935ced0fa57,eb4139b4-3715-5623-a990-d045271440a9,2025-04-13,17:30:00,20:30:00,32,APROBADA
8b18ba17-5fb5-5fc9-8d92-04a7c2db9560,ef815f08-b586-5f03-964a-a08004eaebf3,2024-10-21,11:30:00,13:30:00,34,APROBADA
799a9ffd-8b7a-52c8-8dec-c742c59fd47d,b8969593-19a7-5a43-84c0-d52e63ac0cb4,2024-09-22,18:00:00,21:00:00,28,APROBADA
715e841d-744f-5202-8636-294dd2f4199d,a40fe9f0-87fa-5853-968f-5cedd5939e8a,2024-09-19,09:00:00,10:30:00,27,APROBADA
8f83162d-1e69-5eb9-a21a-079f35e446e6,ef815f08-b586-5f03-964a-a08004eaebf3,2025-05-24,15:30:00,16:30:00,35,APROBADA
7ec944e8-0d9a-5b7c-95af-9bab1009527f,706ea773-fd09-5587-a465-302616f9d571,2024-08-18,11:30:00,14:30:00,25,APROBADA
be0fe2d2-0a0c-5953-8233-30db7014f88f,7bcb3d0c-2500-5f01-abe8-d24e962af50e,2025-03-07,18:30:00,21:30:00,32,APROBADA
3f38346a-24d7-5918-8cf2-3794a258865f,e5da4cff-29aa-5f05-8532-70f093603e74,2025-06-25,17:30:00,20:30:00,38,APROBADA
a92b5689-c199-5804-8bc5-488db3acf4b7,23c254ed-4635-5cec-baa9-656efa7fd130,2025-06-28,13:30:00,15:30:00,26,APROBADA
33dc9811-e441-53d0-a1e5-0385054ed899,45b00d8f-2f79-52ba-8b17-e7d6ee0b476f,2024-10-01,18:30:00,20:30:00,29,APROBADA
a2fa3f71-416c-5efe-bcaf-dd2d97888009,6903b35b-c2a6-5770-98e5-743c2bc06b45,2025-01-15,12:00:00,15:00:00,25,APROBADA
2d6af94a-0f11-5dba-a7a4-d98f773aeffd,e5da4cff-29aa-5f05-8532-70f093603e74,2025-03-25,14:00:00,15:00:00,34,APROBADA
11786871-3b1a-5ba2-90e8-29175d48662c,706ea773-fd09-5587-a465-302616f9d571,2024-12-05,10:30:00,13:30:00,27,APROBADA
3d11f778-4b3f-5099-af7c-41603fd7a6ca,e5da4cff-29aa-5f05-8532-70f093603e74,2025-01-14,10:30:00,12:30:00,29,APROBADA
dd860398-43e5-57e2-9b75-0338aaf9833d,0880d439-8834-59c1-bfce-e7f3da722b3f,2025-06-17,09:30:00,10:30:00,26,APROBADA
db471f99-321e-5508-9772-c0f67388f65e,dd609563-702d-543d-a49a-0ce27a83f234,2025-01-06,16:30:00,18:00:00,32,APROBADA
b496602b-1729-55a4-ad60-acb8bf4084f1,dd609563-702d-543d-a49a-0ce27a83f234,2024-12-30,15:00:00,16:00:00,34,APROBADA
d906a7f6-0fa6-5225-8fc8-c7b35f715854,1dee66e3-0076-5033-8ba0-70dd67e8aea0,2024-08-04,17:30:00,19:00:00,43,APROBADA
6ac815da-e23c-5851-badc-b59022318119,c1489a8f-1dff-511e-b025-5a10261901d7,2024-08-15,12:30:00,13:30:00,28,APROBADA
3f62649c-1e81-5630-885b-85aafe281804,d7ce39c6-be5b-537a-ae81-d449a1710ff2,2025-03-18,08:30:00,10:30:00,29,APROBADA
198f873e-32f0-5f85-8347-509b68debb5a,4b4a10f4-36fa-5109-bc5d-14e24370c164,2025-01-10,10:00:00,12:00:00,31,APROBADA
22e3a674-e826-5e36-91f3-d0cffeb00c04,2574a671-d58d-5db3-8c9f-2518d8a8d790,2024-11-05,13:00:00,15:00:00,34,APROBADA
7531ced7-2e0a-5c0e-95d5-b2e13a529392,10225e74-7c22-5384-8cdc-396a168ec651,2025-03-14,09:30:00,11:30:00,34,APROBADA
815f6709-1d92-5c71-8e1e-1e6590aac548,e5da4cff-29aa-5f05-8532-70f093603e74,2024-10-10,07:00:00,10:00:00,25,APROBADA
cd017b6d-8424-546b-ae13-85d9df5d9505,da1fe6a7-058c-5ad3-a10e-f529804a44b5,2025-02-25,07:00:00,09:00:00,25,APROBADA
397f5110-2a64-51e3-8481-dc1c18d9d4db,6d481120-dab0-50c8-8f1b-33cf911e9573,2025-03-28,09:00:00,10:30:00,34,APROBADA
056e6012-b1be-5f47-8179-eba110130c90,6c814918-8ba0-52cc-9377-6d60b7946f8b,2024-10-02,10:30:00,12:30:00,34,APROBADA
a45ac37b-7484-5e99-a41b-8c78c4618662,b8969593-19a7-5a43-84c0-d52e63ac0cb4,2025-01-05,14:00:00,17:00:00,27,APROBADA
7ecd982e-5e75-514f-8f0b-aca4a475ae7b,b46607fb-d28f-5c06-a3a8-091cb9d995ec,2024-10-01,15:30:00,16:30:00,34,APROBADA
e79eb831-3eed-5b64-8014-75f78eba5405,1a0b71d7-4721-5998-bd82-de26b25b5771,2025-03-30,12:00:00,13:00:00,43,APROBADA
86bc00f5-104e-57c6-966e-bc5fffff53d4,d7ce39c6-be5b-537a-ae81-d449a1710ff2,2024-10-10,13:00:00,16:00:00,37,APROBADA
0f50ffce-cc3d-5547-a084-f8fdf674f61e,0880d439-8834-59c1-bfce-e7f3da722b3f,2024-12-26,11:30:00,13:00:00,35,APROBADA
35b8fcad-1a46-55b3-8797-2991ac31febe,da1fe6a7-058c-5ad3-a10e-f529804a44b5,2025-01-11,11:30:00,12:30:00,28,APROBADA
d6aded39-d404-5b96-952a-6108b606133f,6d481120-dab0-50c8-8f1b-33cf911e9573,2025-03-01,09:30:00,11:00:00,42,APROBADA
be7e0284-5eab-5a60-94ce-8a646ea7823a,ef815f08-b586-5f03-964a-a08004eaebf3,2025-01-23,17:30:00,18:30:00,25,APROBADA
1d43f174-5b4c-51ed-843b-e4a1c257a531,b46607fb-d28f-5c06-a3a8-091cb9d995ec,2024-11-07,09:30:00,10:30:00,25,APROBADA
d482ac66-9825-5a7d-a06c-7435652c363a,6c814918-8ba0-52cc-9377-6d60b7946f8b,2025-04-12,17:00:00,20:00:00,26,APROBADA
ac28cb59-6de8-5d65-96b2-42116e9d8fb9,b8969593-19a7-5a43-84c0-d52e63ac0cb4,2024-12-28,10:00:00,13:00:00,29,APROBADA
8cbc11dc-e4c3-561c-ae8b-86a1f8e2509a,ef815f08-b586-5f03-964a-a08004eaebf3,2025-03-13,09:00:00,10:30:00,27,APROBADA
07fbab1f-907c-5d54-be8b-d131842a2a58,1dee66e3-0076-5033-8ba0-70dd67e8aea0,2024-12-04,07:00:00,10:00:00,45,APROBADA
e331e519-dd4a-5f94-965e-b17821302fbc,8fd4b53b-1d49-5307-8a1a-e184999a4434,2024-11-24,08:00:00,11:00:00,28,APROBADA
992ad7b1-7062-5bd4-a654-cb2197cf5909,d7ce39c6-be5b-537a-ae81-d449a1710ff2,2024-09-17,12:00:00,14:00:00,36,APROBADA
a56f9449-a673-5b6d-b05f-91333a8879c9,45b00d8f-2f79-52ba-8b17-e7d6ee0b476f,2024-07-08,13:30:00,15:00:00,26,APROBADA
4d36ce91-a6e9-5e92-9d0b-44c8924d1321,706ea773-fd09-5587-a465-302616f9d571,2025-01-08,12:30:00,14:30:00,39,APROBADA
8e155312-c363-51a2-91e3-8ea5db11341c,a40fe9f0-87fa-5853-968f-5cedd5939e8a,2025-01-05,14:30:00,15:30:00,30,APROBADA
cc640b39-879a-5c57-a724-69b83218ab4b,05a1191e-b84b-597d-b970-b04889cc30ee,2024-12-26,12:00:00,14:00:00,36,APROBADA
7953d3f0-4848-5bfd-8d50-8b13700c6fa6,706ea773-fd09-5587-a465-302616f9d571,2025-02-08,09:00:00,12:00:00,34,APROBADA
715c6f12-a55b-53a6-93cf-2bfc14b924b8,0880d439-8834-59c1-bfce-e7f3da722b3f,2024-12-06,16:30:00,18:00:00,31,APROBADA
bf556a9b-4244-5ed7-98d3-eb8108a58e58,d76d770e-14c2-5fea-bf8b-28f95250e124,2025-06-28,07:00:00,08:00:00,40,APROBADA
d50acb3f-c603-5b60-9248-26d29eb27727,dd609563-702d-543d-a49a-0ce27a83f234,2025-05-19,18:30:00,20:30:00,39,APROBADA
f6939075-d5e5-53f6-b81d-ac41b54c0298,706ea773-fd09-5587-a465-302616f9d571,2025-03-31,13:00:00,16:00:00,35,APROBADA
e9159911-41c3-584b-beae-a76234c37682,706ea773-fd09-5587-a465-302616f9d571,2025-03-16,17:00:00,18:30:00,37,APROBADA
e12a1423-f432-56a4-98a3-561917fdbe91,45b00d8f-2f79-52ba-8b17-e7d6ee0b476f,2024-08-11,15:00:00,18:00:00,34,APROBADA
abaf95ca-4183-5bb5-aed3-778e906b192f,6c814918-8ba0-52cc-9377-6d60b7946f8b,2024-09-24,15:30:00,16:30:00,40,APROBADA
a6120f8e-c852-5498-977c-e672598dc7e7,ef815f08-b586-5f03-964a-a08004eaebf3,2024-12-29,17:00:00,20:00:00,25,APROBADA
5c39b237-0c08-5625-bbd6-589185b6ef1a,d76d770e-14c2-5fea-bf8b-28f95250e124,2025-03-06,08:00:00,09:00:00,38,APROBADA
7ad9332c-f53a-51a7-8fcd-ba75cd93d660,eb4139b4-3715-5623-a990-d045271440a9,2024-10-03,07:00:00,09:00:00,25,APROBADA
b293e446-2c55-5e2b-aad9-0f3760837363,d76d770e-14c2-5fea-bf8b-28f95250e124,2024-08-31,11:30:00,13:00:00,28,APROBADA
1e844d12-7bdb-5999-810a-009ac4dfb362,23c254ed-4635-5cec-baa9-656efa7fd130,2025-03-25,18:30:00,19:30:00,27,APROBADA
32ffacff-adaa-527b-a9e5-2e32b7d190cd,f5e43a2a-032c-562e-837a-ff3c72abffb4,2025-06-05,14:00:00,15:00:00,28,APROBADA
fad331c2-be43-5722-9c77-866debea538d,f5e43a2a-032c-562e-837a-ff3c72abffb4,2024-12-19,12:00:00,14:00:00,26,APROBADA
63a38cdb-3f39-5d74-9d00-a8857e5ca194,a40fe9f0-87fa-5853-968f-5cedd5939e8a,2025-05-20,12:00:00,13:30:00,28,APROBADA
e9ecb1f2-3e66-55c4-9725-1ef6ce7d6d3f,45b00d8f-2f79-52ba-8b17-e7d6ee0b476f,2025-03-08,08:00:00,11:00:00,30,APROBADA
b1db2bc0-da71-595f-8bac-ccbb9c1893e6,8fd4b53b-1d49-5307-8a1a-e184999a4434,2025-01-25,19:00:00,20:30:00,38,APROBADA
ca34e482-b265-56c5-aca1-4ffacf68f034,d056b3a8-8204-507a-b6c1-1f1203a87651,2024-07-09,16:00:00,19:00:00,25,APROBADA
b7742ea8-1513-5d8a-9c48-75ef3efcae59,1a0b71d7-4721-5998-bd82-de26b25b5771,2024-07-22,08:30:00,11:30:00,44,APROBADA
bfac6552-cbe0-513a-9605-a33202b9e367,eb4139b4-3715-5623-a990-d045271440a9,2024-08-30,14:00:00,15:30:00,28,APROBADA
4e96d878-8a0f-5ea5-a752-74fc790a06ba,10225e74-7c22-5384-8cdc-396a168ec651,2024-09-16,15:30:00,17:00:00,28,APROBADA
87995d4a-ebf2-52a6-9c50-69f786484fc7,a40fe9f0-87fa-5853-968f-5cedd5939e8a,2025-03-15,14:30:00,15:30:00,25,APROBADA
8ef5e43a-58b8-5e13-bd15-d75c558df964,10225e74-7c22-5384-8cdc-396a168ec651,2024-07-20,08:30:00,10:00:00,26,APROBADA
d9ee2b26-82ba-5d16-a463-5c59832d9e9a,da1fe6a7-058c-5ad3-a10e-f529804a44b5,2025-05-23,19:00:00,20:30:00,34,APROBADA
ec5ddcab-3d3f-5ea3-86de-fccc32f27f57,d056b3a8-8204-507a-b6c1-1f1203a87651,2024-11-24,13:00:00,14:30:00,31,APROBADA
2a58b503-c4d7-5e76-b859-25954e4c66e2,8fd4b53b-1d49-5307-8a1a-e184999a4434,2025-04-19,18:00:00,21:00:00,36,APROBADA
e2064af3-f103-56c3-81b7-ce5d6fe3e4ee,eb4139b4-3715-5623-a990-d045271440a9,2024-09-24,12:30:00,13:30:00,27,APROBADA
eb9d7ee5-2eff-5d33-b5e4-f997bbb3463d,45b00d8f-2f79-52ba-8b17-e7d6ee0b476f,2024-07-20,15:00:00,16:00:00,27,APROBADA
cd07e665-2e7b-52cd-8b7c-14c288a6dbd2,b46607fb-d28f-5c06-a3a8-091cb9d995ec,2025-02-17,08:00:00,11:00:00,32,APROBADA
bddfa0bb-55e0-5abf-9c3f-e4817f2e6895,1a0b71d7-4721-5998-bd82-de26b25b5771,2024-10-27,10:00:00,12:00:00,39,APROBADA
69492be3-ef9a-5e75-b623-80fedcde1df7,1a0b71d7-4721-5998-bd82-de26b25b5771,2024-12-14,15:30:00,18:30:00,43,APROBADA
c94ee5ca-d493-5712-9125-6e7808a3142c,aad269e7-97f7-5e2d-9c43-cf84b49bd847,2024-10-18,14:30:00,16:00:00,26,APROBADA
9a1b042a-2f8f-52f7-8f52-f3e83fa7f561,2574a671-d58d-5db3-8c9f-2518d8a8d790,2024-11-02,08:00:00,10:00:00,25,APROBADA
1c07233b-0253-54b2-86ee-99719ac53bed,7d424b25-0f98-5f10-b2a8-ed9ddcd33e7a,2025-06-27,18:30:00,21:30:00,26,APROBADA
9d62e854-7b53-58e1-abe7-108784119a5f,d056b3a8-8204-507a-b6c1-1f1203a87651,2024-09-11,16:30:00,18:30:00,26,APROBADA
cfa803aa-380f-5b95-9a0e-c0c4ce83950b,1a0b71d7-4721-5998-bd82-de26b25b5771,2024-11-24,07:00:00,09:00:00,29,APROBADA
e27c35c7-dda8-58d4-ae85-bee57bb732cc,6903b35b-c2a6-5770-98e5-743c2bc06b45,2024-12-21,15:00:00,16:00:00,26,APROBADA
6a6a28cb-9c27-592d-9f51-cb2eae745932,0880d439-8834-59c1-bfce-e7f3da722b3f,2024-07-22,18:00:00,21:00:00,38,APROBADA
847fb768-b65e-5631-8bc6-18d91f5a43dd,10225e74-7c22-5384-8cdc-396a168ec651,2024-11-14,12:30:00,14:00:00,33,APROBADA
e1c5ea14-8045-5c38-a006-59f39b6b9062,7bcb3d0c-2500-5f01-abe8-d24e962af50e,2025-01-22,17:00:00,18:00:00,26,APROBADA
fe677690-388c-534a-b0ba-afdb629ab5c3,7bcb3d0c-2500-5f01-abe8-d24e962af50e,2025-04-26,11:00:00,12:30:00,27,APROBADA
e5bd5ee6-f1ea-593e-b9a1-eec8ece7d7d8,c1489a8f-1dff-511e-b025-5a10261901d7,2024-12-21,10:00:00,13:00:00,31,APROBADA
38b75eb6-26c7-58a1-8045-4d3445b98713,e5da4cff-29aa-5f05-8532-70f093603e74,2024-12-16,12:30:00,13:30:00,26,APROBADA
19ce77cf-a015-578b-ae1e-e83254cda76d,b46607fb-d28f-5c06-a3a8-091cb9d995ec,2024-11-04,09:00:00,10:00:00,39,APROBADA
a094e0c0-81ab-5786-99d1-3ef52d78f280,45b00d8f-2f79-52ba-8b17-e7d6ee0b476f,2024-07-14,16:00:00,18:00:00,35,APROBADA
bdf9a845-fd6b-5397-b276-e3e15fc67f26,b46607fb-d28f-5c06-a3a8-091cb9d995ec,2024-10-14,16:30:00,17:30:00,29,APROBADA
6bc13775-e36f-5bcf-902f-e0c90405da1a,05a1191e-b84b-597d-b970-b04889cc30ee,2024-09-30,18:30:00,20:30:00,33,APROBADA
db359219-3207-5773-a998-8bc3a6343de4,4b4a10f4-36fa-5109-bc5d-14e24370c164,2024-11-01,13:30:00,14:30:00,32,APROBADA
c99e893d-7514-57b1-bd94-64c2cbf5a56c,10225e74-7c22-5384-8cdc-396a168ec651,2024-12-15,17:30:00,19:00:00,26,APROBADA
6ebb0b9b-9a97-5bcd-b632-f750f1c4fdc5,1a0b71d7-4721-5998-bd82-de26b25b5771,2024-09-17,16:00:00,19:00:00,30,APROBADA
fb8295a8-b184-5529-b74a-870260e192f5,4b4a10f4-36fa-5109-bc5d-14e24370c164,2024-10-06,07:00:00,08:00:00,29,APROBADA
e17ac63d-d42d-5b15-9cee-56fc20e6beef,2574a671-d58d-5db3-8c9f-2518d8a8d790,2025-01-15,07:30:00,09:30:00,33,APROBADA
0f053de6-adb2-53c5-9b9a-f72b14ad9478,b46607fb-d28f-5c06-a3a8-091cb9d995ec,2024-07-09,11:30:00,13:00:00,37,APROBADA
8f13718d-ee93-5028-b81f-c363d8e16a82,eb4139b4-3715-5623-a990-d045271440a9,2025-01-28,09:00:00,10:00:00,28,APROBADA
65fbb854-24ba-5352-b591-a3fc6a581113,8fd4b53b-1d49-5307-8a1a-e184999a4434,2024-08-20,12:30:00,13:30:00,36,APROBADA
030871cf-b6cc-5865-84b7-eca73a06da47,d76d770e-14c2-5fea-bf8b-28f95250e124,2025-03-22,11:00:00,14:00:00,30,APROBADA
76a28b68-6f5e-512e-94d2-12a8567eae76,6903b35b-c2a6-5770-98e5-743c2bc06b45,2025-06-05,13:00:00,14:00:00,33,APROBADA
ccdf3659-7d8c-5ac6-a4ca-8d2f8905ba9c,7bcb3d0c-2500-5f01-abe8-d24e962af50e,2025-03-15,14:30:00,16:00:00,28,APROBADA
4418e521-98bb-53bc-9f40-c172329cbc12,d056b3a8-8204-507a-b6c1-1f1203a87651,2024-08-09,08:00:00,10:00:00,25,APROBADA
0bd4b418-d639-539c-b092-32cf87a11e3a,4b4a10f4-36fa-5109-bc5d-14e24370c164,2024-09-28,08:30:00,10:30:00,29,APROBADA
ab1f6a15-6c9e-5758-9b44-9029ce2017f6,c1489a8f-1dff-511e-b025-5a10261901d7,2024-07-30,13:00:00,14:30:00,32,APROBADA
475fcbb3-c190-5bd1-ad50-321d9fa4d5b4,6d481120-dab0-50c8-8f1b-33cf911e9573,2024-08-22,18:30:00,20:30:00,31,APROBADA
f604a125-555e-5280-b893-956928c342c2,05a1191e-b84b-597d-b970-b04889cc30ee,2025-01-14,07:00:00,08:30:00,29,APROBADA
ef69321a-f934-5c1e-94a5-8a14b8c2a9a8,e5da4cff-29aa-5f05-8532-70f093603e74,2025-01-18,17:00:00,18:30:00,35,APROBADA
394883b4-7b6e-57cc-949a-f96b07481286,a22ee2bf-332c-5ac1-ae12-28ce7b0033a1,2025-06-06,12:00:00,13:30:00,31,APROBADA
c500de0a-63be-558b-b2c7-e196c3be9335,d76d770e-14c2-5fea-bf8b-28f95250e124,2024-07-19,19:00:00,21:00:00,25,APROBADA
d250d54b-58db-5ce7-823e-9aa98e1a9935,f5e43a2a-032c-562e-837a-ff3c72abffb4,2024-10-13,09:00:00,11:00:00,26,APROBADA
f58d2604-949b-5e4d-aa53-6a8a31beb1da,45b00d8f-2f79-52ba-8b17-e7d6ee0b476f,2025-05-10,19:00:00,21:00:00,33,APROBADA
d2314b96-6c30-565a-9ad4-2d4d84d3fa05,d7ce39c6-be5b-537a-ae81-d449a1710ff2,2025-06-07,08:00:00,09:30:00,40,APROBADA
733fd00b-992e-5b4e-913e-7a569b6d3e9a,d7ce39c6-be5b-537a-ae81-d449a1710ff2,2024-12-21,16:30:00,18:30:00,33,APROBADA
cb4ce454-5c7a-5b1e-b5f2-786caafa4657,d76d770e-14c2-5fea-bf8b-28f95250e124,2025-02-14,12:30:00,15:30:00,26,APROBADA
ca37a914-1d2b-5fb6-98d1-edca43f61740,7d424b25-0f98-5f10-b2a8-ed9ddcd33e7a,2025-06-02,10:30:00,12:00:00,33,APROBADA
9032183f-294e-5b20-a185-285e8d0448d3,6d481120-dab0-50c8-8f1b-33cf911e9573,2024-11-17,16:30:00,18:30:00,45,APROBADA
09e3ae4b-e00b-562b-b5f6-783ea3a7f0d7,1dee66e3-0076-5033-8ba0-70dd67e8aea0,2024-10-27,10:00:00,11:30:00,35,APROBADA
fd886f80-01e2-5fb6-8b78-442a4322bb6e,d7ce39c6-be5b-537a-ae81-d449a1710ff2,2024-09-14,12:00:00,13:30:00,37,APROBADA
8fe33a2f-a822-5ce3-8520-92ce2c1fa550,706ea773-fd09-5587-a465-302616f9d571,2024-07-23,16:30:00,18:00:00,27,APROBADA
9b0aa125-74bf-5913-b3ce-84e57670a1a2,dd609563-702d-543d-a49a-0ce27a83f234,2025-01-25,10:30:00,13:30:00,26,APROBADA
7c5dd30c-8910-5aa0-9c94-a470248df8f4,ef815f08-b586-5f03-964a-a08004eaebf3,2025-05-15,08:30:00,10:30:00,30,APROBADA
4c4a5c23-4199-5343-a943-452ab096eb01,05a1191e-b84b-597d-b970-b04889cc30ee,2024-11-23,14:30:00,15:30:00,34,APROBADA
f478ab0f-5286-5f8f-bd7a-02c5685b5d0e,706ea773-fd09-5587-a465-302616f9d571,2025-03-08,18:30:00,19:30:00,26,APROBADA
4e28e4da-137f-53ee-8518-f01afa4c4179,e5da4cff-29aa-5f05-8532-70f093603e74,2024-07-02,10:00:00,11:30:00,29,APROBADA
37d86561-f130-5788-9831-ee075893afba,6c814918-8ba0-52cc-9377-6d60b7946f8b,2025-06-01,16:00:00,17:00:00,33,APROBADA
669e1ca3-9dde-5361-9b0a-9f49f42ea8ff,1a0b71d7-4721-5998-bd82-de26b25b5771,2024-10-29,15:30:00,16:30:00,41,APROBADA
7d4ab99d-0df1-5b15-b8fe-227036d3e728,eb4139b4-3715-5623-a990-d045271440a9,2024-07-05,17:30:00,18:30:00,31,APROBADA
86bdfa79-6162-53fa-b965-5f1a90967af6,ef815f08-b586-5f03-964a-a08004eaebf3,2025-03-05,16:00:00,17:30:00,35,APROBADA
4a66c91e-58cf-542d-804b-9510159344cc,7d424b25-0f98-5f10-b2a8-ed9ddcd33e7a,2025-04-02,12:00:00,15:00:00,28,APROBADA
ed765239-8f71-5711-ab04-ec2a97d903a4,7d424b25-0f98-5f10-b2a8-ed9ddcd33e7a,2024-09-09,13:30:00,14:30:00,31,APROBADA
613e60be-e3f2-5bb7-b979-c056024e04f5,6d481120-dab0-50c8-8f1b-33cf911e9573,2024-08-24,17:30:00,20:30:00,39,APROBADA
236b2f28-888f-5d2b-b725-be6cccc3490c,da1fe6a7-058c-5ad3-a10e-f529804a44b5,2024-08-03,19:00:00,20:30:00,33,APROBADA
d4a0a728-e01d-5535-b37e-b0e41e3a3128,2574a671-d58d-5db3-8c9f-2518d8a8d790,2024-10-10,10:00:00,13:00:00,35,APROBADA
1536e3a7-cd0f-5041-a6fb-c39b3568ab6a,b46607fb-d28f-5c06-a3a8-091cb9d995ec,2025-02-28,18:30:00,20:00:00,25,APROBADA
eea5e82d-29f2-523d-a2c3-50e0c63a51dd,a22ee2bf-332c-5ac1-ae12-28ce7b0033a1,2025-06-12,16:30:00,19:30:00,25,APROBADA
de1345e7-e1ba-51ec-8657-f97e1924a55e,da1fe6a7-058c-5ad3-a10e-f529804a44b5,2024-12-27,12:30:00,15:30:00,34,APROBADA
c928c396-6434-53f6-b769-d01348d5e62c,1dee66e3-0076-5033-8ba0-70dd67e8aea0,2024-09-15,09:30:00,11:30:00,39,APROBADA
d2a26731-1a37-5da9-a4a1-90d5fc0693d6,6d481120-dab0-50c8-8f1b-33cf911e9573,2025-01-01,19:00:00,22:00:00,27,APROBADA
f0edfc80-0c50-5d7c-9247-84e1d3d7812a,a40fe9f0-87fa-5853-968f-5cedd5939e8a,2024-11-20,14:30:00,16:30:00,28,APROBADA
54cb53c8-e1e2-506a-97a5-1cb8c0c38501,1a0b71d7-4721-5998-bd82-de26b25b5771,2024-09-23,12:30:00,14:00:00,36,APROBADA
d2fff245-10a5-5234-8aa8-0aa362e43dcb,0880d439-8834-59c1-bfce-e7f3da722b3f,2025-06-11,10:00:00,12:00:00,27,APROBADA
82065d10-afb7-5c1d-bf77-b16f27399b1c,0880d439-8834-59c1-bfce-e7f3da722b3f,2025-05-22,09:00:00,10:30:00,38,APROBADA
23dfe30d-7c69-59f8-aa4e-f7fb5c3538cd,45b00d8f-2f79-52ba-8b17-e7d6ee0b476f,2025-04-25,16:30:00,18:00:00,32,APROBADA
e150d1d7-61a2-550f-b17a-a91ac46164ee,1a0b71d7-4721-5998-bd82-de26b25b5771,2025-06-16,16:00:00,17:30:00,45,APROBADA
54ed7841-fe88-501e-8429-230030d53fc0,dd609563-702d-543d-a49a-0ce27a83f234,2024-11-02,13:00:00,14:30:00,26,APROBADA
1ee72948-8bf6-53a6-adfc-63c2e8cea1be,d056b3a8-8204-507a-b6c1-1f1203a87651,2024-10-30,15:00:00,17:00:00,29,APROBADA
0db5bab8-5af7-5ec9-8b00-fa4a2ecb6b1d,d76d770e-14c2-5fea-bf8b-28f95250e124,2025-04-21,17:00:00,18:30:00,38,APROBADA
293531cf-692e-5b38-b294-022fa98a7b77,b46607fb-d28f-5c06-a3a8-091cb9d995ec,2025-05-31,07:30:00,10:30:00,32,APROBADA
d8755723-1994-5080-a798-f2c35ecc0563,8fd4b53b-1d49-5307-8a1a-e184999a4434,2025-06-24,07:30:00,10:30:00,36,APROBADA
126bee8b-8304-5837-96b4-be5526d50b8c,d76d770e-14c2-5fea-bf8b-28f95250e124,2025-05-03,10:30:00,12:00:00,26,APROBADA
518dd290-8a3c-5aa2-918e-d244a28c0196,8fd4b53b-1d49-5307-8a1a-e184999a4434,2025-04-18,14:00:00,17:00:00,33,APROBADA
e2cd5cc3-7c9b-5d43-a5ba-77591acc80bc,aad269e7-97f7-5e2d-9c43-cf84b49bd847,2024-10-19,11:30:00,12:30:00,30,APROBADA
6a679a90-a1e5-52f1-91eb-bc222e547135,7bcb3d0c-2500-5f01-abe8-d24e962af50e,2025-01-19,16:00:00,17:30:00,32,APROBADA
44d66722-aead-56f7-8d94-a772e373732a,2574a671-d58d-5db3-8c9f-2518d8a8d790,2025-02-19,15:30:00,17:00:00,26,APROBADA
092ecc0e-1a96-5086-8d42-9ae4b9a2cfd2,1a0b71d7-4721-5998-bd82-de26b25b5771,2025-05-17,08:00:00,10:00:00,31,APROBADA
59001bd0-b4fe-59fb-adbd-c71b3b59e720,1dee66e3-0076-5033-8ba0-70dd67e8aea0,2024-11-09,14:00:00,16:00:00,30,APROBADA
945d499f-08f7-5253-be73-38d850a5a912,e5da4cff-29aa-5f05-8532-70f093603e74,2025-04-01,10:30:00,11:30:00,34,APROBADA
5f12da91-6cbb-5302-8d81-6b9641c2a18e,6d481120-dab0-50c8-8f1b-33cf911e9573,2024-12-21,15:00:00,17:00:00,26,APROBADA
f509f4e2-8814-543c-948e-f3fd2b081812,6903b35b-c2a6-5770-98e5-743c2bc06b45,2025-06-11,16:00:00,17:30:00,25,APROBADA
38e972cf-b6e9-5c80-b996-df8087482f65,45b00d8f-2f79-52ba-8b17-e7d6ee0b476f,2025-03-16,14:00:00,16:00:00,28,APROBADA
bb28c666-0e4e-55dc-983c-bd56e2cb7125,a22ee2bf-332c-5ac1-ae12-28ce7b0033a1,2025-04-27,11:30:00,13:30:00,35,APROBADA
2cc8a267-0b31-53ac-91f9-b84ed3a29cbe,6d481120-dab0-50c8-8f1b-33cf911e9573,2024-10-07,14:00:00,16:00:00,42,APROBADA
f604fe73-d67e-5635-937d-e95c1ffaf31b,d76d770e-14c2-5fea-bf8b-28f95250e124,2025-03-11,16:00:00,19:00:00,34,APROBADA
de9f2633-7628-562e-9597-c4101f5a39e7,1a0b71d7-4721-5998-bd82-de26b25b5771,2025-01-02,07:30:00,10:30:00,34,APROBADA
42ac1337-52ec-52fc-b0b0-cdde51195fdf,dd609563-702d-543d-a49a-0ce27a83f234,2024-12-02,16:00:00,19:00:00,38,APROBADA
c7e88517-0e6d-5c2c-94e9-4cb7fe8e299b,a22ee2bf-332c-5ac1-ae12-28ce7b0033a1,2025-04-10,15:30:00,16:30:00,29,APROBADA
3c251889-d56d-566f-b072-077d8119b46c,45b00d8f-2f79-52ba-8b17-e7d6ee0b476f,2025-05-02,07:00:00,10:00:00,33,APROBADA
480ae1d7-9d5a-5e7d-89b5-e05c1bba9db4,1a0b71d7-4721-5998-bd82-de26b25b5771,2024-11-06,08:00:00,09:00:00,36,APROBADA
083a3478-6880-55c4-a347-e979f193ce44,8fd4b53b-1d49-5307-8a1a-e184999a4434,2025-01-19,13:00:00,14:00:00,27,APROBADA
b8cb5d28-6137-52a0-8840-2f912f2aa74d,6d481120-dab0-50c8-8f1b-33cf911e9573,2025-02-10,08:00:00,10:00:00,45,APROBADA
b9e75e31-eabe-5471-b6ed-6fe34586fa15,6903b35b-c2a6-5770-98e5-743c2bc06b45,2025-03-21,09:30:00,11:00:00,33,APROBADA
83478166-405f-5e62-9e50-221d2fb79664,d056b3a8-8204-507a-b6c1-1f1203a87651,2025-03-31,09:30:00,11:30:00,29,APROBADA
b5cd9bce-58b4-5850-a785-b6b620c7a5df,0880d439-8834-59c1-bfce-e7f3da722b3f,2024-12-03,16:30:00,19:30:00,37,APROBADA
c887a93c-4ee4-53ca-b207-54719e7c2467,2574a671-d58d-5db3-8c9f-2518d8a8d790,2024-08-21,18:00:00,21:00:00,36,APROBADA
101e1529-47a5-5197-a620-9e550fdb2b8b,6d481120-dab0-50c8-8f1b-33cf911e9573,2024-09-21,12:00:00,13:30:00,29,APROBADA
1491b4d9-8d23-54db-babe-7534a16167da,6d481120-dab0-50c8-8f1b-33cf911e9573,2024-10-07,18:30:00,20:30:00,39,APROBADA
22a1ff6a-ab7f-547f-a3e7-151893019529,4b4a10f4-36fa-5109-bc5d-14e24370c164,2025-05-19,15:30:00,17:30:00,26,APROBADA
3fabc905-0851-5911-8648-dae65a2294d8,a40fe9f0-87fa-5853-968f-5cedd5939e8a,2025-06-12,14:30:00,16:00:00,26,APROBADA
40db0a3c-eda6-5f7a-9109-d7f6045512ef,7d424b25-0f98-5f10-b2a8-ed9ddcd33e7a,2025-06-19,16:00:00,17:00:00,33,APROBADA
30062778-1e35-544c-8d42-b8066ec12fda,0880d439-8834-59c1-bfce-e7f3da722b3f,2025-04-18,18:30:00,21:30:00,36,APROBADA
8e94a4f2-cd15-5a9c-b542-2b2624cd6534,2574a671-d58d-5db3-8c9f-2518d8a8d790,2024-12-05,15:00:00,16:00:00,29,APROBADA
9ba8f770-f6fc-592f-88f4-5b59d8a914e5,7d424b25-0f98-5f10-b2a8-ed9ddcd33e7a,2024-07-23,11:00:00,12:30:00,33,APROBADA
9fa88968-6394-5176-95ce-8ed15cb566df,da1fe6a7-058c-5ad3-a10e-f529804a44b5,2025-01-01,12:00:00,15:00:00,32,APROBADA
a6f6240e-3022-5280-826b-8290a44f8579,7d424b25-0f98-5f10-b2a8-ed9ddcd33e7a,2024-07-19,10:00:00,12:00:00,29,APROBADA
2d6cc14c-15fb-51fc-978c-38f5f808922c,1a0b71d7-4721-5998-bd82-de26b25b5771,2024-07-02,11:30:00,14:30:00,45,APROBADA
f47003a1-3750-5534-83cc-d3bbe6c8e335,da1fe6a7-058c-5ad3-a10e-f529804a44b5,2024-07-15,10:30:00,12:00:00,36,APROBADA
3e1b65af-bd70-51c0-afc3-9a3fbeb33644,e5da4cff-29aa-5f05-8532-70f093603e74,2025-03-30,12:00:00,15:00:00,29,APROBADA
72d71a61-0152-51a5-a788-9a2894124e9e,23c254ed-4635-5cec-baa9-656efa7fd130,2025-03-24,11:30:00,12:30:00,31,APROBADA
b8099304-1c10-58f8-86cd-fee5819640b0,f5e43a2a-032c-562e-837a-ff3c72abffb4,2025-01-03,09:30:00,12:30:00,30,APROBADA
796180fb-5594-54cc-86ee-0d57acb93079,1a0b71d7-4721-5998-bd82-de26b25b5771,2024-10-31,15:00:00,16:00:00,41,APROBADA
06929341-e2a0-567d-8d96-7ffd92cab10b,f5e43a2a-032c-562e-837a-ff3c72abffb4,2025-05-13,13:00:00,15:00:00,30,APROBADA
1e907aa4-3ee6-562d-8e14-7ef971d46230,c1489a8f-1dff-511e-b025-5a10261901d7,2025-03-05,13:30:00,15:30:00,32,APROBADA
6038a4ba-609c-5656-96b7-99512ed4b27e,6c814918-8ba0-52cc-9377-6d60b7946f8b,2024-11-18,13:30:00,15:00:00,28,APROBADA
52059785-c146-52d1-a43e-90779a0a957f,0880d439-8834-59c1-bfce-e7f3da722b3f,2024-11-13,14:30:00,17:30:00,37,APROBADA
2526f097-75c8-5231-b70b-388d43721f3e,05a1191e-b84b-597d-b970-b04889cc30ee,2024-07-31,08:30:00,10:00:00,32,APROBADA
ebb6e2e3-479f-5967-8dba-30bf4eec3dab,d7ce39c6-be5b-537a-ae81-d449a1710ff2,2025-03-17,07:00:00,09:00:00,42,APROBADA
193b8b97-304e-5d74-8548-2eb4760747c1,7bcb3d0c-2500-5f01-abe8-d24e962af50e,2024-07-09,15:30:00,17:30:00,31,APROBADA
f1abb86a-cd41-5e14-a6f9-f1b464bb5ab1,6d481120-dab0-50c8-8f1b-33cf911e9573,2025-01-25,16:00:00,18:00:00,38,APROBADA
32b821c4-6a73-5cf0-8f03-b25735458a83,ef815f08-b586-5f03-964a-a08004eaebf3,2024-10-17,13:30:00,14:30:00,28,APROBADA
3ef66502-cb3d-52f8-83e3-95f112223397,706ea773-fd09-5587-a465-302616f9d571,2024-07-24,08:30:00,10:30:00,35,APROBADA
8f040b9b-f4ca-5649-87d7-3a0a3447cc50,4b4a10f4-36fa-5109-bc5d-14e24370c164,2024-07-27,17:30:00,19:00:00,30,APROBADA
8e93b8a7-e68d-593d-af04-84419bdca959,a22ee2bf-332c-5ac1-ae12-28ce7b0033a1,2025-02-26,14:30:00,15:30:00,35,APROBADA
c8857ab9-8ef4-54a4-aca8-ffd77d29e705,b8969593-19a7-5a43-84c0-d52e63ac0cb4,2025-03-04,09:30:00,11:30:00,28,APROBADA
8dc3ed98-d145-509c-9008-f158bb094697,6c814918-8ba0-52cc-9377-6d60b7946f8b,2025-05-04,11:00:00,13:00:00,25,APROBADA
52debdf6-5741-52fc-b30a-1dd36b78dcee,d7ce39c6-be5b-537a-ae81-d449a1710ff2,2024-10-08,11:00:00,14:00:00,38,APROBADA
6cdacc8a-5e57-5691-a898-8372381138ff,45b00d8f-2f79-52ba-8b17-e7d6ee0b476f,2025-06-01,08:30:00,10:30:00,29,APROBADA
e460946c-d63d-5a7d-beb4-0f3affea0769,0880d439-8834-59c1-bfce-e7f3da722b3f,2024-12-01,16:30:00,19:30:00,42,APROBADA
fa4b9847-c888-5ab7-9aad-3b802cee387d,d76d770e-14c2-5fea-bf8b-28f95250e124,2024-12-20,19:00:00,20:00:00,33,APROBADA
320a2b73-ad0e-57d5-86f2-cecafde0ea01,45b00d8f-2f79-52ba-8b17-e7d6ee0b476f,2025-02-25,12:30:00,15:30:00,26,APROBADA
f421b822-9bca-5180-ad6b-72bf47303cd7,8fd4b53b-1d49-5307-8a1a-e184999a4434,2025-02-22,09:30:00,10:30:00,38,APROBADA
24193efe-0ba2-5d68-92e2-cdddb102f07d,b46607fb-d28f-5c06-a3a8-091cb9d995ec,2025-05-02,10:30:00,11:30:00,35,APROBADA
aa1fbd38-1223-5db5-b826-68526d2ea263,6903b35b-c2a6-5770-98e5-743c2bc06b45,2024-08-11,16:00:00,17:00:00,32,APROBADA
acbcccb4-7108-58f5-9404-831eb3c83c39,6d481120-dab0-50c8-8f1b-33cf911e9573,2025-05-15,17:00:00,19:00:00,29,APROBADA
9771f832-50d7-5865-949b-1e983df69957,d76d770e-14c2-5fea-bf8b-28f95250e124,2024-10-26,17:30:00,18:30:00,25,APROBADA
088392fa-733a-5cb1-8a93-57adeed334b7,d056b3a8-8204-507a-b6c1-1f1203a87651,2024-11-04,09:00:00,10:30:00,27,APROBADA
a5df1197-5597-5e96-b2dc-0cb8755b1559,aad269e7-97f7-5e2d-9c43-cf84b49bd847,2024-08-24,10:30:00,12:00:00,30,APROBADA
9de26270-8377-56ca-981c-835b81398d1d,d76d770e-14c2-5fea-bf8b-28f95250e124,2025-01-09,13:00:00,14:30:00,31,APROBADA
27c90721-65fb-5e5d-b8e5-5803f05eb0c5,b46607fb-d28f-5c06-a3a8-091cb9d995ec,2025-06-21,14:00:00,15:00:00,33,APROBADA
0ff7d6e7-f135-587d-94fa-84a5d261a351,d7ce39c6-be5b-537a-ae81-d449a1710ff2,2024-08-17,18:30:00,20:00:00,37,APROBADA
cab1ed92-1e8b-5cb7-9e21-b8c39808c801,23c254ed-4635-5cec-baa9-656efa7fd130,2024-10-07,07:00:00,08:30:00,25,APROBADA
182bbfc1-e694-51a6-8984-c812f86c6465,da1fe6a7-058c-5ad3-a10e-f529804a44b5,2024-12-24,08:30:00,10:00:00,26,APROBADA
e4b29c37-541e-5e91-9e5d-d198fafdce6f,1a0b71d7-4721-5998-bd82-de26b25b5771,2024-12-09,18:30:00,20:00:00,25,APROBADA
0a7bde63-79e1-5fb4-9e5e-d13472d12007,a40fe9f0-87fa-5853-968f-5cedd5939e8a,2024-09-02,07:30:00,08:30:00,31,APROBADA
ea7753c4-ffa5-5bde-a05f-8c89395b47f9,10225e74-7c22-5384-8cdc-396a168ec651,2024-09-01,15:00:00,16:30:00,32,APROBADA
4d17888f-8172-5577-b868-f565071bd2f1,45b00d8f-2f79-52ba-8b17-e7d6ee0b476f,2024-11-28,17:30:00,18:30:00,27,APROBADA
94960cc1-e79f-5c77-a5c2-c9fea312390a,6903b35b-c2a6-5770-98e5-743c2bc06b45,2024-12-02,15:30:00,17:30:00,29,APROBADA
a167a1ee-8b6f-5033-826c-ba05ea7e2b15,e5da4cff-29aa-5f05-8532-70f093603e74,2024-07-25,17:00:00,18:00:00,33,APROBADA
e4b3abe1-51a0-50dc-b82e-01c7b6363f30,6d481120-dab0-50c8-8f1b-33cf911e9573,2025-03-18,09:00:00,10:30:00,43,APROBADA
21ec824b-0482-56d9-b122-db41206523a1,b46607fb-d28f-5c06-a3a8-091cb9d995ec,2025-06-17,19:00:00,20:30:00,39,APROBADA
b367d06e-68fc-5894-b9b8-ce5ad4133b4d,a22ee2bf-332c-5ac1-ae12-28ce7b0033a1,2024-08-11,09:00:00,10:00:00,31,APROBADA
7f8cf36f-f375-5125-8a8d-c387ad93ca20,2574a671-d58d-5db3-8c9f-2518d8a8d790,2025-01-31,18:30:00,20:00:00,28,APROBADA
74e2bc74-404e-5895-abe0-284a3e441db1,2574a671-d58d-5db3-8c9f-2518d8a8d790,2025-06-19,11:30:00,14:30:00,33,APROBADA
02fe503e-80bb-59d0-b5d4-69d6aaadaeb6,706ea773-fd09-5587-a465-302616f9d571,2024-11-04,12:30:00,13:30:00,25,APROBADA
1ce93ec2-6a3d-5a23-9d7b-929bd2d29b7b,2574a671-d58d-5db3-8c9f-2518d8a8d790,2024-11-18,11:30:00,13:00:00,37,APROBADA
8f25fac0-a496-5389-bf42-79f0c623b382,ef815f08-b586-5f03-964a-a08004eaebf3,2025-05-15,12:30:00,15:30:00,26,APROBADA
1d2d83ac-b8af-5854-85bb-99aff54577a3,b8969593-19a7-5a43-84c0-d52e63ac0cb4,2025-01-28,07:00:00,09:00:00,28,APROBADA
56b2b99f-78a6-511c-99d7-bd44a8a2029d,6c814918-8ba0-52cc-9377-6d60b7946f8b,2024-07-21,16:30:00,19:30:00,37,APROBADA
0bf0015f-64fd-53b4-9bed-c6bbd0a9042e,7d424b25-0f98-5f10-b2a8-ed9ddcd33e7a,2025-05-10,17:00:00,20:00:00,33,APROBADA
68b71224-1b71-5217-a6c0-4a9b9498b863,10225e74-7c22-5384-8cdc-396a168ec651,2025-05-17,11:00:00,12:00:00,26,APROBADA
531396eb-16f1-547c-a74e-2099d5927794,0880d439-8834-59c1-bfce-e7f3da722b3f,2025-03-03,14:30:00,16:30:00,42,APROBADA
2b0b1e12-f0c0-58d1-a5bc-968a391296cb,e5da4cff-29aa-5f05-8532-70f093603e74,2024-12-28,11:00:00,12:00:00,29,APROBADA
2eafeb0c-ceb3-5338-ad13-249925e183fe,dd609563-702d-543d-a49a-0ce27a83f234,2025-02-11,17:00:00,20:00:00,38,APROBADA
dadbbf4f-a050-5e8e-86df-1a9cc8c47d4e,8fd4b53b-1d49-5307-8a1a-e184999a4434,2024-07-28,08:30:00,11:30:00,32,APROBADA
a4a5a247-912f-5bcf-9f34-2586cdc7212a,e5da4cff-29aa-5f05-8532-70f093603e74,2024-09-23,09:30:00,12:30:00,28,APROBADA
1431dcb0-fdb2-5553-a02e-a4100283e5be,d7ce39c6-be5b-537a-ae81-d449a1710ff2,2025-01-25,18:30:00,20:00:00,35,APROBADA
0f6c595e-d603-57fe-9d93-4d1cbf317a95,c1489a8f-1dff-511e-b025-5a10261901d7,2024-08-20,11:30:00,14:30:00,31,APROBADA
cd54a1bb-a578-5c82-a89f-fc9cc760481e,7d424b25-0f98-5f10-b2a8-ed9ddcd33e7a,2025-02-24,19:00:00,20:30:00,27,APROBADA
d049839b-0298-5829-b31d-921215527a7f,d7ce39c6-be5b-537a-ae81-d449a1710ff2,2024-12-21,16:30:00,18:30:00,31,APROBADA
49446cba-3ec1-5d4c-9202-17b3ddfe8081,6c814918-8ba0-52cc-9377-6d60b7946f8b,2025-02-07,09:00:00,12:00:00,35,APROBADA
754991ea-83c9-57d0-ae4f-1f88ec9b0def,1a0b71d7-4721-5998-bd82-de26b25b5771,2024-11-26,16:30:00,17:30:00,38,APROBADA
95408613-83c3-52ea-b37f-d3cdf5e7e63a,d76d770e-14c2-5fea-bf8b-28f95250e124,2025-01-03,16:00:00,17:30:00,26,APROBADA
d92f143c-b682-55ce-9de5-2b28177a1a8c,10225e74-7c22-5384-8cdc-396a168ec651,2025-06-30,11:30:00,13:00:00,32,APROBADA
80fe220c-b3f1-500f-a1b5-0a059ac3f6ee,aad269e7-97f7-5e2d-9c43-cf84b49bd847,2025-01-23,10:00:00,11:30:00,26,APROBADA
d907a201-7d51-501e-a57c-4fea6e148ecf,6c814918-8ba0-52cc-9377-6d60b7946f8b,2025-04-02,11:30:00,14:30:00,36,APROBADA
f4bcb785-338c-5ea4-b857-d0e769987e6a,6903b35b-c2a6-5770-98e5-743c2bc06b45,2024-09-23,07:00:00,10:00:00,35,APROBADA
9af5a38d-c214-5d04-a4f2-22618a949009,eb4139b4-3715-5623-a990-d045271440a9,2024-10-17,13:00:00,16:00:00,28,APROBADA
784cfbf6-4be4-54e4-b055-b6453948d48f,d7ce39c6-be5b-537a-ae81-d449a1710ff2,2025-04-23,10:00:00,11:00:00,39,APROBADA
1d50f9dd-6a78-523e-a948-087297d37b65,10225e74-7c22-5384-8cdc-396a168ec651,2025-01-16,18:00:00,19:30:00,28,APROBADA
11ea20e8-60f5-5dc4-856a-ab1187b36e4b,d7ce39c6-be5b-537a-ae81-d449a1710ff2,2024-10-19,13:30:00,14:30:00,30,APROBADA
83d48058-9121-5a79-a95c-306118f24d2b,45b00d8f-2f79-52ba-8b17-e7d6ee0b476f,2024-07-25,15:00:00,18:00:00,31,APROBADA
2cbed579-a3cd-5fac-9a1f-d7ba45d9f82c,dd609563-702d-543d-a49a-0ce27a83f234,2024-09-09,08:00:00,09:00:00,30,APROBADA
5b646965-da1c-538e-9762-8bc00555db27,e5da4cff-29aa-5f05-8532-70f093603e74,2024-07-27,11:30:00,12:30:00,25,APROBADA
a4257775-922f-5ba7-9538-d38b307ae818,1a0b71d7-4721-5998-bd82-de26b25b5771,2024-11-01,07:30:00,10:30:00,43,APROBADA
19421ff3-4ef3-5012-8af1-0357e645d960,0880d439-8834-59c1-bfce-e7f3da722b3f,2024-08-13,13:00:00,14:30:00,28,APROBADA
5f4b6b73-681a-588a-85f1-6eaf56992f41,a40fe9f0-87fa-5853-968f-5cedd5939e8a,2024-11-04,10:30:00,13:30:00,28,APROBADA
c7e64a68-6ee2-508c-8644-057b734cd864,10225e74-7c22-5384-8cdc-396a168ec651,2025-05-01,07:00:00,08:00:00,25,APROBADA
b795b629-7dd6-5c1a-8c9d-291e2834ebd6,8fd4b53b-1d49-5307-8a1a-e184999a4434,2024-12-01,14:00:00,15:00:00,29,APROBADA
e5dd284c-7c69-581f-99a8-601009af1907,7bcb3d0c-2500-5f01-abe8-d24e962af50e,2024-11-26,16:30:00,19:30:00,30,APROBADA
d453ec23-d0e8-5dc1-b8d9-4cab4a65bcf8,6c814918-8ba0-52cc-9377-6d60b7946f8b,2024-09-20,12:30:00,14:30:00,40,APROBADA
bc6f227b-d71e-50c8-8d95-c4d35fb209a1,a22ee2bf-332c-5ac1-ae12-28ce7b0033a1,2025-02-02,11:30:00,13:30:00,30,APROBADA
2b85401c-83bd-5a95-bbb1-634f01aeb36d,1a0b71d7-4721-5998-bd82-de26b25b5771,2025-03-02,15:00:00,17:00:00,30,APROBADA
553cd89e-5626-52a3-98d0-383ec4eda108,b46607fb-d28f-5c06-a3a8-091cb9d995ec,2024-10-13,12:30:00,15:30:00,39,APROBADA
9b10abad-3bd0-571b-a4d4-7dd169b596e4,d76d770e-14c2-5fea-bf8b-28f95250e124,2024-09-23,14:30:00,15:30:00,38,APROBADA
ce8fc20e-5683-54ab-8393-73ffeb65cbd6,e5da4cff-29aa-5f05-8532-70f093603e74,2024-10-19,15:00:00,16:00:00,37,APROBADA
ac8192e6-aed7-58e1-9aed-439090f9c0f5,1dee66e3-0076-5033-8ba0-70dd67e8aea0,2025-02-03,18:00:00,19:00:00,29,APROBADA
4b79c44e-69ef-5855-b4a6-1b92d51420c6,706ea773-fd09-5587-a465-302616f9d571,2025-06-25,16:30:00,19:30:00,36,APROBADA
9612d3cd-d4d8-5fb4-b19e-7476f9e371c0,10225e74-7c22-5384-8cdc-396a168ec651,2024-12-16,17:00:00,18:30:00,26,APROBADA
eb1ce638-110d-5429-ae4b-f29df910940d,a22ee2bf-332c-5ac1-ae12-28ce7b0033a1,2025-03-14,09:30:00,12:30:00,34,APROBADA
ab851b1a-5802-53f6-a8de-c424595f91ce,6c814918-8ba0-52cc-9377-6d60b7946f8b,2025-04-09,10:00:00,11:30:00,26,APROBADA
36c111a2-23b2-5f13-95b2-cb1830b55f47,7bcb3d0c-2500-5f01-abe8-d24e962af50e,2024-07-29,17:30:00,18:30:00,26,APROBADA
af5190e8-cd23-55df-ab30-354491683cb9,6d481120-dab0-50c8-8f1b-33cf911e9573,2024-08-20,17:30:00,19:30:00,28,APROBADA
9b7d5ab3-8707-5e30-a370-06399c73d1cb,ef815f08-b586-5f03-964a-a08004eaebf3,2024-10-07,12:30:00,14:30:00,28,APROBADA
d1ea7d31-0fb7-5dc0-8d96-0c03267ea94c,d056b3a8-8204-507a-b6c1-1f1203a87651,2024-07-01,14:30:00,16:30:00,29,APROBADA
40c4c8ef-e699-5272-a596-1c3c8bb9ecfc,0880d439-8834-59c1-bfce-e7f3da722b3f,2025-06-02,14:30:00,17:30:00,39,APROBADA
bf391ac9-7acb-5378-b42e-63836f29e9da,da1fe6a7-058c-5ad3-a10e-f529804a44b5,2024-12-31,19:00:00,21:00:00,34,APROBADA
b86d98bc-60c1-5816-8220-e1d19a7d6cac,4b4a10f4-36fa-5109-bc5d-14e24370c164,2024-08-26,18:30:00,20:30:00,25,APROBADA
6a7462d8-5eb8-5011-9f70-b699ca4ae11b,2574a671-d58d-5db3-8c9f-2518d8a8d790,2025-02-06,18:30:00,21:30:00,32,APROBADA
5b558749-e285-5bb5-bd78-2c677886878e,b46607fb-d28f-5c06-a3a8-091cb9d995ec,2024-12-09,12:30:00,14:00:00,27,APROBADA
6c42e172-d485-53cb-8647-760320bd7386,8fd4b53b-1d49-5307-8a1a-e184999a4434,2025-03-13,17:30:00,18:30:00,34,APROBADA
91ace71c-372c-5967-9da0-ff9813ee49f1,d76d770e-14c2-5fea-bf8b-28f95250e124,2024-10-25,07:00:00,09:00:00,35,APROBADA
ae6bd259-2ff5-5ad8-a5af-46b0eb08e94a,c1489a8f-1dff-511e-b025-5a10261901d7,2025-04-28,08:30:00,10:00:00,25,APROBADA
3c1df1ac-2b70-5901-af8b-8231ebc892d2,eb4139b4-3715-5623-a990-d045271440a9,2024-10-13,17:30:00,20:30:00,29,APROBADA
8dc796df-9aad-5f1f-9f3c-c0b850b56435,706ea773-fd09-5587-a465-302616f9d571,2025-01-21,15:30:00,17:30:00,26,APROBADA
7cec7a08-95c3-5fbe-ab59-4a85a9c8fcd2,e5da4cff-29aa-5f05-8532-70f093603e74,2025-06-21,12:00:00,13:00:00,37,APROBADA
6171292b-8ee6-5b4c-8286-550b013a0a2a,1a0b71d7-4721-5998-bd82-de26b25b5771,2024-07-14,10:30:00,12:00:00,32,APROBADA
4fc8f183-5268-5b9e-88d1-274ecb4e36a9,45b00d8f-2f79-52ba-8b17-e7d6ee0b476f,2024-08-03,13:30:00,14:30:00,25,APROBADA
9c83dcd6-8ed0-5518-8717-114aa68eb12d,6903b35b-c2a6-5770-98e5-743c2bc06b45,2024-12-02,18:30:00,21:30:00,32,APROBADA
ceef7d00-2b35-5439-909a-e302d030f732,6903b35b-c2a6-5770-98e5-743c2bc06b45,2024-07-14,17:30:00,19:30:00,29,APROBADA
94ab18a8-9976-51a6-91b0-1ff0b931f7c2,6d481120-dab0-50c8-8f1b-33cf911e9573,2025-04-29,19:00:00,22:00:00,39,APROBADA
63c300ec-021d-59bc-a3d1-a355942b8304,706ea773-fd09-5587-a465-302616f9d571,2025-06-18,17:00:00,20:00:00,28,APROBADA
b5db943a-089a-58c7-8d0f-0e8810d51e41,dd609563-702d-543d-a49a-0ce27a83f234,2025-01-01,10:30:00,13:30:00,38,APROBADA
b608a027-b59f-5672-b31c-86c9f8114915,a22ee2bf-332c-5ac1-ae12-28ce7b0033a1,2025-02-22,12:00:00,13:00:00,36,APROBADA
be30f095-69ec-5deb-bda2-654a7f807991,a22ee2bf-332c-5ac1-ae12-28ce7b0033a1,2024-07-19,18:30:00,20:30:00,35,APROBADA
858bb273-277b-5026-babe-e917e1cc377f,d76d770e-14c2-5fea-bf8b-28f95250e124,2025-01-30,07:30:00,09:00:00,35,APROBADA
24ad560e-9866-5e72-bac8-6cc8a32bd8df,6d481120-dab0-50c8-8f1b-33cf911e9573,2024-09-20,10:30:00,11:30:00,34,APROBADA
cdd0c583-822e-590e-b9b0-f02dbac4068d,a40fe9f0-87fa-5853-968f-5cedd5939e8a,2025-06-03,07:30:00,08:30:00,26,APROBADA
489fdca9-6b6b-5177-8f21-d028183dd64c,eb4139b4-3715-5623-a990-d045271440a9,2024-11-02,09:30:00,11:30:00,31,APROBADA
1146076c-6aa6-5b35-90f1-b97fd61eaa5b,8fd4b53b-1d49-5307-8a1a-e184999a4434,2024-10-19,07:00:00,09:00:00,28,APROBADA
6148acfe-78dc-5841-9d1c-8c855a5caa76,f5e43a2a-032c-562e-837a-ff3c72abffb4,2024-12-19,11:30:00,14:30:00,26,APROBADA
35f72306-bd65-56d4-9e3b-ff542850f2a8,a40fe9f0-87fa-5853-968f-5cedd5939e8a,2024-11-26,12:30:00,15:30:00,29,APROBADA
976c5453-7811-5620-a83e-82ea93eacd4d,1dee66e3-0076-5033-8ba0-70dd67e8aea0,2025-03-09,10:30:00,12:00:00,35,APROBADA
04e1a58a-add4-5809-8b89-809bd2eb48d8,6c814918-8ba0-52cc-9377-6d60b7946f8b,2024-10-30,11:30:00,14:30:00,39,APROBADA
e010226d-78cd-5d30-b3ae-476844d37e44,1a0b71d7-4721-5998-bd82-de26b25b5771,2025-05-31,17:30:00,19:30:00,38,APROBADA
64d75b47-92f8-5b7e-8a02-f9daa58c1f0f,b46607fb-d28f-5c06-a3a8-091cb9d995ec,2025-02-20,12:30:00,14:30:00,35,APROBADA
5ef05d7c-4f20-5d14-aa58-e78a82d0e620,6d481120-dab0-50c8-8f1b-33cf911e9573,2025-02-07,18:30:00,20:30:00,30,APROBADA
5d077b66-5e3a-5223-8b42-f85595eeba70,e5da4cff-29aa-5f05-8532-70f093603e74,2025-03-26,16:30:00,18:30:00,36,APROBADA
af4628a4-2da3-592c-8d21-2e319801b339,6d481120-dab0-50c8-8f1b-33cf911e9573,2025-02-08,17:30:00,19:30:00,26,APROBADA
b49fe3cd-15b0-581d-a907-60935c5c62d1,d056b3a8-8204-507a-b6c1-1f1203a87651,2025-04-12,08:00:00,09:30:00,32,APROBADA
6e6a05aa-82c4-5099-a24b-58d66da6a0ab,0880d439-8834-59c1-bfce-e7f3da722b3f,2025-01-24,15:00:00,17:00:00,26,APROBADA
8df64b2d-d2d4-5b1f-8a3b-c0a59c3024e0,ef815f08-b586-5f03-964a-a08004eaebf3,2025-05-05,14:30:00,16:30:00,32,APROBADA
a6207d12-e1ac-54df-9b09-234ae4a8703f,b46607fb-d28f-5c06-a3a8-091cb9d995ec,2025-06-24,11:00:00,12:30:00,40,APROBADA
fc0ed523-970d-5de7-8979-d75bb0b6a1ab,d76d770e-14c2-5fea-bf8b-28f95250e124,2025-03-23,09:00:00,10:30:00,39,APROBADA
a82b7fa5-e7d4-503e-85ec-eff22138efa6,05a1191e-b84b-597d-b970-b04889cc30ee,2024-08-13,19:00:00,20:00:00,31,APROBADA
98a96895-4237-5a4f-b19c-6810fe424efa,6903b35b-c2a6-5770-98e5-743c2bc06b45,2025-03-04,14:00:00,16:00:00,26,APROBADA
f8cbaaa8-8b85-5551-89c3-dc6827d0b741,a40fe9f0-87fa-5853-968f-5cedd5939e8a,2025-05-03,15:00:00,16:00:00,29,APROBADA
62bd8764-f69e-59cd-909e-f06795517ab2,dd609563-702d-543d-a49a-0ce27a83f234,2025-04-25,12:30:00,15:30:00,33,APROBADA
b1e0cd34-f57b-5339-a12b-1f432966c298,dd609563-702d-543d-a49a-0ce27a83f234,2025-03-20,09:00:00,12:00:00,36,APROBADA
8e5f9d99-0212-5243-977f-1947783a7629,b8969593-19a7-5a43-84c0-d52e63ac0cb4,2024-11-14,19:00:00,20:30:00,27,APROBADA
2bf5b6af-542b-5f49-938d-3430f7205196,f5e43a2a-032c-562e-837a-ff3c72abffb4,2024-12-04,09:30:00,11:30:00,28,APROBADA
380b1f66-93f6-59f1-99ba-662f1ad88e41,6903b35b-c2a6-5770-98e5-743c2bc06b45,2024-12-07,10:30:00,13:30:00,25,APROBADA
bea54c9e-636b-54a9-97e1-39bfe3767e1c,e5da4cff-29aa-5f05-8532-70f093603e74,2025-01-30,18:30:00,19:30:00,40,APROBADA
b3b23d9d-3f6a-5b64-bdbf-f6f08983ca9e,eb4139b4-3715-5623-a990-d045271440a9,2025-06-04,18:30:00,21:30:00,26,APROBADA
2db90170-a0de-5eec-ba84-bb65993f36d4,6c814918-8ba0-52cc-9377-6d60b7946f8b,2025-06-07,15:00:00,16:00:00,27,APROBADA
7753a79d-2675-5fc2-9b0c-6c75b977ac9b,6c814918-8ba0-52cc-9377-6d60b7946f8b,2025-03-29,08:00:00,09:30:00,34,APROBADA
2d4b7c18-0dd4-5b3f-9b62-c574ea540580,d7ce39c6-be5b-537a-ae81-d449a1710ff2,2024-12-18,07:30:00,09:30:00,44,APROBADA
d3ae8a48-d979-54d8-9ca1-a0657e933227,10225e74-7c22-5384-8cdc-396a168ec651,2024-12-20,16:30:00,18:30:00,29,APROBADA
a431c9dd-44f5-5041-8d37-323b421112ef,2574a671-d58d-5db3-8c9f-2518d8a8d790,2025-03-20,07:00:00,08:30:00,36,APROBADA
17056e0b-902c-596c-9337-b418c485db19,0880d439-8834-59c1-bfce-e7f3da722b3f,2025-06-29,14:30:00,16:00:00,35,APROBADA
948e7ba1-a271-5261-9f1d-567aff07d97b,a40fe9f0-87fa-5853-968f-5cedd5939e8a,2024-12-12,09:00:00,10:30:00,25,APROBADA
455ca49f-2e94-5528-aa41-ad13ba0f0a75,7bcb3d0c-2500-5f01-abe8-d24e962af50e,2024-08-16,11:00:00,13:00:00,30,APROBADA
d4f152b0-155f-5ac2-9c97-967e0a550ae9,1a0b71d7-4721-5998-bd82-de26b25b5771,2025-03-14,12:00:00,15:00:00,39,APROBADA
359f2ea9-85cb-50ad-8fb9-496b3b5030a6,b46607fb-d28f-5c06-a3a8-091cb9d995ec,2025-04-18,12:30:00,15:30:00,28,APROBADA
5f733313-0713-51c7-9b34-c74859559326,0880d439-8834-59c1-bfce-e7f3da722b3f,2024-10-12,18:30:00,19:30:00,35,APROBADA
35d32d9c-d73d-5996-a890-fa524764a99a,da1fe6a7-058c-5ad3-a10e-f529804a44b5,2025-04-17,10:00:00,13:00:00,30,APROBADA
aac8043b-995c-5006-95cb-8dcbd4b7df01,c1489a8f-1dff-511e-b025-5a10261901d7,2025-05-05,10:30:00,11:30:00,32,APROBADA
f4e65cfa-60d4-5e3b-b28b-507fc3d38d65,45b00d8f-2f79-52ba-8b17-e7d6ee0b476f,2025-02-14,18:30:00,21:30:00,34,APROBADA
4aec104f-3f37-584e-b5cf-c61a92918d34,e5da4cff-29aa-5f05-8532-70f093603e74,2024-11-04,09:00:00,11:00:00,32,APROBADA
5303d590-a828-524d-a391-92cc58a1bbe1,6c814918-8ba0-52cc-9377-6d60b7946f8b,2024-10-05,15:00:00,16:00:00,33,APROBADA
418ccde0-e6d5-5e9e-af53-c95ac4e082d7,b46607fb-d28f-5c06-a3a8-091cb9d995ec,2024-09-09,08:30:00,10:00:00,25,APROBADA
abb418c3-b9fa-5e59-941b-10c9bffe852a,d056b3a8-8204-507a-b6c1-1f1203a87651,2025-03-23,17:30:00,19:00:00,30,APROBADA
d276082f-351a-577c-b0e2-bf9a005deb70,ef815f08-b586-5f03-964a-a08004eaebf3,2024-10-10,12:00:00,13:30:00,33,APROBADA
f8bcdb37-de96-564d-a7ce-8c37df64918f,1a0b71d7-4721-5998-bd82-de26b25b5771,2025-02-17,11:00:00,14:00:00,32,APROBADA
e85ced95-2fcc-53c7-aebe-fed603d5227b,6903b35b-c2a6-5770-98e5-743c2bc06b45,2024-11-20,12:00:00,13:30:00,33,APROBADA
1bb298f8-15b5-564d-9962-0059d95e95dc,2574a671-d58d-5db3-8c9f-2518d8a8d790,2024-10-06,15:00:00,17:00:00,31,APROBADA
6c10cb39-6103-5bd0-897b-cbab5f24000a,a22ee2bf-332c-5ac1-ae12-28ce7b0033a1,2024-10-06,19:00:00,20:00:00,27,APROBADA
b8c1d5ae-bc8d-527f-9758-df6457f4f6ac,a22ee2bf-332c-5ac1-ae12-28ce7b0033a1,2024-07-13,09:00:00,10:30:00,27,APROBADA
8168d320-18a9-5229-a2f8-df4ba931f16e,8fd4b53b-1d49-5307-8a1a-e184999a4434,2025-02-07,16:00:00,19:00:00,35,APROBADA
4a471300-c56a-53c2-a71e-da837643403b,da1fe6a7-058c-5ad3-a10e-f529804a44b5,2025-06-13,13:00:00,14:30:00,28,APROBADA
dc954711-f624-5a96-ad68-c6381b9ef8da,b46607fb-d28f-5c06-a3a8-091cb9d995ec,2024-11-05,07:00:00,10:00:00,32,APROBADA
c95a844a-afc6-5bbe-98ed-50a5336c93a3,6903b35b-c2a6-5770-98e5-743c2bc06b45,2025-04-18,16:00:00,19:00:00,25,APROBADA
84ee3c15-9452-5e86-8109-31740f5c2afd,8fd4b53b-1d49-5307-8a1a-e184999a4434,2024-07-31,13:00:00,14:30:00,34,APROBADA
42e43805-9beb-5ccb-a3f4-e12c0dc17cc0,45b00d8f-2f79-52ba-8b17-e7d6ee0b476f,2025-04-03,17:00:00,20:00:00,36,APROBADA
0d708bfc-968e-5e7d-81bf-1260ddb0dbcf,10225e74-7c22-5384-8cdc-396a168ec651,2024-11-08,15:00:00,16:30:00,30,APROBADA
d6c7b577-314d-5ff6-8aa7-66b53552ca80,6c814918-8ba0-52cc-9377-6d60b7946f8b,2024-08-20,08:00:00,09:30:00,36,APROBADA
1531ac2a-aa5d-5a4a-96e5-f0a3b857a32c,6d481120-dab0-50c8-8f1b-33cf911e9573,2024-10-16,12:30:00,13:30:00,27,APROBADA
8309487c-a375-52aa-8b51-5fc02df98f03,7bcb3d0c-2500-5f01-abe8-d24e962af50e,2024-07-28,12:00:00,13:00:00,27,APROBADA
f2b9f67d-4625-54c4-a490-d84194b38701,b46607fb-d28f-5c06-a3a8-091cb9d995ec,2024-09-30,07:00:00,08:00:00,31,APROBADA
9ba13c41-163a-553c-8371-17d7db54f513,a22ee2bf-332c-5ac1-ae12-28ce7b0033a1,2025-04-04,16:30:00,18:30:00,25,APROBADA
c44bff27-91c9-5a0d-908d-f3e11aaf72e9,05a1191e-b84b-597d-b970-b04889cc30ee,2024-11-01,10:00:00,11:00:00,27,APROBADA
c6ec0361-c597-56a6-9ad3-5f8ec8f7bc2f,4b4a10f4-36fa-5109-bc5d-14e24370c164,2025-03-25,09:00:00,10:00:00,31,APROBADA
e4e2194c-8288-5ff9-8bbf-f8de237a1e73,dd609563-702d-543d-a49a-0ce27a83f234,2024-12-27,15:00:00,16:30:00,32,APROBADA
b1f43646-a33f-58d9-aed7-119d6f7fec5e,05a1191e-b84b-597d-b970-b04889cc30ee,2025-01-05,11:30:00,13:30:00,32,APROBADA
b647f45d-fba7-5f93-a3ab-30481fcd4add,2574a671-d58d-5db3-8c9f-2518d8a8d790,2025-04-16,07:30:00,10:30:00,28,APROBADA
adcff323-23da-53fd-a953-a703839a2043,1dee66e3-0076-5033-8ba0-70dd67e8aea0,2025-03-20,08:30:00,10:00:00,28,APROBADA
76998ff4-7adb-5b61-a009-a048faff53bb,a40fe9f0-87fa-5853-968f-5cedd5939e8a,2024-11-05,14:00:00,15:30:00,29,APROBADA
535e4b46-b7cc-5c76-929a-0c8a4190f3e2,45b00d8f-2f79-52ba-8b17-e7d6ee0b476f,2025-02-13,11:30:00,13:30:00,36,APROBADA
f6040ba2-6eef-5793-8d39-dcefa8ad1660,aad269e7-97f7-5e2d-9c43-cf84b49bd847,2025-05-07,08:30:00,10:30:00,25,APROBADA
e6a7df92-7cc3-529f-b909-c5b661a0af6b,ef815f08-b586-5f03-964a-a08004eaebf3,2024-08-09,17:00:00,20:00:00,36,APROBADA
59293e49-e23b-5982-8310-7b6b90b945c1,8fd4b53b-1d49-5307-8a1a-e184999a4434,2024-08-22,08:00:00,10:00:00,31,APROBADA
a56dcb94-a967-5d03-ab08-ef67e91fc450,10225e74-7c22-5384-8cdc-396a168ec651,2025-01-15,12:00:00,13:00:00,36,APROBADA
15b828ab-be2c-5de4-aeb4-316028627172,4b4a10f4-36fa-5109-bc5d-14e24370c164,2024-08-13,11:30:00,12:30:00,31,APROBADA
5a1b73f7-f374-5950-a185-9d95a83b0020,6c814918-8ba0-52cc-9377-6d60b7946f8b,2025-02-17,10:30:00,11:30:00,30,APROBADA
b0783365-8361-5684-8e38-57df13eb0faf,6c814918-8ba0-52cc-9377-6d60b7946f8b,2024-11-10,10:30:00,11:30:00,35,APROBADA
73124b67-1057-54af-a193-7ffaceca238e,a22ee2bf-332c-5ac1-ae12-28ce7b0033a1,2025-02-18,17:30:00,19:30:00,33,APROBADA
4d3cf7a7-d506-56ae-9eb1-c20237538e30,e5da4cff-29aa-5f05-8532-70f093603e74,2025-02-24,07:00:00,08:00:00,35,APROBADA
46aa6a09-f706-5444-bba9-4551984a7a96,0880d439-8834-59c1-bfce-e7f3da722b3f,2024-10-20,14:00:00,15:00:00,44,APROBADA
a9082f6a-4965-5a0a-b585-fedc7457f8a2,1a0b71d7-4721-5998-bd82-de26b25b5771,2025-05-10,07:30:00,09:00:00,28,APROBADA
0cb420e0-d19b-597b-95c5-9d739ef10157,2574a671-d58d-5db3-8c9f-2518d8a8d790,2025-05-07,09:00:00,10:30:00,31,APROBADA
72846b25-0d8a-5434-bf3e-92798bc2f7da,b46607fb-d28f-5c06-a3a8-091cb9d995ec,2024-11-15,08:30:00,09:30:00,29,APROBADA
fcd16a48-b187-5a6f-8ac6-c2c9725adb6f,6c814918-8ba0-52cc-9377-6d60b7946f8b,2024-09-04,15:30:00,18:30:00,36,APROBADA
41033767-1b58-5d5e-9178-27e8ebc9b494,6c814918-8ba0-52cc-9377-6d60b7946f8b,2025-02-11,16:00:00,17:30:00,26,APROBADA
3b0c958d-8614-5f08-becd-26f5b5d5fafa,e5da4cff-29aa-5f05-8532-70f093603e74,2025-02-06,16:30:00,17:30:00,30,APROBADA
c29daa51-ae62-5d20-801f-d03e1676af88,d76d770e-14c2-5fea-bf8b-28f95250e124,2024-10-30,15:00:00,16:00:00,31,APROBADA
fb0377f1-2f22-5071-b1cc-a6fc25f25eaf,4b4a10f4-36fa-5109-bc5d-14e24370c164,2024-08-09,13:00:00,15:00:00,32,APROBADA
2e6cbe8c-7237-5685-85eb-dd003182a92c,1a0b71d7-4721-5998-bd82-de26b25b5771,2024-10-30,08:00:00,09:30:00,32,APROBADA
164ddda5-00c7-5cd3-894a-af341ea1381a,a22ee2bf-332c-5ac1-ae12-28ce7b0033a1,2024-07-09,15:30:00,16:30:00,35,APROBADA
f12dfe94-0421-53d2-a79d-2239003aa82b,4b4a10f4-36fa-5109-bc5d-14e24370c164,2024-11-10,09:00:00,10:00:00,25,APROBADA
0d4c7c49-5677-5447-9258-9aacfe997661,da1fe6a7-058c-5ad3-a10e-f529804a44b5,2025-01-05,19:00:00,21:00:00,36,APROBADA
8ff7d5e5-e5ec-516f-8656-04a1a843340e,7bcb3d0c-2500-5f01-abe8-d24e962af50e,2025-05-25,12:00:00,13:00:00,25,APROBADA
2955cb9b-ec42-5adc-9d79-796e8a112df0,e5da4cff-29aa-5f05-8532-70f093603e74,2024-07-24,15:30:00,18:30:00,33,APROBADA
99412f62-2062-58d2-b518-93e750c85d0d,1a0b71d7-4721-5998-bd82-de26b25b5771,2025-04-16,15:30:00,18:30:00,33,APROBADA
3c369c3f-cb88-5634-a943-83414b77c2a5,eb4139b4-3715-5623-a990-d045271440a9,2025-04-29,08:30:00,09:30:00,32,APROBADA
d21b4bc8-787b-584a-a2e7-8ec8f9dd1c06,d056b3a8-8204-507a-b6c1-1f1203a87651,2025-04-09,07:30:00,09:00:00,29,APROBADA
6cc22dc0-e8d0-5b62-b9c9-8397db6696fd,45b00d8f-2f79-52ba-8b17-e7d6ee0b476f,2025-02-02,13:30:00,15:00:00,35,APROBADA
e8ebf0c3-8a47-53d1-937d-de3c33996f9b,0880d439-8834-59c1-bfce-e7f3da722b3f,2025-05-08,16:00:00,19:00:00,40,APROBADA
1ba02a4f-daa2-588a-8074-19dbff42db9f,1dee66e3-0076-5033-8ba0-70dd67e8aea0,2025-06-04,11:30:00,13:00:00,45,APROBADA
7f8a913b-41cd-559c-ad02-aa70821b4a6c,b46607fb-d28f-5c06-a3a8-091cb9d995ec,2024-07-10,12:00:00,15:00:00,27,APROBADA
098b515a-af76-5542-a010-f54adf05afb2,10225e74-7c22-5384-8cdc-396a168ec651,2025-01-31,13:00:00,14:30:00,34,APROBADA
06811186-06dc-5554-959b-60558ede3d11,7d424b25-0f98-5f10-b2a8-ed9ddcd33e7a,2025-02-23,16:30:00,18:00:00,39,APROBADA
fbd3cd48-c531-569c-b478-ceb923d0f394,23c254ed-4635-5cec-baa9-656efa7fd130,2024-08-01,14:30:00,16:30:00,25,APROBADA
51ef076f-e923-5e24-8796-298daafeee93,a40fe9f0-87fa-5853-968f-5cedd5939e8a,2024-09-17,12:00:00,14:00:00,30,APROBADA
beef8142-c77b-5414-8d8f-39521df84562,e5da4cff-29aa-5f05-8532-70f093603e74,2024-07-27,17:30:00,19:30:00,38,APROBADA
db45adc8-847d-5473-8ad7-da3c6449c696,b46607fb-d28f-5c06-a3a8-091cb9d995ec,2024-11-07,07:30:00,08:30:00,31,APROBADA
07069945-ac0c-5f5c-8b7e-af2d44c8ef77,706ea773-fd09-5587-a465-302616f9d571,2024-11-20,11:30:00,13:30:00,31,APROBADA
1d997614-bb55-559a-bdb2-0a655051913a,aad269e7-97f7-5e2d-9c43-cf84b49bd847,2025-01-14,08:00:00,09:00:00,25,APROBADA
af6e4072-6f43-57c5-ac59-8b79736c61ba,c1489a8f-1dff-511e-b025-5a10261901d7,2024-12-04,12:00:00,15:00:00,29,APROBADA
420c1d86-0d52-53a2-b5c8-c2ab65bbe71b,1dee66e3-0076-5033-8ba0-70dd67e8aea0,2025-01-24,12:00:00,14:00:00,35,APROBADA
17c77850-3cf2-58d8-9a84-67aadf7d1eb0,d7ce39c6-be5b-537a-ae81-d449a1710ff2,2025-05-21,19:00:00,20:00:00,32,APROBADA
bc1b1b83-ad30-5850-b270-bf39ac9f450c,6c814918-8ba0-52cc-9377-6d60b7946f8b,2024-10-13,19:00:00,20:00:00,36,APROBADA
ead8fb94-fa03-5907-afae-49f0a98d1c63,1a0b71d7-4721-5998-bd82-de26b25b5771,2024-09-28,12:30:00,14:00:00,25,APROBADA
8be8a518-205c-5386-9d07-c075c5fefeb9,1a0b71d7-4721-5998-bd82-de26b25b5771,2024-12-25,09:00:00,10:30:00,30,APROBADA
03c61fa2-2abd-5d2a-8b49-d8730248fef3,6c814918-8ba0-52cc-9377-6d60b7946f8b,2025-02-23,17:30:00,19:30:00,32,APROBADA
07aa383f-27f4-5746-b21b-e91cd7f4e897,aad269e7-97f7-5e2d-9c43-cf84b49bd847,2024-09-11,19:00:00,20:00:00,28,APROBADA
ce3f4162-375b-5e11-ae51-4b7d891f35d9,1dee66e3-0076-5033-8ba0-70dd67e8aea0,2025-05-30,18:30:00,20:30:00,37,APROBADA
6fe8a395-caac-5626-b62a-98ae46651f10,d056b3a8-8204-507a-b6c1-1f1203a87651,2025-01-03,08:00:00,09:00:00,25,APROBADA
470e66c2-55cf-587a-b693-6e5de32e7eef,7bcb3d0c-2500-5f01-abe8-d24e962af50e,2025-06-03,09:00:00,12:00:00,28,APROBADA
4e0df239-8fde-5318-a440-0fffa8235b13,6d481120-dab0-50c8-8f1b-33cf911e9573,2025-04-13,11:00:00,14:00:00,30,APROBADA
4cd35989-591b-52ed-958d-825ec051f30f,d76d770e-14c2-5fea-bf8b-28f95250e124,2025-05-11,11:30:00,14:30:00,38,APROBADA
8caa6af6-a1fb-5f17-94d6-7d41f31f00a8,706ea773-fd09-5587-a465-302616f9d571,2024-11-02,13:00:00,14:30:00,40,APROBADA
37625754-0414-5dcf-98f4-3d07ebf65474,0880d439-8834-59c1-bfce-e7f3da722b3f,2025-05-31,11:30:00,13:30:00,36,APROBADA
d7635a6c-8d02-5de8-90ab-ae10bcef4244,7bcb3d0c-2500-5f01-abe8-d24e962af50e,2025-03-23,16:00:00,19:00:00,27,APROBADA
3623cd2d-3dac-5903-8da1-ff45cd44d68c,d056b3a8-8204-507a-b6c1-1f1203a87651,2024-12-03,09:00:00,11:00:00,29,APROBADA
f086a53a-7522-5a8f-8e22-fbda4c68a194,b46607fb-d28f-5c06-a3a8-091cb9d995ec,2024-10-19,08:00:00,10:00:00,34,APROBADA
9c8b0428-7c11-5be3-a832-560ca2079415,7bcb3d0c-2500-5f01-abe8-d24e962af50e,2024-07-01,15:00:00,18:00:00,29,APROBADA
8e830824-1dca-5f2f-b8d6-bbefad72831b,05a1191e-b84b-597d-b970-b04889cc30ee,2025-06-20,07:00:00,10:00:00,30,APROBADA
4ff474d3-a372-514f-99d1-3de5c193bfc0,eb4139b4-3715-5623-a990-d045271440a9,2024-10-28,09:00:00,11:00:00,27,APROBADA
518e8186-be5b-5369-88d0-61d28b1cee38,ef815f08-b586-5f03-964a-a08004eaebf3,2025-03-18,09:00:00,11:00:00,30,APROBADA
699dcd50-51c5-5f14-8862-33bc3b39c77d,10225e74-7c22-5384-8cdc-396a168ec651,2025-03-31,18:30:00,20:00:00,26,APROBADA
91d3589f-b975-58cb-ba68-c9299683924a,e5da4cff-29aa-5f05-8532-70f093603e74,2025-06-09,17:30:00,19:30:00,40,APROBADA
675b235a-6499-5af9-b25e-37c01b3ebf08,4b4a10f4-36fa-5109-bc5d-14e24370c164,2025-01-27,07:30:00,08:30:00,31,APROBADA
693c15c6-66e7-54e4-b267-5e95219ad910,6903b35b-c2a6-5770-98e5-743c2bc06b45,2025-06-14,17:00:00,18:00:00,28,APROBADA
7026d9df-50b5-5bbe-b13c-54cbc9836232,0880d439-8834-59c1-bfce-e7f3da722b3f,2024-12-23,16:00:00,17:30:00,43,APROBADA
32652fd6-4c67-588e-9657-020a74383665,8fd4b53b-1d49-5307-8a1a-e184999a4434,2025-02-09,16:30:00,19:30:00,31,APROBADA
9b839f63-7a6c-526d-bfb0-302c113d3bab,b46607fb-d28f-5c06-a3a8-091cb9d995ec,2024-09-06,08:00:00,11:00:00,29,APROBADA
0302083e-74fa-54a6-9889-87304cafcef0,10225e74-7c22-5384-8cdc-396a168ec651,2024-09-25,07:00:00,08:30:00,30,APROBADA
0815a88d-fa15-56f1-9b57-5a38b8796abb,aad269e7-97f7-5e2d-9c43-cf84b49bd847,2024-12-23,16:30:00,19:30:00,25,APROBADA
9ea7a4c0-6c66-5deb-8ee0-8435bf3239dc,8fd4b53b-1d49-5307-8a1a-e184999a4434,2025-02-26,15:30:00,17:00:00,37,APROBADA
d343b1f5-3b75-5099-96d1-6631243fa088,dd609563-702d-543d-a49a-0ce27a83f234,2024-10-28,12:30:00,13:30:00,40,APROBADA
2cdd4375-ff81-538f-a452-4cb259567cef,0880d439-8834-59c1-bfce-e7f3da722b3f,2025-04-21,10:00:00,11:30:00,36,APROBADA
aa4f6bf1-22c2-5d99-b3ec-0c5077b6497a,e5da4cff-29aa-5f05-8532-70f093603e74,2025-05-02,14:30:00,16:30:00,25,APROBADA
7985b23a-73b7-5216-95dd-54aec64a2b14,05a1191e-b84b-597d-b970-b04889cc30ee,2024-11-13,11:00:00,12:30:00,32,APROBADA
c4a2b204-2b6c-5654-81fd-6facc929211b,b8969593-19a7-5a43-84c0-d52e63ac0cb4,2024-08-29,13:30:00,14:30:00,28,APROBADA
a1d4f5a6-8421-50d9-b83e-fe81015e256c,d7ce39c6-be5b-537a-ae81-d449a1710ff2,2025-05-10,09:30:00,11:00:00,39,APROBADA
62f26de9-ee0a-5690-8c62-060e315ea28a,7d424b25-0f98-5f10-b2a8-ed9ddcd33e7a,2025-02-07,09:30:00,11:30:00,27,APROBADA
75d8da9b-b7e8-5b7f-9215-b6aff2ef5908,d7ce39c6-be5b-537a-ae81-d449a1710ff2,2025-02-05,09:00:00,11:00:00,33,APROBADA
6aa5dd6e-bc06-58fd-bf81-dc5912df0ece,6c814918-8ba0-52cc-9377-6d60b7946f8b,2025-02-21,11:30:00,14:30:00,30,APROBADA
0eecdfe5-d494-5faf-84f4-34d32f0e4dc8,eb4139b4-3715-5623-a990-d045271440a9,2024-09-03,10:30:00,12:00:00,25,APROBADA
9f7bd798-a0d6-5c87-a237-37a4b30b27e2,a40fe9f0-87fa-5853-968f-5cedd5939e8a,2024-10-21,13:30:00,15:00:00,32,APROBADA
a466483f-8473-5c82-996c-fcadae533814,d7ce39c6-be5b-537a-ae81-d449a1710ff2,2025-05-12,16:30:00,18:00:00,29,APROBADA
c7233f18-0d03-560e-87fe-cc6c94a4950a,7bcb3d0c-2500-5f01-abe8-d24e962af50e,2025-02-28,08:30:00,11:30:00,28,APROBADA
01bcc1d2-14b8-54ed-bc0e-49a21b6f75d5,ef815f08-b586-5f03-964a-a08004eaebf3,2025-02-27,12:00:00,13:00:00,36,APROBADA
2b3ff165-ce62-50dd-9e66-1763262bd1b6,45b00d8f-2f79-52ba-8b17-e7d6ee0b476f,2024-10-27,16:00:00,19:00:00,29,APROBADA
fb917d99-558b-525a-8f56-89b69b1e0385,1a0b71d7-4721-5998-bd82-de26b25b5771,2025-03-03,14:00:00,16:00:00,37,APROBADA
1023a4b0-b971-550d-a9ea-8d7414ff569a,1a0b71d7-4721-5998-bd82-de26b25b5771,2024-12-16,13:30:00,15:00:00,31,APROBADA
ae17f396-2b56-509c-aea8-b2ea977e09e5,8fd4b53b-1d49-5307-8a1a-e184999a4434,2025-03-10,12:30:00,13:30:00,34,APROBADA
6d599ebc-f708-5a29-a003-5e0aff460439,7d424b25-0f98-5f10-b2a8-ed9ddcd33e7a,2024-11-19,08:00:00,11:00:00,34,APROBADA
5f8a97e7-b23f-55f8-8a8b-25ffcd35df25,1a0b71d7-4721-5998-bd82-de26b25b5771,2025-02-22,12:00:00,15:00:00,38,APROBADA
a8555f8a-dfaa-5cb6-9594-d514fa03fa87,6903b35b-c2a6-5770-98e5-743c2bc06b45,2025-01-22,14:30:00,16:00:00,29,APROBADA
4cc24d35-2843-557a-8310-55cf00eaca21,b46607fb-d28f-5c06-a3a8-091cb9d995ec,2024-09-25,09:30:00,11:00:00,30,APROBADA
ba0c8b64-089b-5727-9c24-fe3aec6d228d,da1fe6a7-058c-5ad3-a10e-f529804a44b5,2025-04-27,17:00:00,18:00:00,34,APROBADA
d3469a85-6a7f-5607-bd30-d24c8a568c11,d76d770e-14c2-5fea-bf8b-28f95250e124,2025-05-23,17:00:00,19:00:00,30,APROBADA
6d200db8-03be-5b49-9798-5960310edec8,2574a671-d58d-5db3-8c9f-2518d8a8d790,2024-08-02,09:30:00,11:30:00,35,APROBADA
39dc4849-5c58-5d2d-87e1-88793c98bf6e,4b4a10f4-36fa-5109-bc5d-14e24370c164,2024-09-08,07:30:00,08:30:00,28,APROBADA
da9fd1ab-784e-5df3-ae59-900a9ecea49f,d7ce39c6-be5b-537a-ae81-d449a1710ff2,2024-10-23,17:00:00,18:30:00,42,APROBADA
f723b650-590e-5644-9546-48d614259826,6d481120-dab0-50c8-8f1b-33cf911e9573,2024-08-11,07:00:00,10:00:00,40,APROBADA
49365a39-67da-5a3e-ba0f-8091c3ad44be,d7ce39c6-be5b-537a-ae81-d449a1710ff2,2024-10-26,18:30:00,20:30:00,36,APROBADA
12620dbe-abde-566f-8fa7-4cf0f065fc80,7d424b25-0f98-5f10-b2a8-ed9ddcd33e7a,2024-11-23,18:00:00,20:00:00,39,APROBADA
6238f501-ba84-5aa7-9617-09979b7a97d0,d76d770e-14c2-5fea-bf8b-28f95250e124,2025-02-10,10:30:00,11:30:00,37,APROBADA
068e72f9-7d0e-5bcb-b858-3e580d17724b,e5da4cff-29aa-5f05-8532-70f093603e74,2024-07-17,10:00:00,13:00:00,34,APROBADA
263754a1-5853-5ce5-8e31-02bb2c24393e,706ea773-fd09-5587-a465-302616f9d571,2025-05-20,10:00:00,13:00:00,37,APROBADA
1d429272-d283-5d30-b735-6a1f9fef514b,45b00d8f-2f79-52ba-8b17-e7d6ee0b476f,2024-12-21,10:30:00,12:30:00,30,APROBADA
8368a7b9-7999-5676-9ac1-8c741340f3af,8fd4b53b-1d49-5307-8a1a-e184999a4434,2025-04-04,16:30:00,19:30:00,33,APROBADA
e840d22e-d417-528d-a7ee-a813bfdfcb44,7d424b25-0f98-5f10-b2a8-ed9ddcd33e7a,2025-05-12,18:30:00,19:30:00,32,APROBADA
fb13c19f-aaa6-559c-8678-b586d30484ef,d7ce39c6-be5b-537a-ae81-d449a1710ff2,2025-04-27,09:30:00,11:00:00,26,APROBADA
73144ae5-80c9-5871-9e0d-23cfc9bd96df,aad269e7-97f7-5e2d-9c43-cf84b49bd847,2024-12-13,16:30:00,18:30:00,25,APROBADA
3eb81bd9-f6b4-5c8c-80a1-f0a338432691,d7ce39c6-be5b-537a-ae81-d449a1710ff2,2024-08-14,13:30:00,15:00:00,30,APROBADA
e56a8e21-7035-58f5-9c97-6b7b9c72826e,da1fe6a7-058c-5ad3-a10e-f529804a44b5,2024-10-29,17:00:00,18:30:00,35,APROBADA
3600739e-46a1-5495-9a12-75e1e7c7ab44,a40fe9f0-87fa-5853-968f-5cedd5939e8a,2024-12-14,17:00:00,20:00:00,25,APROBADA
468179f3-162f-590f-819f-5990c19dfb9c,a22ee2bf-332c-5ac1-ae12-28ce7b0033a1,2024-12-23,16:30:00,17:30:00,36,APROBADA
444751a8-0bb8-5bf5-b0d1-559479ef9ab3,b8969593-19a7-5a43-84c0-d52e63ac0cb4,2024-08-26,17:30:00,19:30:00,25,APROBADA
94ed3c2d-ace4-5990-a0d9-5c651a8c4713,10225e74-7c22-5384-8cdc-396a168ec651,2024-10-12,11:00:00,14:00:00,26,APROBADA
9cd24cee-9cd9-5e2e-8a7c-02f03e7feecd,d76d770e-14c2-5fea-bf8b-28f95250e124,2024-09-27,10:00:00,13:00:00,26,APROBADA
8bd24e3a-f835-5a40-b17e-2f2a5c122a35,05a1191e-b84b-597d-b970-b04889cc30ee,2025-05-29,16:30:00,19:30:00,26,APROBADA
facee043-36f0-5b84-a3ed-9743455db988,c1489a8f-1dff-511e-b025-5a10261901d7,2025-04-13,08:00:00,10:00:00,32,APROBADA
21e76d3b-8e06-5b95-80bc-8b7425e65a76,d7ce39c6-be5b-537a-ae81-d449a1710ff2,2024-12-12,16:00:00,18:00:00,28,APROBADA
a512b0e3-9b96-5222-95a0-72fdb65ce3d2,da1fe6a7-058c-5ad3-a10e-f529804a44b5,2024-11-11,10:00:00,11:30:00,27,APROBADA
ff6788e7-75b0-57f0-b78f-a7b4f748f396,b8969593-19a7-5a43-84c0-d52e63ac0cb4,2024-07-24,07:30:00,09:00:00,26,APROBADA
d51d0746-472b-5442-86d9-c4a360be24e1,da1fe6a7-058c-5ad3-a10e-f529804a44b5,2024-12-03,10:00:00,12:00:00,25,APROBADA
9ab5f077-48c7-575d-915a-5b333d1f016d,7d424b25-0f98-5f10-b2a8-ed9ddcd33e7a,2024-07-21,08:00:00,09:00:00,25,APROBADA
2121aec6-db2a-5fe3-a997-41fe2dbf3580,6d481120-dab0-50c8-8f1b-33cf911e9573,2024-07-14,10:00:00,12:00:00,33,APROBADA
0eee2b6e-82fe-57f9-9a8e-642e8987a20c,2574a671-d58d-5db3-8c9f-2518d8a8d790,2025-04-05,15:00:00,18:00:00,32,APROBADA
4614b56f-f07a-52ff-8d42-cef14715387b,2574a671-d58d-5db3-8c9f-2518d8a8d790,2025-06-10,10:30:00,12:30:00,32,APROBADA
34d48c6d-cf4c-53bd-8f79-fcf405196333,ef815f08-b586-5f03-964a-a08004eaebf3,2024-09-21,16:30:00,19:30:00,27,APROBADA
a09071dd-682f-577a-a965-f62528c9e376,10225e74-7c22-5384-8cdc-396a168ec651,2024-09-28,14:30:00,16:00:00,36,APROBADA
998a2006-567e-5c90-9df5-25d3b01550cd,eb4139b4-3715-5623-a990-d045271440a9,2025-03-08,07:30:00,08:30:00,30,APROBADA
75c64c88-415a-5ecf-82a2-2573198ad9e8,f5e43a2a-032c-562e-837a-ff3c72abffb4,2025-04-27,16:30:00,19:30:00,26,APROBADA
2ed8b4b0-7232-55d7-ac5f-eccd46258bc1,706ea773-fd09-5587-a465-302616f9d571,2025-05-06,18:30:00,20:30:00,27,APROBADA
fb5ec660-3ef0-5836-8a6e-60072b724c03,7bcb3d0c-2500-5f01-abe8-d24e962af50e,2025-03-25,09:30:00,11:30:00,28,APROBADA
65dd6f78-b97d-5ac4-a551-179d4e064e5b,d056b3a8-8204-507a-b6c1-1f1203a87651,2024-09-22,10:30:00,11:30:00,25,APROBADA
f4dade67-9ca7-534e-815c-7c96297f0a92,05a1191e-b84b-597d-b970-b04889cc30ee,2025-02-08,07:00:00,08:00:00,29,APROBADA
0651b275-a1fe-563e-9064-e0f98416a7b0,f5e43a2a-032c-562e-837a-ff3c72abffb4,2024-08-16,16:00:00,19:00:00,29,APROBADA
3d5a3c25-07a8-5833-b526-0ba185053b6c,d056b3a8-8204-507a-b6c1-1f1203a87651,2024-10-16,16:00:00,19:00:00,29,APROBADA
eb1dcb28-4e78-5608-b4a0-97720d52e073,1a0b71d7-4721-5998-bd82-de26b25b5771,2024-10-25,17:00:00,18:30:00,30,APROBADA
7fb0f5a9-ab8f-54a9-b345-7e297594280c,6d481120-dab0-50c8-8f1b-33cf911e9573,2025-04-20,16:30:00,18:00:00,44,APROBADA
693b40f5-2e40-5d7f-b831-fe969f7dc15e,aad269e7-97f7-5e2d-9c43-cf84b49bd847,2024-07-30,07:00:00,08:30:00,29,APROBADA
9b0e7a71-7af9-5776-b562-04a683bb55c3,eb4139b4-3715-5623-a990-d045271440a9,2024-08-24,12:30:00,13:30:00,30,APROBADA
d5a209ae-d1f7-57c2-aeb1-e4410b036893,6d481120-dab0-50c8-8f1b-33cf911e9573,2024-12-30,18:30:00,19:30:00,25,APROBADA
9aa199dc-da55-5b3a-bd0a-949e0a058f04,05a1191e-b84b-597d-b970-b04889cc30ee,2024-12-03,09:00:00,11:00:00,26,APROBADA
1ebf1fd0-0849-5d99-8e6b-ab425dd53570,05a1191e-b84b-597d-b970-b04889cc30ee,2025-02-07,10:00:00,11:30:00,25,APROBADA
a91df1dd-db71-5002-9253-5f0ed3f931eb,ef815f08-b586-5f03-964a-a08004eaebf3,2024-08-13,07:30:00,10:30:00,26,APROBADA
c3be9868-9ac4-5c71-8381-82a8704ca2b2,1a0b71d7-4721-5998-bd82-de26b25b5771,2025-05-21,09:00:00,10:00:00,36,APROBADA
132ed290-a4af-599d-bff4-3d2b0c644735,dd609563-702d-543d-a49a-0ce27a83f234,2024-12-29,14:00:00,17:00:00,36,APROBADA
c4c86f17-4c61-58bb-84ca-96494da05015,45b00d8f-2f79-52ba-8b17-e7d6ee0b476f,2024-08-14,07:30:00,10:30:00,27,APROBADA
192f03f0-899b-5864-9e8d-4156bc22781b,0880d439-8834-59c1-bfce-e7f3da722b3f,2024-12-11,08:00:00,11:00:00,28,APROBADA
33946b0b-988d-5a03-9c0c-4271dee2daf9,8fd4b53b-1d49-5307-8a1a-e184999a4434,2024-08-11,16:00:00,17:00:00,35,APROBADA
abaf40e8-09dd-5002-b0ac-6012d02ed510,8fd4b53b-1d49-5307-8a1a-e184999a4434,2025-05-26,12:00:00,13:00:00,30,APROBADA
53bc1254-b30b-5d9c-afec-e7f6c196b53c,6903b35b-c2a6-5770-98e5-743c2bc06b45,2024-11-24,18:00:00,20:00:00,28,APROBADA
a70313aa-ddc8-5446-986f-19c66def51c5,a22ee2bf-332c-5ac1-ae12-28ce7b0033a1,2025-05-24,14:00:00,16:00:00,25,APROBADA
fcb9c64d-e33a-5b3e-a3e5-0e6ee261eb40,6d481120-dab0-50c8-8f1b-33cf911e9573,2024-07-12,17:00:00,18:30:00,39,APROBADA
faa56ee9-a8a9-551f-828f-7a9e06f9529d,c1489a8f-1dff-511e-b025-5a10261901d7,2025-06-07,07:00:00,09:00:00,27,APROBADA
a9e8b6ce-acfe-5db2-bb54-22f264485659,a22ee2bf-332c-5ac1-ae12-28ce7b0033a1,2024-08-10,18:00:00,21:00:00,29,APROBADA
345f8bf2-8a0b-5e0b-9821-02f86df08652,1a0b71d7-4721-5998-bd82-de26b25b5771,2024-12-20,10:30:00,11:30:00,45,APROBADA
71bf5b87-3c24-56a5-934c-c281737c813c,7d424b25-0f98-5f10-b2a8-ed9ddcd33e7a,2025-06-05,13:00:00,16:00:00,31,APROBADA
b3a3e58e-d551-5bec-9482-db1108764e8f,ef815f08-b586-5f03-964a-a08004eaebf3,2025-01-06,15:30:00,18:30:00,25,APROBADA
85cee0f7-3aec-5b59-9562-ad7c62621778,dd609563-702d-543d-a49a-0ce27a83f234,2025-06-25,08:00:00,11:00:00,36,APROBADA
86d4c45d-016d-5421-8857-d21f92664258,8fd4b53b-1d49-5307-8a1a-e184999a4434,2025-06-27,18:00:00,20:00:00,33,APROBADA
748e8ff8-5c1d-5b7f-b07d-90c5c0bf8064,05a1191e-b84b-597d-b970-b04889cc30ee,2025-01-20,15:00:00,18:00:00,35,APROBADA
ad53d801-f3a1-5a82-a1e8-85220c40af1d,aad269e7-97f7-5e2d-9c43-cf84b49bd847,2025-02-01,18:30:00,19:30:00,27,APROBADA
d6654248-4389-5191-a809-86e712fa2b6f,10225e74-7c22-5384-8cdc-396a168ec651,2025-05-15,07:00:00,08:00:00,29,APROBADA
5df01258-5c61-527c-a8e6-aeddf686d896,10225e74-7c22-5384-8cdc-396a168ec651,2024-10-08,08:00:00,10:00:00,33,APROBADA
a3f009f7-5731-527e-a0c0-f454ede9320c,2574a671-d58d-5db3-8c9f-2518d8a8d790,2025-04-29,15:30:00,17:30:00,39,APROBADA
9bedb1f4-b682-5fb4-8b78-d857baa7072d,2574a671-d58d-5db3-8c9f-2518d8a8d790,2025-06-29,12:00:00,14:00:00,37,APROBADA
45905edc-f455-5e19-b984-4605cf539411,6d481120-dab0-50c8-8f1b-33cf911e9573,2025-05-12,08:30:00,10:30:00,28,APROBADA
59f25bf8-0906-5643-82e3-9d25284a1ea2,b46607fb-d28f-5c06-a3a8-091cb9d995ec,2024-12-15,10:30:00,13:30:00,35,APROBADA
82a8b283-2dbf-51a8-bf90-21e8b4f7cfd6,d7ce39c6-be5b-537a-ae81-d449a1710ff2,2024-07-15,17:00:00,20:00:00,36,APROBADA
fd476075-fbc2-5ed8-8e59-8f60df4d5d58,6d481120-dab0-50c8-8f1b-33cf911e9573,2025-03-27,12:00:00,14:00:00,40,APROBADA
b16064b8-7359-575a-81bb-b6c0785f639c,f5e43a2a-032c-562e-837a-ff3c72abffb4,2025-01-15,16:00:00,18:00:00,30,APROBADA
0a8035e0-53ef-5a9f-bf13-e1d2c5c1bce1,6903b35b-c2a6-5770-98e5-743c2bc06b45,2024-10-11,07:30:00,10:30:00,35,APROBADA
3efe3824-4273-5c84-a236-4b5778a5f707,706ea773-fd09-5587-a465-302616f9d571,2024-08-17,15:30:00,18:30:00,35,APROBADA
f2f89307-030c-5e22-9843-e3eb3a703d3b,aad269e7-97f7-5e2d-9c43-cf84b49bd847,2024-10-26,07:00:00,09:00:00,29,APROBADA
e42966b8-430e-5263-934d-f828640209c9,0880d439-8834-59c1-bfce-e7f3da722b3f,2025-04-24,15:30:00,16:30:00,43,APROBADA
d7bac9c8-f138-5f28-96bd-3c024e1e4bff,1dee66e3-0076-5033-8ba0-70dd67e8aea0,2025-06-04,13:30:00,16:30:00,25,APROBADA
f5d43f0c-7db0-590c-8c0b-354d7920a611,7d424b25-0f98-5f10-b2a8-ed9ddcd33e7a,2025-06-02,15:00:00,16:00:00,25,APROBADA
e4873ad4-231d-5e43-bcfc-eef6ca432434,05a1191e-b84b-597d-b970-b04889cc30ee,2025-04-09,13:30:00,15:00:00,34,APROBADA
0ab32023-8344-5206-b7be-d0f91d67fd7a,45b00d8f-2f79-52ba-8b17-e7d6ee0b476f,2025-02-10,12:00:00,13:00:00,28,APROBADA
3f2b34cd-85c9-5d93-8728-8e74bdca9f98,1dee66e3-0076-5033-8ba0-70dd67e8aea0,2024-11-05,12:30:00,14:00:00,30,APROBADA
cd33a646-cf74-529a-a3e6-240b15d6afe7,f5e43a2a-032c-562e-837a-ff3c72abffb4,2024-08-12,15:30:00,17:00:00,25,APROBADA
15ceeb8c-d7cd-5cd4-8d84-a4d1c4866a96,f5e43a2a-032c-562e-837a-ff3c72abffb4,2025-02-03,13:00:00,16:00:00,30,APROBADA
30e72558-efd5-5b14-ada4-6563337ae11b,d76d770e-14c2-5fea-bf8b-28f95250e124,2024-11-14,14:30:00,16:30:00,34,APROBADA
2e04c2db-a629-5c2f-86ef-ff422172d486,1a0b71d7-4721-5998-bd82-de26b25b5771,2024-07-01,15:30:00,17:00:00,32,APROBADA
74b32f4c-83ba-5d91-a578-e004e6459d89,4b4a10f4-36fa-5109-bc5d-14e24370c164,2025-03-19,11:00:00,12:30:00,31,APROBADA
926a8697-6792-5c38-96ec-3c6b3c94b6c8,6d481120-dab0-50c8-8f1b-33cf911e9573,2024-11-10,08:00:00,09:30:00,33,APROBADA
f118257b-d624-59a5-93f9-0a36ba8befd1,706ea773-fd09-5587-a465-302616f9d571,2024-08-08,13:00:00,14:30:00,30,APROBADA
619e92d0-5b5e-5c07-94ee-ae403ed11c59,4b4a10f4-36fa-5109-bc5d-14e24370c164,2025-04-10,16:30:00,17:30:00,32,APROBADA
bbbe0638-64a8-5891-b1e5-2d404cc3c7f3,e5da4cff-29aa-5f05-8532-70f093603e74,2024-12-21,18:00:00,19:30:00,36,APROBADA
1376edad-bf99-5dae-a963-19b2cb43d70b,d7ce39c6-be5b-537a-ae81-d449a1710ff2,2024-12-03,15:30:00,17:00:00,44,APROBADA
472516b3-ecdb-5daa-ae65-3f9f4b0585f4,05a1191e-b84b-597d-b970-b04889cc30ee,2025-06-08,14:30:00,15:30:00,32,APROBADA
630d1373-8073-5c1a-866c-042be0890b36,45b00d8f-2f79-52ba-8b17-e7d6ee0b476f,2024-09-20,13:30:00,14:30:00,33,APROBADA
9214cbd8-7512-5f0b-82fd-5b07ae313905,706ea773-fd09-5587-a465-302616f9d571,2025-06-28,17:30:00,19:00:00,29,APROBADA
2ae4b02a-450a-50a4-a97b-f58a9661d157,1a0b71d7-4721-5998-bd82-de26b25b5771,2024-09-05,11:00:00,14:00:00,36,APROBADA
30830916-8184-5249-85ca-d05b4e9a18f6,a22ee2bf-332c-5ac1-ae12-28ce7b0033a1,2025-06-21,11:30:00,13:00:00,33,APROBADA
d20169ce-c0aa-51c0-a515-48884e5a4f09,ef815f08-b586-5f03-964a-a08004eaebf3,2025-03-10,18:30:00,20:00:00,25,APROBADA
bb4e25e7-ec95-56e0-a994-528df15f3389,1dee66e3-0076-5033-8ba0-70dd67e8aea0,2024-11-05,19:00:00,20:30:00,25,APROBADA
0076ae89-e797-5c89-bef5-406d815fc472,6903b35b-c2a6-5770-98e5-743c2bc06b45,2024-10-24,11:30:00,13:30:00,33,APROBADA
ea0b2ba3-b63c-598a-b35f-22a1527a9fd4,dd609563-702d-543d-a49a-0ce27a83f234,2025-05-01,10:00:00,13:00:00,37,APROBADA
929ac1c2-d190-5306-b869-c870971574c7,aad269e7-97f7-5e2d-9c43-cf84b49bd847,2025-06-16,13:30:00,15:00:00,28,APROBADA
1f3ec2ba-9845-59a8-8ddf-d57f0dc6202c,da1fe6a7-058c-5ad3-a10e-f529804a44b5,2024-10-20,18:00:00,21:00:00,30,APROBADA
53e45cc2-5658-5bb7-9f5e-8e37d44c3160,d056b3a8-8204-507a-b6c1-1f1203a87651,2024-09-09,11:30:00,14:30:00,30,APROBADA
dfd26042-15ba-5ac9-9afc-220695ac45bd,dd609563-702d-543d-a49a-0ce27a83f234,2024-07-23,18:30:00,20:30:00,36,APROBADA
19804af5-f69f-5bb6-bb26-0dbc1e3757e1,05a1191e-b84b-597d-b970-b04889cc30ee,2025-03-21,09:30:00,11:30:00,36,APROBADA
02a18773-96a2-5736-b7e6-6b93882cb3d7,8fd4b53b-1d49-5307-8a1a-e184999a4434,2024-10-31,11:30:00,14:30:00,37,APROBADA
d5f5d4c4-3a82-5ab3-916c-4d18a3d66bbe,e5da4cff-29aa-5f05-8532-70f093603e74,2025-04-15,14:30:00,16:00:00,37,APROBADA
bc290ce1-9272-58f3-8baa-00f43067a117,e5da4cff-29aa-5f05-8532-70f093603e74,2025-02-13,11:00:00,12:00:00,40,APROBADA
a4333265-aeb5-50ec-9388-605e8aca9e93,dd609563-702d-543d-a49a-0ce27a83f234,2024-11-14,11:00:00,12:30:00,36,APROBADA
1adc9e48-6d99-55c6-bc6f-38b397681f12,6903b35b-c2a6-5770-98e5-743c2bc06b45,2025-04-14,14:30:00,16:30:00,34,APROBADA
a071c4b8-2d1b-54b2-88e7-fcaab811ca8d,1dee66e3-0076-5033-8ba0-70dd67e8aea0,2025-02-23,19:00:00,20:30:00,31,APROBADA
648b5d7b-b080-59dc-b9e5-37079c3996d5,da1fe6a7-058c-5ad3-a10e-f529804a44b5,2025-04-24,11:30:00,12:30:00,29,APROBADA
596f3f98-96b6-5c46-8b4a-ad763d41650e,4b4a10f4-36fa-5109-bc5d-14e24370c164,2025-04-17,14:00:00,15:30:00,27,APROBADA
5cb4f2c0-eff4-5ee6-bd69-a38a993836db,45b00d8f-2f79-52ba-8b17-e7d6ee0b476f,2025-06-21,07:00:00,08:00:00,35,APROBADA
a3b64a32-cf8e-520b-ba62-02025bd26481,10225e74-7c22-5384-8cdc-396a168ec651,2024-10-01,16:30:00,18:00:00,34,APROBADA
cc27bc39-c836-5a3a-b00c-57506d6bb3c1,a22ee2bf-332c-5ac1-ae12-28ce7b0033a1,2024-11-26,18:00:00,19:00:00,31,APROBADA
0748aff4-966b-53ea-b909-f284d450fe54,0880d439-8834-59c1-bfce-e7f3da722b3f,2025-01-24,13:00:00,14:30:00,38,APROBADA
9b7d8022-caa1-5a0e-9830-45df81f992ae,ef815f08-b586-5f03-964a-a08004eaebf3,2025-06-20,07:30:00,08:30:00,34,APROBADA
da405e39-a9fb-5780-85ea-caab819262dd,10225e74-7c22-5384-8cdc-396a168ec651,2025-04-01,07:00:00,08:30:00,32,APROBADA
4845f707-e3fa-5bd3-8c39-776a2fd9e369,706ea773-fd09-5587-a465-302616f9d571,2024-12-24,14:30:00,15:30:00,35,APROBADA
3d006fef-6627-5470-b5e0-ecf6bb53c4c9,4b4a10f4-36fa-5109-bc5d-14e24370c164,2025-01-08,14:00:00,16:00:00,26,APROBADA
5d58fece-bbf3-5f70-8774-37be2b983f88,ef815f08-b586-5f03-964a-a08004eaebf3,2024-12-08,14:00:00,17:00:00,33,APROBADA
ddbe2437-17e2-5790-9818-5ef9aef48846,d056b3a8-8204-507a-b6c1-1f1203a87651,2025-05-01,10:30:00,12:30:00,29,APROBADA
3eabc7c7-a28a-5fe9-82f9-cfb0a459c55f,45b00d8f-2f79-52ba-8b17-e7d6ee0b476f,2024-08-09,12:30:00,14:00:00,32,APROBADA
974174e5-a2ec-5047-ab1d-c5f2d2245d9f,7bcb3d0c-2500-5f01-abe8-d24e962af50e,2024-08-02,13:30:00,14:30:00,29,APROBADA
674069e2-4c4d-5642-bd65-5b15a58bfc32,b46607fb-d28f-5c06-a3a8-091cb9d995ec,2025-01-21,15:00:00,17:00:00,39,APROBADA
05ed08e5-4112-54b3-9cff-d202b2f4a6fc,10225e74-7c22-5384-8cdc-396a168ec651,2024-09-26,15:30:00,17:30:00,25,APROBADA
aa59afe4-9862-5f0a-a602-2918500f1985,da1fe6a7-058c-5ad3-a10e-f529804a44b5,2024-08-21,12:30:00,15:30:00,29,APROBADA
60a2e312-4293-57fc-affe-f92c20e9688b,6903b35b-c2a6-5770-98e5-743c2bc06b45,2024-11-19,13:00:00,14:30:00,31,APROBADA
92e0bc1f-bbf1-5632-b1cf-3b94cd198b0a,aad269e7-97f7-5e2d-9c43-cf84b49bd847,2025-05-28,13:30:00,14:30:00,28,APROBADA
8939b73f-2e36-5279-aa72-6a15b34657f3,d056b3a8-8204-507a-b6c1-1f1203a87651,2024-09-01,14:00:00,15:00:00,27,APROBADA
b2a9c8fd-b579-5cb9-9043-7d7b39da802b,a22ee2bf-332c-5ac1-ae12-28ce7b0033a1,2024-10-09,08:30:00,09:30:00,28,APROBADA
cdc5b940-3624-5c2d-a354-a9f39265f5c3,1a0b71d7-4721-5998-bd82-de26b25b5771,2025-01-31,08:30:00,10:30:00,28,APROBADA
d0e9bb8b-58e8-5241-a14c-5a40dbf9dfb3,8fd4b53b-1d49-5307-8a1a-e184999a4434,2025-04-05,12:30:00,14:30:00,27,APROBADA
e93c65ba-44a3-5e97-a209-2f8bf64fed1a,8fd4b53b-1d49-5307-8a1a-e184999a4434,2024-11-20,16:30:00,19:30:00,34,APROBADA
d6d8aa0b-a919-5260-981b-91a99aa353ee,45b00d8f-2f79-52ba-8b17-e7d6ee0b476f,2024-08-14,14:30:00,16:00:00,28,APROBADA
5b250056-93a6-5c5b-b16f-30e760b2500e,10225e74-7c22-5384-8cdc-396a168ec651,2025-06-23,14:30:00,16:30:00,36,APROBADA
45cbf1c4-637c-5cac-9fb6-84373093bab4,dd609563-702d-543d-a49a-0ce27a83f234,2024-08-14,12:00:00,13:30:00,40,APROBADA
c54358b9-a808-5b9c-95c6-620c3b5140d7,6903b35b-c2a6-5770-98e5-743c2bc06b45,2025-06-09,07:00:00,08:00:00,33,APROBADA
0e77e935-2388-5e41-98a5-00a3a48176b0,706ea773-fd09-5587-a465-302616f9d571,2024-12-14,10:00:00,12:00:00,28,APROBADA
88dbafae-9cf7-567b-93b8-25b0773a2aca,da1fe6a7-058c-5ad3-a10e-f529804a44b5,2024-10-14,13:30:00,16:30:00,33,APROBADA
e30f11c0-dd7a-5cb2-a810-1267ff04e585,0880d439-8834-59c1-bfce-e7f3da722b3f,2024-12-23,09:00:00,10:00:00,35,APROBADA
92d81523-0ee9-5680-a0b7-6a1cb3d6d852,da1fe6a7-058c-5ad3-a10e-f529804a44b5,2024-11-22,09:00:00,10:30:00,31,APROBADA
6d4eaba4-e52e-5d5f-a4e4-805848acd275,d76d770e-14c2-5fea-bf8b-28f95250e124,2025-06-15,13:00:00,16:00:00,34,APROBADA
b4b43c84-a305-5e5b-9c78-0f19fb875b03,0880d439-8834-59c1-bfce-e7f3da722b3f,2025-01-06,14:30:00,17:30:00,35,APROBADA
db026a85-e4e1-5a91-b67a-b87eb6bf44d2,6903b35b-c2a6-5770-98e5-743c2bc06b45,2024-11-03,18:00:00,19:00:00,32,APROBADA
8e70c4d5-3118-5bdd-bac3-6ec9c4a190ec,6c814918-8ba0-52cc-9377-6d60b7946f8b,2024-08-27,08:30:00,11:30:00,26,APROBADA
d68423ab-0a4e-5871-a630-140c2a552d60,da1fe6a7-058c-5ad3-a10e-f529804a44b5,2024-12-11,13:30:00,15:00:00,26,APROBADA
c43a2020-0769-5bf7-a2d1-b432b57e70af,8fd4b53b-1d49-5307-8a1a-e184999a4434,2024-09-07,11:30:00,12:30:00,34,APROBADA
f90c5bac-31c8-5af8-8072-988d5846c7b7,dd609563-702d-543d-a49a-0ce27a83f234,2024-12-18,18:30:00,20:00:00,37,APROBADA
6de255c0-9742-5a97-8f3d-7dbd62c70279,4b4a10f4-36fa-5109-bc5d-14e24370c164,2025-01-04,16:30:00,18:30:00,29,APROBADA
1bf44ab6-287c-566b-8e29-47002e77ed7a,1dee66e3-0076-5033-8ba0-70dd67e8aea0,2024-11-13,11:00:00,12:30:00,27,APROBADA
06a11c02-8f60-5879-8052-cc2a78ca4f96,1dee66e3-0076-5033-8ba0-70dd67e8aea0,2025-06-05,14:00:00,15:30:00,33,APROBADA
2fce7475-b417-560c-b594-45da3fbbe9aa,23c254ed-4635-5cec-baa9-656efa7fd130,2025-02-06,13:00:00,15:00:00,30,APROBADA
e6e904df-01e9-5ded-8ce1-8262b84dbec6,c1489a8f-1dff-511e-b025-5a10261901d7,2024-07-21,16:30:00,17:30:00,29,APROBADA
13769baf-2f7e-5cfd-92ad-d5d7d730a4f7,b46607fb-d28f-5c06-a3a8-091cb9d995ec,2025-04-26,11:00:00,12:00:00,31,APROBADA
f1a1f3f7-61c9-5ff5-87a1-d573bb3ff021,d056b3a8-8204-507a-b6c1-1f1203a87651,2025-02-20,16:30:00,17:30:00,31,APROBADA
2c6842ed-5109-5a8b-88e2-2cd9b2648958,a22ee2bf-332c-5ac1-ae12-28ce7b0033a1,2024-07-17,18:00:00,21:00:00,25,APROBADA
72b578c0-3d0f-54c1-9827-0bb3d6daf531,6c814918-8ba0-52cc-9377-6d60b7946f8b,2024-12-23,18:30:00,19:30:00,28,APROBADA
a02c27a4-927e-5f72-aaa0-09c0c6362b1d,da1fe6a7-058c-5ad3-a10e-f529804a44b5,2024-08-13,09:00:00,11:00:00,28,APROBADA
8cc93c1c-38e7-5ee1-aa91-a16e4c4a86a5,6d481120-dab0-50c8-8f1b-33cf911e9573,2024-10-25,10:30:00,12:00:00,43,APROBADA
48753e69-54ec-5a2b-b1b9-9718909f885f,1a0b71d7-4721-5998-bd82-de26b25b5771,2025-04-23,10:30:00,11:30:00,33,APROBADA
a861c5e2-bb61-543c-b654-e22a689e633d,a22ee2bf-332c-5ac1-ae12-28ce7b0033a1,2024-11-16,12:00:00,15:00:00,35,APROBADA
59062279-a803-597c-aa98-249f484e623d,1dee66e3-0076-5033-8ba0-70dd67e8aea0,2024-12-17,14:30:00,16:00:00,32,APROBADA
e7676c34-9581-590a-b2a1-af677e0209e7,1dee66e3-0076-5033-8ba0-70dd67e8aea0,2025-02-26,17:00:00,20:00:00,42,APROBADA
819edc3b-fb00-521d-8819-43016b456f72,eb4139b4-3715-5623-a990-d045271440a9,2024-11-06,16:00:00,17:30:00,31,APROBADA
47ae960e-bb8e-5a0e-982d-a63017d69a47,dd609563-702d-543d-a49a-0ce27a83f234,2024-08-22,11:00:00,13:00:00,30,APROBADA
a0a3977b-fa43-56f6-b3c7-c362aec1c0b0,1dee66e3-0076-5033-8ba0-70dd67e8aea0,2025-06-20,09:00:00,10:30:00,30,APROBADA
2783f3ab-843e-52bd-a458-be7772619332,2574a671-d58d-5db3-8c9f-2518d8a8d790,2025-04-02,16:30:00,18:00:00,31,APROBADA
3aa98027-17a7-5209-9875-a4ac4b0a104c,d7ce39c6-be5b-537a-ae81-d449a1710ff2,2024-08-20,08:00:00,09:30:00,43,APROBADA
947640b5-8389-5bbf-8271-c461465466ef,6d481120-dab0-50c8-8f1b-33cf911e9573,2024-07-05,15:00:00,18:00:00,33,APROBADA
74bc4b47-5786-525c-8eb0-bbfcf4af71c5,7d424b25-0f98-5f10-b2a8-ed9ddcd33e7a,2024-09-08,09:30:00,11:30:00,39,APROBADA
0d55bb22-502f-5cce-8d33-3eb66ee8e8de,1dee66e3-0076-5033-8ba0-70dd67e8aea0,2025-02-22,14:30:00,17:30:00,39,APROBADA
fcbbd86f-3ee1-5670-807b-7e23f1128249,d056b3a8-8204-507a-b6c1-1f1203a87651,2024-12-21,17:00:00,20:00:00,32,APROBADA
97df5370-62a8-504c-813b-a3c9558fbe6e,6903b35b-c2a6-5770-98e5-743c2bc06b45,2024-10-16,11:30:00,13:30:00,29,APROBADA
7986e93b-167e-5c9d-904d-580a9b0de7ca,dd609563-702d-543d-a49a-0ce27a83f234,2025-02-18,08:30:00,11:30:00,37,APROBADA
778b6f33-a9d0-58dd-90d2-8f630e7952a6,a22ee2bf-332c-5ac1-ae12-28ce7b0033a1,2024-08-21,07:00:00,08:00:00,31,APROBADA
da81ce2c-05ba-5e4d-9c81-17b1cfb1a8e4,6c814918-8ba0-52cc-9377-6d60b7946f8b,2025-01-09,13:30:00,15:30:00,31,APROBADA
9a827640-72d0-5daa-a97d-916d54034bb0,1dee66e3-0076-5033-8ba0-70dd67e8aea0,2024-07-04,08:00:00,09:00:00,39,APROBADA
3d346628-9f0c-551e-be6a-e46321f43caa,1a0b71d7-4721-5998-bd82-de26b25b5771,2024-11-09,16:00:00,17:00:00,40,APROBADA
f425cbff-25c0-5baa-b6ba-af1f00b42ba2,a40fe9f0-87fa-5853-968f-5cedd5939e8a,2025-05-25,07:00:00,08:00:00,29,APROBADA
ed75ae1c-0206-54e1-90f9-05ff1a402609,d76d770e-14c2-5fea-bf8b-28f95250e124,2024-09-27,15:00:00,18:00:00,26,APROBADA
176026d4-2280-5e59-9a5f-8083e201680d,2574a671-d58d-5db3-8c9f-2518d8a8d790,2024-10-18,12:00:00,13:30:00,32,APROBADA
8364f667-0d68-5974-9bbb-6383d1206302,b46607fb-d28f-5c06-a3a8-091cb9d995ec,2025-06-01,10:30:00,13:30:00,25,APROBADA
71217df4-566b-5cd7-aa05-8d3c510ce750,7bcb3d0c-2500-5f01-abe8-d24e962af50e,2025-04-28,17:00:00,20:00:00,28,APROBADA
ab281819-c33e-552b-912c-fd9af12a0677,7d424b25-0f98-5f10-b2a8-ed9ddcd33e7a,2025-06-26,13:00:00,14:00:00,27,APROBADA
8ce3ed4a-2b76-5d5b-a5bf-45915cc43dff,6d481120-dab0-50c8-8f1b-33cf911e9573,2025-02-10,11:00:00,12:00:00,39,APROBADA
d9695483-fdac-5009-95c5-7423ec457984,1dee66e3-0076-5033-8ba0-70dd67e8aea0,2025-01-02,12:30:00,14:00:00,43,APROBADA
07eb0112-1c24-5008-9441-51cade5f8691,10225e74-7c22-5384-8cdc-396a168ec651,2024-07-10,07:00:00,10:00:00,27,APROBADA
3766a948-ee46-58ee-99b0-65c754fbcd15,b46607fb-d28f-5c06-a3a8-091cb9d995ec,2025-05-30,15:00:00,16:30:00,25,APROBADA
8c0ba08b-7b82-528a-8719-46c023531400,a22ee2bf-332c-5ac1-ae12-28ce7b0033a1,2024-12-29,10:30:00,12:30:00,34,APROBADA
e14e7453-5a7f-5038-96d1-09cbacef77ac,da1fe6a7-058c-5ad3-a10e-f529804a44b5,2024-10-16,07:30:00,09:30:00,30,APROBADA
fef4c46b-7a56-5eaf-afb4-829f92fcc521,2574a671-d58d-5db3-8c9f-2518d8a8d790,2024-12-03,07:30:00,09:30:00,26,APROBADA
ff5d8657-7dd7-5e14-93d7-407bcc85af9a,4b4a10f4-36fa-5109-bc5d-14e24370c164,2025-06-10,16:30:00,18:00:00,31,APROBADA
a411a0f4-921d-56c9-89b5-e059724f9b98,b46607fb-d28f-5c06-a3a8-091cb9d995ec,2024-09-09,18:30:00,20:00:00,25,APROBADA
92316e57-4a94-5681-a9fb-9b97f8f85e9b,2574a671-d58d-5db3-8c9f-2518d8a8d790,2025-01-26,18:00:00,21:00:00,36,APROBADA
f9603e4c-1e82-57a2-9782-66532198db12,2574a671-d58d-5db3-8c9f-2518d8a8d790,2024-10-08,10:00:00,11:30:00,27,APROBADA
a9fbc49b-808e-52df-a62f-ec0446d732c9,23c254ed-4635-5cec-baa9-656efa7fd130,2025-06-05,11:30:00,13:30:00,28,APROBADA
7fd398ed-b057-53d9-baf2-5861f463d394,b8969593-19a7-5a43-84c0-d52e63ac0cb4,2024-12-13,15:00:00,16:00:00,29,APROBADA
06ac36f7-4c74-5a52-a77b-4f1e3e254d88,05a1191e-b84b-597d-b970-b04889cc30ee,2024-10-29,16:30:00,18:00:00,27,APROBADA
f9ab4411-7046-57a4-a5fe-c1a22d33683b,e5da4cff-29aa-5f05-8532-70f093603e74,2025-02-20,10:30:00,11:30:00,26,APROBADA
28d37c07-6b99-5bbe-8d42-5f93a4665402,706ea773-fd09-5587-a465-302616f9d571,2024-11-05,11:00:00,14:00:00,40,APROBADA
9bd3e71e-ec78-5bac-a1d0-43013fc049b7,6c814918-8ba0-52cc-9377-6d60b7946f8b,2024-11-17,12:00:00,14:00:00,36,APROBADA
a185ce7e-a5a1-57b6-b0ea-50906e0fac40,7d424b25-0f98-5f10-b2a8-ed9ddcd33e7a,2024-11-07,13:30:00,16:30:00,35,APROBADA
73ae2e17-8366-5f33-bf81-725938505311,ef815f08-b586-5f03-964a-a08004eaebf3,2025-04-15,12:30:00,14:00:00,34,APROBADA
dd1fa887-eee9-591f-b2e2-46cb9f394049,6d481120-dab0-50c8-8f1b-33cf911e9573,2024-10-06,19:00:00,22:00:00,25,APROBADA
4075671d-1d7b-5429-bd57-b7dfec9d95d3,23c254ed-4635-5cec-baa9-656efa7fd130,2025-06-27,15:00:00,17:00:00,30,APROBADA
c9f9f937-b357-56a1-aa97-ce4fd2754367,8fd4b53b-1d49-5307-8a1a-e184999a4434,2025-04-14,08:30:00,09:30:00,40,APROBADA
78a67cc7-c759-5f30-aff9-70a1846b12ec,d056b3a8-8204-507a-b6c1-1f1203a87651,2025-05-15,18:00:00,19:30:00,25,APROBADA
5766e49b-6f07-523d-a25c-678686bb5842,1a0b71d7-4721-5998-bd82-de26b25b5771,2025-02-21,07:30:00,09:30:00,34,APROBADA
b87e32a8-2d0a-5896-bda4-de8159155214,b46607fb-d28f-5c06-a3a8-091cb9d995ec,2025-04-21,13:00:00,14:00:00,35,APROBADA
f423cf2d-8d0f-5517-818f-8a6a619fcd64,eb4139b4-3715-5623-a990-d045271440a9,2024-08-27,10:30:00,12:30:00,31,APROBADA
58197385-0a06-58e4-9519-8a10dc99eeda,7d424b25-0f98-5f10-b2a8-ed9ddcd33e7a,2024-09-03,12:30:00,14:00:00,28,APROBADA
7c7bd014-bb25-5ab6-af71-97bc2bfd6f79,10225e74-7c22-5384-8cdc-396a168ec651,2024-08-21,17:00:00,18:30:00,30,APROBADA
77e77600-4efd-5e9e-b4d5-20ca68d5f3a7,4b4a10f4-36fa-5109-bc5d-14e24370c164,2024-07-12,08:00:00,09:30:00,26,APROBADA
6e075328-e724-5ce7-bed3-c67c19d2ed36,dd609563-702d-543d-a49a-0ce27a83f234,2025-01-29,17:30:00,18:30:00,33,APROBADA
8b7e0708-8be4-5e55-874e-e35ddadf1563,eb4139b4-3715-5623-a990-d045271440a9,2025-05-14,17:30:00,20:30:00,26,APROBADA
9efeabfd-59e8-546f-a7fe-abcabcd82c58,2574a671-d58d-5db3-8c9f-2518d8a8d790,2024-08-25,15:30:00,17:00:00,25,APROBADA
28146440-56b6-5462-82dd-5644ea7b0aa9,0880d439-8834-59c1-bfce-e7f3da722b3f,2025-05-02,17:00:00,18:30:00,45,APROBADA
6ca58a75-311b-5a64-a144-c0b44c2c595a,ef815f08-b586-5f03-964a-a08004eaebf3,2025-03-03,11:00:00,14:00:00,35,APROBADA
3f3d0ae4-ede8-5571-8ca1-c9c4da9b391a,c1489a8f-1dff-511e-b025-5a10261901d7,2024-08-09,13:30:00,16:30:00,29,APROBADA
f8f8ff5c-a886-589f-83be-54762bb67e5d,e5da4cff-29aa-5f05-8532-70f093603e74,2025-06-16,12:30:00,13:30:00,33,APROBADA
c4755f55-baed-5ef1-a5f0-fa1c3b0b7bec,d76d770e-14c2-5fea-bf8b-28f95250e124,2025-01-02,10:30:00,11:30:00,39,APROBADA
3ea1f326-3bb9-583d-98c3-8476c103500f,ef815f08-b586-5f03-964a-a08004eaebf3,2025-05-31,11:30:00,12:30:00,35,APROBADA
e2aae3e5-cada-5e1b-a32f-446e8565b453,aad269e7-97f7-5e2d-9c43-cf84b49bd847,2024-11-13,07:00:00,08:00:00,29,APROBADA
4abf1bbc-4585-5250-8f66-b32145bbf94c,c1489a8f-1dff-511e-b025-5a10261901d7,2024-09-26,16:00:00,17:30:00,26,APROBADA
202760cf-e888-5e8a-80ef-5082ea1dccf4,eb4139b4-3715-5623-a990-d045271440a9,2025-03-31,18:30:00,20:30:00,31,APROBADA
81fec071-4c1e-566d-99f2-730f4e007797,0880d439-8834-59c1-bfce-e7f3da722b3f,2025-06-17,08:00:00,09:30:00,39,APROBADA
cae7bedf-e761-5f93-bf39-19dd7dbbb417,1a0b71d7-4721-5998-bd82-de26b25b5771,2025-01-15,10:30:00,13:30:00,40,APROBADA
f0b3bab0-3cca-5541-98db-bbf3023d9383,6903b35b-c2a6-5770-98e5-743c2bc06b45,2025-05-01,16:00:00,17:00:00,26,APROBADA
8a40d1c4-f685-5896-98fb-003f5117f595,1dee66e3-0076-5033-8ba0-70dd67e8aea0,2025-05-04,16:00:00,19:00:00,37,APROBADA
93cabcd1-124a-5389-ac85-bf7a7f989ac1,706ea773-fd09-5587-a465-302616f9d571,2025-01-16,11:30:00,13:30:00,36,APROBADA
063a2cbf-1aba-5310-a007-4b197fe37fd7,1a0b71d7-4721-5998-bd82-de26b25b5771,2024-12-04,08:00:00,09:30:00,43,APROBADA
cc8a426c-d33d-5f00-a167-45e000d9eb07,d7ce39c6-be5b-537a-ae81-d449a1710ff2,2025-04-09,11:00:00,12:30:00,25,APROBADA
71a9fa0f-ca73-532a-a02a-dc88d2259892,0880d439-8834-59c1-bfce-e7f3da722b3f,2025-04-02,17:00:00,20:00:00,43,APROBADA
a015df90-243b-5e58-81ca-27a95bb258df,d76d770e-14c2-5fea-bf8b-28f95250e124,2025-01-05,16:30:00,18:00:00,36,APROBADA
655d5f26-f6b6-56c7-ac97-567a3c05d662,45b00d8f-2f79-52ba-8b17-e7d6ee0b476f,2024-07-14,15:30:00,18:30:00,25,APROBADA
fd3ac965-d55b-5ce2-a5d4-7fcbcab825eb,7d424b25-0f98-5f10-b2a8-ed9ddcd33e7a,2025-05-07,07:30:00,09:30:00,35,APROBADA
253de720-2cfa-5484-a0b1-8244724b7811,6d481120-dab0-50c8-8f1b-33cf911e9573,2025-01-24,11:00:00,12:00:00,40,APROBADA
280ddd47-49e0-5acc-8237-22a4bfde06bc,dd609563-702d-543d-a49a-0ce27a83f234,2025-06-25,08:00:00,10:00:00,29,APROBADA
aa93a59f-1e88-514f-83a0-e6f20dbd9887,dd609563-702d-543d-a49a-0ce27a83f234,2025-01-27,14:00:00,17:00:00,27,APROBADA
81e2dc3f-efcf-5c30-984b-e1ebe620ff00,6d481120-dab0-50c8-8f1b-33cf911e9573,2024-12-13,15:00:00,16:30:00,31,APROBADA
30b387c7-bbbf-5d5f-8b8b-0647f73861d1,1dee66e3-0076-5033-8ba0-70dd67e8aea0,2025-04-20,18:30:00,20:00:00,30,APROBADA
5b51438f-fd27-5f8f-aed4-8763912fd5e9,1a0b71d7-4721-5998-bd82-de26b25b5771,2024-09-04,18:30:00,20:00:00,31,APROBADA
e1ff1516-0f4a-573b-b668-541d3cd71f95,7bcb3d0c-2500-5f01-abe8-d24e962af50e,2024-11-26,17:30:00,20:30:00,29,APROBADA
d531fc2f-b3eb-5dc4-8e27-301550f23008,d76d770e-14c2-5fea-bf8b-28f95250e124,2025-06-08,07:00:00,09:00:00,38,APROBADA
17ddc775-ee5c-54d9-8236-4ba1458770d3,da1fe6a7-058c-5ad3-a10e-f529804a44b5,2025-04-06,08:00:00,10:00:00,25,APROBADA
545ce2fb-9498-5d67-8679-b6c6a407aedd,c1489a8f-1dff-511e-b025-5a10261901d7,2025-02-09,13:00:00,15:00:00,28,APROBADA
a9fb7c75-f016-5e61-8213-9daab62e12c6,c1489a8f-1dff-511e-b025-5a10261901d7,2024-12-28,10:30:00,12:30:00,29,APROBADA
47442d2b-c921-50e4-89f8-469bbc7370a4,0880d439-8834-59c1-bfce-e7f3da722b3f,2024-10-23,10:30:00,12:30:00,33,APROBADA
459f263c-dc88-5d53-be99-44eda9d58db6,d7ce39c6-be5b-537a-ae81-d449a1710ff2,2024-10-31,18:30:00,20:00:00,33,APROBADA
a759d5d2-25dc-5688-9218-4857ff66bff0,1a0b71d7-4721-5998-bd82-de26b25b5771,2025-05-07,09:00:00,10:00:00,45,APROBADA
9d9ef623-afe4-5b31-bb49-a57cfb883176,8fd4b53b-1d49-5307-8a1a-e184999a4434,2025-03-31,08:00:00,11:00:00,28,APROBADA
a455f8c8-357a-500e-9f98-82202c79437a,8fd4b53b-1d49-5307-8a1a-e184999a4434,2024-09-10,15:30:00,18:30:00,33,APROBADA
ec9bb899-66af-5087-8b30-d83fa1c5586c,6d481120-dab0-50c8-8f1b-33cf911e9573,2025-02-25,17:30:00,19:30:00,29,APROBADA
43611097-9bd4-5c72-9f3a-d5d5cedbc7c2,7d424b25-0f98-5f10-b2a8-ed9ddcd33e7a,2025-04-16,07:00:00,08:00:00,28,APROBADA
0d426b24-15dc-5ed4-8364-6ec628ea6900,2574a671-d58d-5db3-8c9f-2518d8a8d790,2025-05-08,15:30:00,16:30:00,36,APROBADA
b82edc26-02e4-5c09-a406-f0505a9e5ee8,e5da4cff-29aa-5f05-8532-70f093603e74,2024-09-03,14:30:00,17:30:00,36,APROBADA
ccbe1ecf-b2ff-5121-a9f3-42d46e60716d,1a0b71d7-4721-5998-bd82-de26b25b5771,2025-03-06,16:30:00,18:30:00,39,APROBADA
355bec61-a7bf-52b1-9918-4e2dce07c8ff,d7ce39c6-be5b-537a-ae81-d449a1710ff2,2025-04-16,16:00:00,18:00:00,27,APROBADA
a0cac84f-4e82-5a8d-a6d3-be86fec2184a,a22ee2bf-332c-5ac1-ae12-28ce7b0033a1,2025-01-11,15:00:00,16:30:00,36,APROBADA
ab15e6fb-e77f-5197-ac78-dc52b109fe5f,706ea773-fd09-5587-a465-302616f9d571,2024-11-16,14:30:00,16:30:00,28,APROBADA
5b5aaa1d-4f7a-5253-b39e-0cfb035f0369,1dee66e3-0076-5033-8ba0-70dd67e8aea0,2025-01-14,17:30:00,20:30:00,26,APROBADA
c96141c6-ae89-5b24-9f5b-12534966bb7a,706ea773-fd09-5587-a465-302616f9d571,2025-01-26,10:00:00,11:30:00,35,APROBADA
46c0b155-fe06-5792-8634-ce28f961ed2f,d056b3a8-8204-507a-b6c1-1f1203a87651,2024-08-07,15:00:00,16:00:00,32,APROBADA
6deb361f-dfdb-5e2c-9973-c97c9e471d67,6d481120-dab0-50c8-8f1b-33cf911e9573,2025-04-10,14:00:00,15:00:00,40,APROBADA
b1881018-b1e1-503c-aa0d-eb32fc4eea45,e5da4cff-29aa-5f05-8532-70f093603e74,2025-02-23,12:00:00,13:00:00,28,APROBADA
2e73de89-2efa-5f5b-bc84-57d0a5c63387,6c814918-8ba0-52cc-9377-6d60b7946f8b,2024-12-29,19:00:00,21:00:00,37,APROBADA
823660bf-e1a5-576e-bb24-76b3abab8bac,6903b35b-c2a6-5770-98e5-743c2bc06b45,2024-12-05,16:00:00,19:00:00,35,APROBADA
10adedfa-18e2-5109-a9f3-5f06c9ebe11c,6c814918-8ba0-52cc-9377-6d60b7946f8b,2025-01-21,08:00:00,09:30:00,34,APROBADA
197aed44-9af1-53c3-9fb6-d94b9d7ddbd0,7d424b25-0f98-5f10-b2a8-ed9ddcd33e7a,2024-09-04,17:00:00,20:00:00,39,APROBADA
d3cbcd07-3a64-5fb6-bab2-8c2a4da890ba,b46607fb-d28f-5c06-a3a8-091cb9d995ec,2025-06-27,18:00:00,19:00:00,29,APROBADA
d42586a8-f514-5a30-8a97-0b143a6d6ba5,6d481120-dab0-50c8-8f1b-33cf911e9573,2024-12-29,11:30:00,14:30:00,42,APROBADA
0f0b76c9-3543-5436-92f3-4b36841355ff,b46607fb-d28f-5c06-a3a8-091cb9d995ec,2025-06-17,18:00:00,20:00:00,32,APROBADA
73f2f598-283f-58ad-809f-dd180cb5fd18,45b00d8f-2f79-52ba-8b17-e7d6ee0b476f,2025-05-19,18:00:00,21:00:00,26,APROBADA
ca937f72-c4ce-5c00-aff3-29ccdb4898b2,d7ce39c6-be5b-537a-ae81-d449a1710ff2,2025-05-26,15:30:00,18:30:00,43,APROBADA
9698e156-a8f5-58f3-88b6-3cb50dce9003,0880d439-8834-59c1-bfce-e7f3da722b3f,2024-10-07,18:00:00,20:00:00,30,APROBADA
240a1bb5-322a-53c0-8458-66ad572b246d,1dee66e3-0076-5033-8ba0-70dd67e8aea0,2025-02-19,18:00:00,19:00:00,26,APROBADA
92e1a150-56e5-5281-88fb-a0da27622786,a22ee2bf-332c-5ac1-ae12-28ce7b0033a1,2025-03-21,13:00:00,14:30:00,27,APROBADA
ab14227c-b26a-53c6-975a-95b1b7fa3715,b46607fb-d28f-5c06-a3a8-091cb9d995ec,2025-03-06,12:30:00,14:30:00,35,APROBADA
67bd44cb-59ac-544b-a4e7-9c95dc022feb,2574a671-d58d-5db3-8c9f-2518d8a8d790,2025-01-05,13:30:00,15:30:00,36,APROBADA
661705db-f932-53cc-bada-2f9918d4a046,da1fe6a7-058c-5ad3-a10e-f529804a44b5,2024-11-15,12:00:00,13:00:00,32,APROBADA
d38a992c-f2e8-57ba-b0a2-a210ebf79a78,dd609563-702d-543d-a49a-0ce27a83f234,2025-03-08,18:30:00,21:30:00,39,APROBADA
8cb7a659-2b97-5dba-a590-7979299fb4b2,a40fe9f0-87fa-5853-968f-5cedd5939e8a,2024-10-08,09:30:00,12:30:00,29,APROBADA
8dba2fce-3971-5da2-84df-d516799cbc74,706ea773-fd09-5587-a465-302616f9d571,2024-11-10,19:00:00,20:00:00,35,APROBADA
62beeb9c-d19d-53c4-ac01-6cddb6fe7bfe,2574a671-d58d-5db3-8c9f-2518d8a8d790,2025-06-03,13:30:00,15:00:00,26,APROBADA
aed6f34c-a592-57b3-8f14-44fb635cd476,d76d770e-14c2-5fea-bf8b-28f95250e124,2025-03-08,11:00:00,14:00:00,26,APROBADA
01dd605e-a32f-5498-9669-cbe8896846b5,10225e74-7c22-5384-8cdc-396a168ec651,2024-08-10,07:00:00,08:30:00,25,APROBADA
84f60a9a-4ee5-572d-af40-6511ad08d71a,6c814918-8ba0-52cc-9377-6d60b7946f8b,2024-11-12,07:00:00,09:00:00,38,APROBADA
bbc90796-f1ea-52d6-bb0b-04ffa08fcd69,05a1191e-b84b-597d-b970-b04889cc30ee,2025-05-16,15:00:00,16:00:00,30,APROBADA
bd018575-be62-5336-a782-cbe30dc6b656,a40fe9f0-87fa-5853-968f-5cedd5939e8a,2024-09-03,11:00:00,12:30:00,26,APROBADA
7a1e62be-8ffc-5b99-bb50-2d848e98b692,dd609563-702d-543d-a49a-0ce27a83f234,2024-07-11,19:00:00,20:00:00,26,APROBADA
7c7b8846-fee4-5fa4-8110-00c6b31e77b8,1a0b71d7-4721-5998-bd82-de26b25b5771,2024-07-03,11:30:00,13:30:00,38,APROBADA
bea2f576-0fdd-50e9-b990-340670144c00,7d424b25-0f98-5f10-b2a8-ed9ddcd33e7a,2024-09-30,09:30:00,12:30:00,33,APROBADA
612d34c5-8ca5-5808-bcc8-b62740a7a99f,7d424b25-0f98-5f10-b2a8-ed9ddcd33e7a,2025-01-09,12:30:00,13:30:00,38,APROBADA
1b151142-e921-5307-8507-bdb2fa710bab,23c254ed-4635-5cec-baa9-656efa7fd130,2025-02-15,13:30:00,16:30:00,25,APROBADA
e4a30832-63a6-5bcc-a2b4-dbcbdd0691d1,0880d439-8834-59c1-bfce-e7f3da722b3f,2025-01-22,14:30:00,17:30:00,41,APROBADA
b5a10e3c-91c1-54c9-a426-ca246ef82c00,1a0b71d7-4721-5998-bd82-de26b25b5771,2024-12-13,17:30:00,20:30:00,41,APROBADA
c74feb3c-166d-508d-bf15-76ce5408e28b,d76d770e-14c2-5fea-bf8b-28f95250e124,2025-02-17,09:00:00,12:00:00,35,APROBADA
378b0f44-2931-58c1-9b1e-add7b411b0e2,6d481120-dab0-50c8-8f1b-33cf911e9573,2025-03-01,09:30:00,10:30:00,39,APROBADA
f0647891-52ed-598a-8620-b93609685ea1,6903b35b-c2a6-5770-98e5-743c2bc06b45,2024-07-08,19:00:00,21:00:00,34,APROBADA
cea5d67b-be09-5f46-b1bd-f4e3da0d41ad,6d481120-dab0-50c8-8f1b-33cf911e9573,2024-10-14,17:30:00,19:00:00,45,APROBADA
733e2304-3705-583e-8cf2-19c8c5489f7e,1a0b71d7-4721-5998-bd82-de26b25b5771,2024-08-19,15:30:00,18:30:00,27,APROBADA
000b0bec-8930-5f10-b729-0bca8c803863,6d481120-dab0-50c8-8f1b-33cf911e9573,2024-12-27,15:00:00,17:00:00,29,APROBADA
bcf4b4d8-663f-594d-a965-0162779e6892,d056b3a8-8204-507a-b6c1-1f1203a87651,2025-03-16,09:00:00,10:00:00,31,APROBADA
a755e911-252b-5604-a7a7-8929c8602710,706ea773-fd09-5587-a465-302616f9d571,2025-02-06,10:00:00,12:00:00,39,APROBADA
b13860e6-0bf0-5633-9d97-25345403aaea,d056b3a8-8204-507a-b6c1-1f1203a87651,2025-01-02,09:30:00,10:30:00,30,APROBADA
4a90643b-d9a9-57b0-9653-6cbeaa71993a,05a1191e-b84b-597d-b970-b04889cc30ee,2024-11-03,09:30:00,10:30:00,28,APROBADA
3550a3f1-3629-58d8-bb12-b9c9a14c52d3,10225e74-7c22-5384-8cdc-396a168ec651,2025-03-17,14:00:00,16:00:00,26,APROBADA
1d993523-a578-5461-80b5-f86579a015bc,d76d770e-14c2-5fea-bf8b-28f95250e124,2025-06-25,11:00:00,14:00:00,39,APROBADA
dc22b04e-d773-5353-9a27-86ade6e27628,eb4139b4-3715-5623-a990-d045271440a9,2025-03-29,16:30:00,17:30:00,27,APROBADA
30f50e36-50fc-5ab3-a2eb-8db480fc9d07,1dee66e3-0076-5033-8ba0-70dd67e8aea0,2024-12-23,18:30:00,20:30:00,36,APROBADA
7d998aae-3018-5026-81ea-ef9fa2e4fb3a,a22ee2bf-332c-5ac1-ae12-28ce7b0033a1,2025-01-22,15:30:00,16:30:00,26,APROBADA
269ad1be-251f-5923-b36c-f22bf189da83,6903b35b-c2a6-5770-98e5-743c2bc06b45,2024-08-20,09:30:00,12:30:00,25,APROBADA
33785078-def9-5e61-ba1a-163fcb973cf3,eb4139b4-3715-5623-a990-d045271440a9,2024-07-19,08:30:00,11:30:00,26,APROBADA
8d6b6621-4df2-56fa-aed9-f4ba7bd69e8b,05a1191e-b84b-597d-b970-b04889cc30ee,2024-11-18,12:30:00,13:30:00,33,APROBADA
16e99c3c-aec0-5701-9346-044c8cae34db,23c254ed-4635-5cec-baa9-656efa7fd130,2024-10-22,13:00:00,15:00:00,25,APROBADA
6d664cc3-c05e-576b-8a46-175766b35857,706ea773-fd09-5587-a465-302616f9d571,2025-04-19,17:30:00,18:30:00,27,APROBADA
ee446bc9-388c-51fb-8b39-a65bc9a99515,eb4139b4-3715-5623-a990-d045271440a9,2024-12-23,08:00:00,11:00:00,28,APROBADA
c7d07d0f-db4a-5b37-9fab-6590d11b3069,dd609563-702d-543d-a49a-0ce27a83f234,2024-11-12,15:30:00,17:00:00,27,APROBADA
abcd9f04-869b-558b-9923-ec88cad7675e,c1489a8f-1dff-511e-b025-5a10261901d7,2024-10-02,08:30:00,11:30:00,31,APROBADA
81655a23-4dfe-53da-a668-36b3d3cbcb24,706ea773-fd09-5587-a465-302616f9d571,2024-09-03,15:00:00,16:30:00,31,APROBADA
f7d0ab9c-6015-583d-8843-b064dffd06fd,6903b35b-c2a6-5770-98e5-743c2bc06b45,2024-10-06,15:30:00,16:30:00,25,APROBADA
574bcbaa-d653-539b-8157-5dd34af95bd0,aad269e7-97f7-5e2d-9c43-cf84b49bd847,2025-06-02,18:00:00,19:00:00,28,APROBADA
66a623bd-d35c-5c9d-8ff6-54c1d6c05052,4b4a10f4-36fa-5109-bc5d-14e24370c164,2024-09-30,15:30:00,17:00:00,32,APROBADA
86268d37-e195-5be8-962e-066a1535ee7d,4b4a10f4-36fa-5109-bc5d-14e24370c164,2025-06-23,15:30:00,18:30:00,25,APROBADA
542aac9d-38a1-5950-9b2c-ed8d8734777e,1dee66e3-0076-5033-8ba0-70dd67e8aea0,2024-08-29,08:30:00,09:30:00,38,APROBADA
50d4f03b-8bd4-5254-8181-7ec3b2fc3a1c,eb4139b4-3715-5623-a990-d045271440a9,2024-08-23,15:30:00,17:30:00,30,APROBADA
f3e82115-0fc1-51a3-8932-1e24d306b667,e5da4cff-29aa-5f05-8532-70f093603e74,2024-07-25,09:30:00,10:30:00,31,APROBADA
77e1df26-e7a8-5ae0-93cd-dfe4a5971aea,0880d439-8834-59c1-bfce-e7f3da722b3f,2025-04-20,08:00:00,10:00:00,44,APROBADA
df849c5d-bf2d-5bf3-ae17-5c2176614de6,ef815f08-b586-5f03-964a-a08004eaebf3,2025-01-04,18:00:00,21:00:00,33,APROBADA
51a731e5-9dba-5cc0-870e-52d9bb482ccb,b46607fb-d28f-5c06-a3a8-091cb9d995ec,2024-09-08,16:30:00,18:30:00,27,APROBADA
ab274d58-2f2e-581e-acd9-192f285e6578,1a0b71d7-4721-5998-bd82-de26b25b5771,2025-05-23,12:00:00,15:00:00,37,APROBADA
c24d4337-0e8e-5772-8ad0-0d632b529163,10225e74-7c22-5384-8cdc-396a168ec651,2025-04-07,17:30:00,20:30:00,27,APROBADA
bbfbbf31-b2b5-5f5f-b086-6b9bcb808543,10225e74-7c22-5384-8cdc-396a168ec651,2024-07-23,18:00:00,19:30:00,26,APROBADA
f9ca6a8f-0722-55a9-80e4-adcd3689bdc8,6903b35b-c2a6-5770-98e5-743c2bc06b45,2025-01-22,17:30:00,19:30:00,25,APROBADA
15cc97ce-3dfb-579b-860b-de57fdb05cb7,1dee66e3-0076-5033-8ba0-70dd67e8aea0,2024-08-04,09:30:00,10:30:00,37,APROBADA
766c48ac-b0f8-5385-b358-062dde249f8a,d76d770e-14c2-5fea-bf8b-28f95250e124,2025-01-31,07:30:00,10:30:00,38,APROBADA
84ea0fe8-8392-500b-9da3-bb5e19d12e6b,a40fe9f0-87fa-5853-968f-5cedd5939e8a,2024-07-20,10:30:00,12:00:00,27,APROBADA
8aa0ca6f-2a73-5450-bb01-6d6b2da42888,1a0b71d7-4721-5998-bd82-de26b25b5771,2024-11-16,09:00:00,10:30:00,32,APROBADA
7e606fcb-ba6b-5925-9cbc-032f3b761af3,d7ce39c6-be5b-537a-ae81-d449a1710ff2,2025-06-21,19:00:00,20:30:00,36,APROBADA
2cbc2760-865f-54da-9fdd-2a6dbd4ca1b7,0880d439-8834-59c1-bfce-e7f3da722b3f,2024-07-09,18:00:00,19:00:00,34,APROBADA
6bccdfce-63d5-5858-90f2-9a48a5a56608,706ea773-fd09-5587-a465-302616f9d571,2024-12-29,18:30:00,20:00:00,33,APROBADA
e46f0d12-4279-58e1-9d86-4bfd38ce941e,da1fe6a7-058c-5ad3-a10e-f529804a44b5,2024-08-28,16:00:00,17:30:00,30,APROBADA
e84a44c3-50f0-5bd0-8a0f-1b8e0f2e97c8,706ea773-fd09-5587-a465-302616f9d571,2024-11-09,12:00:00,13:00:00,27,APROBADA
5c0eecda-18b4-525b-838b-259c126a9bb9,da1fe6a7-058c-5ad3-a10e-f529804a44b5,2025-06-10,07:00:00,08:00:00,34,APROBADA
153fd1dd-e304-5d87-94a5-4abd59c39fcf,c1489a8f-1dff-511e-b025-5a10261901d7,2025-06-19,14:30:00,16:00:00,28,APROBADA
d08deb61-b9d0-55ca-ab67-c0de186c30d4,6d481120-dab0-50c8-8f1b-33cf911e9573,2024-10-18,08:00:00,11:00:00,33,APROBADA
f4a30a28-c35b-588e-9520-b3f8ca57e89d,0880d439-8834-59c1-bfce-e7f3da722b3f,2024-09-27,15:30:00,17:00:00,28,APROBADA
52a7c499-d89b-5b46-b33e-153a680de2a3,d76d770e-14c2-5fea-bf8b-28f95250e124,2025-02-15,18:00:00,19:00:00,40,APROBADA
db7eea23-3407-57b0-b04e-7165ef0fc4f5,8fd4b53b-1d49-5307-8a1a-e184999a4434,2025-06-25,17:00:00,18:00:00,38,APROBADA
e9d891ba-2f8f-5d17-ae47-1e15a5f72e22,23c254ed-4635-5cec-baa9-656efa7fd130,2025-06-26,13:00:00,14:30:00,30,APROBADA
c7debc3d-558b-52c9-aa08-b99bcf47736e,b46607fb-d28f-5c06-a3a8-091cb9d995ec,2024-09-30,17:00:00,18:00:00,27,APROBADA
17337445-2dc3-54f8-8ce7-a3e5871dc856,6903b35b-c2a6-5770-98e5-743c2bc06b45,2025-05-01,09:00:00,10:00:00,25,APROBADA
d37198ed-9551-576a-8a37-b4dd76254de6,0880d439-8834-59c1-bfce-e7f3da722b3f,2025-05-17,11:30:00,13:00:00,45,APROBADA
913c25b4-514b-51ad-aedf-ca036c0d6018,a40fe9f0-87fa-5853-968f-5cedd5939e8a,2024-11-04,14:00:00,15:30:00,28,APROBADA
a1ff6702-6379-51a8-9656-1d5a7175e213,eb4139b4-3715-5623-a990-d045271440a9,2024-07-14,15:00:00,16:30:00,27,APROBADA
66fef1ce-a6fc-512f-aacb-a977c0800804,05a1191e-b84b-597d-b970-b04889cc30ee,2024-08-08,11:00:00,13:00:00,32,APROBADA
c18a12a7-97bf-53bd-93ae-bc0e6f93300c,6c814918-8ba0-52cc-9377-6d60b7946f8b,2025-03-26,16:00:00,19:00:00,39,APROBADA
e70f1449-f215-52fc-be12-18c2dd033df3,8fd4b53b-1d49-5307-8a1a-e184999a4434,2025-05-02,14:30:00,16:00:00,33,APROBADA
a4f78073-689b-5378-997e-3ec4a348a490,6c814918-8ba0-52cc-9377-6d60b7946f8b,2024-07-23,11:00:00,12:30:00,31,APROBADA
1dde3446-4a62-55ba-97ca-828cfd1215aa,da1fe6a7-058c-5ad3-a10e-f529804a44b5,2024-12-29,15:00:00,17:00:00,26,APROBADA
ff4d392a-1170-563f-b957-22a76d9f042f,7bcb3d0c-2500-5f01-abe8-d24e962af50e,2025-02-11,16:30:00,19:30:00,29,APROBADA
3196148b-f4ca-5f50-87ec-e83abb4903f4,6903b35b-c2a6-5770-98e5-743c2bc06b45,2024-10-26,11:00:00,12:00:00,28,APROBADA
cb1e095a-8f5a-54e6-afe2-f11fc316fe76,6c814918-8ba0-52cc-9377-6d60b7946f8b,2024-07-26,19:00:00,20:00:00,34,APROBADA
42864a4f-c49e-5a80-97ff-ca58899630ac,e5da4cff-29aa-5f05-8532-70f093603e74,2025-02-01,12:30:00,13:30:00,28,APROBADA
8c82169e-9423-5ea7-bf50-fed3ea6ea4c6,b8969593-19a7-5a43-84c0-d52e63ac0cb4,2025-01-06,18:00:00,20:00:00,29,APROBADA
f0058383-3d4e-5551-b2a0-408dcc5f3325,dd609563-702d-543d-a49a-0ce27a83f234,2024-08-22,09:00:00,11:00:00,34,APROBADA
b907fa11-d283-535d-9b9c-73e8a91d7fb2,1dee66e3-0076-5033-8ba0-70dd67e8aea0,2025-06-27,13:00:00,14:00:00,38,APROBADA
bf0d6c9b-af45-545e-9c77-c96a8e60a7b0,10225e74-7c22-5384-8cdc-396a168ec651,2024-08-20,11:30:00,13:00:00,25,APROBADA
068edaeb-24e1-58f4-994c-35e6daa1901d,8fd4b53b-1d49-5307-8a1a-e184999a4434,2025-05-01,18:00:00,19:30:00,25,APROBADA
5ccbbe70-a9ba-5c31-bbf1-769a34e45d0c,a22ee2bf-332c-5ac1-ae12-28ce7b0033a1,2024-12-11,10:30:00,13:30:00,25,APROBADA
b3e56776-74c6-5b71-82b2-3ef263c401de,d7ce39c6-be5b-537a-ae81-d449a1710ff2,2024-09-24,10:30:00,12:30:00,26,APROBADA
bfa753fa-ed87-57c6-bfc1-2bf1f306906c,706ea773-fd09-5587-a465-302616f9d571,2025-01-05,17:00:00,18:00:00,34,APROBADA
eeaf8191-e8ed-5251-9728-8ab9b8d0faba,10225e74-7c22-5384-8cdc-396a168ec651,2025-04-22,14:00:00,15:00:00,29,APROBADA
44fbe0ba-76e2-54b9-a712-1c584225d862,b46607fb-d28f-5c06-a3a8-091cb9d995ec,2025-05-03,07:00:00,09:00:00,38,APROBADA
3476cd3b-ced1-53ef-a15a-59834a97f1e1,6c814918-8ba0-52cc-9377-6d60b7946f8b,2025-05-31,10:00:00,13:00:00,28,APROBADA
3d3e97cc-3a38-5ab3-92a0-3ab1801a7bd1,05a1191e-b84b-597d-b970-b04889cc30ee,2025-04-22,18:00:00,19:30:00,31,APROBADA
8cec850f-5648-590e-b02a-aaf1a9b904b3,706ea773-fd09-5587-a465-302616f9d571,2024-10-08,09:30:00,12:30:00,27,APROBADA
26d71fc5-f597-5563-9c86-9dc9f0b0e2e4,d76d770e-14c2-5fea-bf8b-28f95250e124,2024-11-24,11:30:00,13:00:00,27,APROBADA
f04df080-aaec-592b-88c2-3afb859b0554,706ea773-fd09-5587-a465-302616f9d571,2024-11-08,08:00:00,11:00:00,39,APROBADA
7f7742ef-e752-5447-890e-bbbe6be3e873,d7ce39c6-be5b-537a-ae81-d449a1710ff2,2024-11-17,11:30:00,12:30:00,30,APROBADA
ff233542-7fdc-5591-9eb1-1ae7d51c5928,0880d439-8834-59c1-bfce-e7f3da722b3f,2025-03-10,11:30:00,13:00:00,26,APROBADA
4135a328-2442-5ba6-95ab-da47ce4ed707,706ea773-fd09-5587-a465-302616f9d571,2024-10-31,13:00:00,14:00:00,34,APROBADA
74a625c6-3d19-5c34-9f54-a7795747ab4e,d76d770e-14c2-5fea-bf8b-28f95250e124,2025-03-15,09:00:00,10:00:00,39,APROBADA
c17c6dac-93ec-53ce-9073-085a0f511cef,05a1191e-b84b-597d-b970-b04889cc30ee,2024-09-01,18:30:00,20:00:00,29,APROBADA
6392541c-8999-5715-832f-5625c1bf9dcc,d76d770e-14c2-5fea-bf8b-28f95250e124,2024-10-30,11:30:00,12:30:00,26,APROBADA
105bbd16-01e4-5426-9be3-19ff8818c9a6,05a1191e-b84b-597d-b970-b04889cc30ee,2025-02-18,13:30:00,15:30:00,25,APROBADA
551dcba3-4277-55b5-9218-e0c448b82e16,45b00d8f-2f79-52ba-8b17-e7d6ee0b476f,2024-12-10,16:00:00,17:00:00,36,APROBADA
fb897b95-2284-513c-bc4f-459642b4ffe0,2574a671-d58d-5db3-8c9f-2518d8a8d790,2024-07-24,17:30:00,18:30:00,37,APROBADA
709cdf89-3069-5cf3-a980-9b90b2e3e3b9,d76d770e-14c2-5fea-bf8b-28f95250e124,2024-11-29,11:30:00,13:30:00,28,APROBADA
f5716fc0-2491-5475-9063-3cf75b333b0d,6d481120-dab0-50c8-8f1b-33cf911e9573,2025-01-19,12:30:00,14:00:00,37,APROBADA
8735baa6-14ed-5635-ac05-6fae7c8d09a5,da1fe6a7-058c-5ad3-a10e-f529804a44b5,2025-01-05,10:00:00,11:00:00,27,APROBADA
90626f96-2e69-5f1d-95df-a85a67a6ce17,1dee66e3-0076-5033-8ba0-70dd67e8aea0,2024-08-30,13:30:00,16:30:00,41,APROBADA
afbef7eb-38e1-50b5-a048-99467fce9099,706ea773-fd09-5587-a465-302616f9d571,2024-11-12,12:30:00,13:30:00,28,APROBADA
9928fd36-52b9-588c-a5ac-8642e685a4d0,7bcb3d0c-2500-5f01-abe8-d24e962af50e,2025-06-10,13:30:00,16:30:00,29,APROBADA
4e149268-2032-5b9f-a643-fa800fa1b08c,2574a671-d58d-5db3-8c9f-2518d8a8d790,2024-09-07,13:30:00,15:00:00,28,APROBADA
ae15bfaf-85fd-564d-afe4-3af422ecd01d,4b4a10f4-36fa-5109-bc5d-14e24370c164,2024-07-05,09:30:00,10:30:00,32,APROBADA
3716f415-4e74-5db7-a86f-54db56b28094,eb4139b4-3715-5623-a990-d045271440a9,2025-04-09,09:00:00,10:30:00,27,APROBADA
cb54fe57-7c80-547e-b62c-285ddc54cfff,f5e43a2a-032c-562e-837a-ff3c72abffb4,2025-02-05,07:30:00,10:30:00,27,APROBADA
0272c3c5-a6a0-5815-a548-198f60e3fa14,6d481120-dab0-50c8-8f1b-33cf911e9573,2024-07-10,17:30:00,20:30:00,42,APROBADA
8bf21871-fade-52c0-9ee7-deb187b952be,d7ce39c6-be5b-537a-ae81-d449a1710ff2,2024-12-28,17:30:00,19:30:00,40,APROBADA
e42b69ca-f030-5bf7-937b-39435b7722f7,c1489a8f-1dff-511e-b025-5a10261901d7,2024-07-12,11:00:00,12:30:00,32,APROBADA
b9fe6c38-2023-5229-b5b2-8da1b4185f98,05a1191e-b84b-597d-b970-b04889cc30ee,2025-03-27,15:00:00,17:00:00,30,APROBADA
7d4f981a-33bc-526a-bac8-bbed9b0cfa0f,45b00d8f-2f79-52ba-8b17-e7d6ee0b476f,2024-11-01,10:30:00,12:30:00,25,APROBADA
e6fd1d52-180e-5351-a962-3dfd470a7475,d056b3a8-8204-507a-b6c1-1f1203a87651,2025-04-20,15:30:00,18:30:00,30,APROBADA
5bc09e05-66b1-5a47-809a-a9f0819f5efc,aad269e7-97f7-5e2d-9c43-cf84b49bd847,2025-06-03,15:30:00,18:30:00,26,APROBADA
debbdc15-a46c-5e34-845b-a66429f364d5,b8969593-19a7-5a43-84c0-d52e63ac0cb4,2025-06-06,09:00:00,10:00:00,29,APROBADA
4206280b-964d-5a3f-9a36-7b46c42d09e2,1a0b71d7-4721-5998-bd82-de26b25b5771,2024-11-10,15:30:00,16:30:00,42,APROBADA
1377c579-dfbb-5b46-a33c-abb7c2fbb390,d76d770e-14c2-5fea-bf8b-28f95250e124,2025-04-14,13:30:00,15:30:00,32,APROBADA
3764193e-2591-5f20-9c35-8d4281e0990e,d76d770e-14c2-5fea-bf8b-28f95250e124,2024-07-02,09:00:00,11:00:00,36,APROBADA
a8cc2576-0bb9-5c99-a501-06be996c9c16,c1489a8f-1dff-511e-b025-5a10261901d7,2024-11-17,14:30:00,16:00:00,30,APROBADA
6c045223-a20f-5ee2-ba28-02c66c998968,45b00d8f-2f79-52ba-8b17-e7d6ee0b476f,2024-11-03,17:00:00,19:00:00,32,APROBADA
1d9ebf73-37ef-51a4-8c16-5dfb70725d89,c1489a8f-1dff-511e-b025-5a10261901d7,2025-03-03,17:00:00,19:00:00,32,APROBADA
a0bc0736-9ec5-513a-8060-45977255587a,4b4a10f4-36fa-5109-bc5d-14e24370c164,2024-09-03,18:30:00,20:00:00,27,APROBADA
8bbfd3ef-98fd-5690-b8ea-e08f2d57561c,6d481120-dab0-50c8-8f1b-33cf911e9573,2024-09-02,07:30:00,08:30:00,27,APROBADA
0d6b6573-07ec-585b-a054-084e26127d97,a40fe9f0-87fa-5853-968f-5cedd5939e8a,2025-01-01,19:00:00,20:00:00,29,APROBADA
626eb79c-c459-54ab-909a-d57f6e2ab2f1,e5da4cff-29aa-5f05-8532-70f093603e74,2025-01-10,11:30:00,14:30:00,25,APROBADA
f415ce66-6a1a-508c-ac98-28d61c32b0ab,f5e43a2a-032c-562e-837a-ff3c72abffb4,2025-03-13,12:00:00,13:00:00,29,APROBADA
e5c94059-4e6e-5b33-a3a7-9763b947adaa,05a1191e-b84b-597d-b970-b04889cc30ee,2024-07-04,14:30:00,17:30:00,25,APROBADA
fed4c5b7-34c4-5ac6-b017-d29b4789d407,a22ee2bf-332c-5ac1-ae12-28ce7b0033a1,2025-04-01,14:00:00,15:30:00,31,APROBADA
f4d8f240-ed06-56b1-8864-c811ed55d648,d7ce39c6-be5b-537a-ae81-d449a1710ff2,2025-02-15,17:30:00,18:30:00,45,APROBADA
6ddb32dd-d03e-5d4b-8a1b-4c1be75cbff8,706ea773-fd09-5587-a465-302616f9d571,2025-04-16,07:00:00,08:00:00,37,APROBADA
702721eb-c59e-56c5-9e82-a277f562ea10,a40fe9f0-87fa-5853-968f-5cedd5939e8a,2024-07-22,13:30:00,15:00:00,32,APROBADA
afbd4765-c93a-53cc-a387-928bb7fbc5b4,d7ce39c6-be5b-537a-ae81-d449a1710ff2,2024-11-14,15:30:00,16:30:00,45,APROBADA
53e5befe-8189-5c81-8472-771a2b583f75,a22ee2bf-332c-5ac1-ae12-28ce7b0033a1,2025-01-14,08:30:00,10:30:00,27,APROBADA
685ffd9d-04bd-5b1e-8315-4996d93fe7c2,e5da4cff-29aa-5f05-8532-70f093603e74,2025-05-25,07:00:00,09:00:00,34,APROBADA
1e6454e7-df57-5cb0-8189-18f6abb41936,7bcb3d0c-2500-5f01-abe8-d24e962af50e,2024-07-23,16:00:00,17:30:00,30,APROBADA
45bff6d5-6c03-53ec-8432-2901e3de65c4,8fd4b53b-1d49-5307-8a1a-e184999a4434,2025-06-03,14:30:00,15:30:00,29,APROBADA
a11e4691-f09c-59a1-b842-81d9aabc0a44,e5da4cff-29aa-5f05-8532-70f093603e74,2025-04-11,08:00:00,09:30:00,34,APROBADA
20d8b374-9e8a-5052-9579-0119b6650b84,1dee66e3-0076-5033-8ba0-70dd67e8aea0,2024-12-11,07:30:00,09:30:00,45,APROBADA
33001896-28ba-5e39-bd78-04ce616c4452,1dee66e3-0076-5033-8ba0-70dd67e8aea0,2025-03-31,14:00:00,15:30:00,29,APROBADA
79131524-ab57-5b58-83eb-4135a385cd51,a22ee2bf-332c-5ac1-ae12-28ce7b0033a1,2025-06-05,17:00:00,20:00:00,25,APROBADA
df0fbde8-779b-5ced-b03c-1e1adc6d489b,1dee66e3-0076-5033-8ba0-70dd67e8aea0,2025-02-03,08:30:00,10:00:00,36,APROBADA
1a724846-65cf-5e6b-bf63-19104b39de0d,ef815f08-b586-5f03-964a-a08004eaebf3,2025-01-19,18:00:00,21:00:00,34,APROBADA
d659b308-bb4c-54e7-b6c5-432a5cf4df03,6d481120-dab0-50c8-8f1b-33cf911e9573,2025-04-24,15:00:00,17:00:00,36,APROBADA
081a508a-0a62-5bbf-b8e3-378040e48ed9,05a1191e-b84b-597d-b970-b04889cc30ee,2024-10-31,17:30:00,19:00:00,34,APROBADA
9de2cd1d-7bfb-5ae2-84e8-aca6e65d91b4,da1fe6a7-058c-5ad3-a10e-f529804a44b5,2025-05-03,13:30:00,16:30:00,35,APROBADA
ba17fd84-5da8-5ec5-b2ea-d191b3494ae6,0880d439-8834-59c1-bfce-e7f3da722b3f,2024-11-18,08:00:00,09:00:00,31,APROBADA
ee194357-2ac7-59f5-b63a-de1dad36d501,0880d439-8834-59c1-bfce-e7f3da722b3f,2024-07-29,11:00:00,14:00:00,42,APROBADA
d3be6549-98a6-5173-8cfb-f415a68632ff,d76d770e-14c2-5fea-bf8b-28f95250e124,2024-08-20,11:30:00,12:30:00,31,APROBADA
32bb2aed-027b-5c1d-bf39-8028d6e2f118,d76d770e-14c2-5fea-bf8b-28f95250e124,2024-12-05,07:00:00,08:00:00,33,APROBADA
3518bace-73ba-544d-9d0e-12bbdc9f9dff,0880d439-8834-59c1-bfce-e7f3da722b3f,2024-10-12,19:00:00,21:00:00,41,APROBADA
80754895-461b-5b8b-bd9e-823f5214fbfb,d7ce39c6-be5b-537a-ae81-d449a1710ff2,2024-08-07,08:00:00,11:00:00,43,APROBADA
53629202-4569-574d-aa3e-fb33bb1ab4d2,10225e74-7c22-5384-8cdc-396a168ec651,2024-07-18,13:00:00,16:00:00,27,APROBADA
09c58a0c-3466-59a7-b61f-3ed8e0a1091e,1a0b71d7-4721-5998-bd82-de26b25b5771,2025-04-13,09:00:00,10:30:00,38,APROBADA
1b3fdeaa-e080-57a2-a1a3-5dc2d8f653b4,d7ce39c6-be5b-537a-ae81-d449a1710ff2,2025-05-02,11:00:00,13:00:00,28,APROBADA
41cd9c04-04fe-5034-bbc8-690607f58aec,b46607fb-d28f-5c06-a3a8-091cb9d995ec,2025-05-08,18:00:00,19:30:00,31,APROBADA
6e87a620-ac8c-5fc8-90fb-ab0ca2bc588b,a40fe9f0-87fa-5853-968f-5cedd5939e8a,2024-09-15,08:00:00,09:30:00,28,APROBADA
b605727d-96da-5bfa-8689-3a1d2ea74a40,b8969593-19a7-5a43-84c0-d52e63ac0cb4,2024-11-21,12:30:00,14:30:00,26,APROBADA
4265e751-7486-52fd-b458-f78c7d8975e9,0880d439-8834-59c1-bfce-e7f3da722b3f,2024-10-15,18:30:00,20:00:00,25,APROBADA
db195c41-88a6-5073-8bc7-b1eedc081f9a,8fd4b53b-1d49-5307-8a1a-e184999a4434,2024-12-09,13:30:00,16:30:00,26,APROBADA
f6990d4f-957c-5faa-99b0-70b3deed7c83,e5da4cff-29aa-5f05-8532-70f093603e74,2025-06-19,07:00:00,08:30:00,35,APROBADA
c26ee2dd-4b1f-5dbe-95af-f060689552b1,d76d770e-14c2-5fea-bf8b-28f95250e124,2025-04-09,15:30:00,16:30:00,39,APROBADA
73b2b239-e882-5422-b7bd-0a432ff5bd76,e5da4cff-29aa-5f05-8532-70f093603e74,2025-05-19,09:30:00,12:30:00,33,APROBADA
6ea5d2c0-4b45-5098-a688-cdc1256344ad,a40fe9f0-87fa-5853-968f-5cedd5939e8a,2025-05-23,11:00:00,13:00:00,26,APROBADA
346d925b-44aa-5b42-9cdb-9755c4d1337e,7bcb3d0c-2500-5f01-abe8-d24e962af50e,2025-01-26,18:00:00,21:00:00,30,APROBADA
2d13f074-c812-55fc-86da-c5ed89229ef9,8fd4b53b-1d49-5307-8a1a-e184999a4434,2025-06-21,14:00:00,16:00:00,35,APROBADA
fa473127-ca7e-5b59-b1d7-a4740028c090,0880d439-8834-59c1-bfce-e7f3da722b3f,2025-03-13,10:00:00,11:30:00,40,APROBADA
4cab9a61-f5ad-50ab-8987-c2e969a47cc6,eb4139b4-3715-5623-a990-d045271440a9,2024-08-07,11:00:00,12:30:00,31,APROBADA
a20ea7ca-f794-5dce-a85d-ffcdac2f6be0,c1489a8f-1dff-511e-b025-5a10261901d7,2024-09-01,08:00:00,11:00:00,29,APROBADA
650b439e-1f7f-5b95-8be2-22770145c7bb,0880d439-8834-59c1-bfce-e7f3da722b3f,2025-01-03,16:30:00,18:30:00,26,APROBADA
59c4f843-99ae-53a3-b041-631022cbdf00,d7ce39c6-be5b-537a-ae81-d449a1710ff2,2025-04-22,18:00:00,21:00:00,31,APROBADA
ea1aeeb7-1a18-5e15-b8f3-2eebbb969292,b8969593-19a7-5a43-84c0-d52e63ac0cb4,2024-12-16,18:00:00,21:00:00,26,APROBADA
c4714b69-95f1-5d4f-9348-a5373ef6ec63,1dee66e3-0076-5033-8ba0-70dd67e8aea0,2024-07-31,17:00:00,19:00:00,38,APROBADA
4e2f2477-e0fa-58a4-8368-58192daea006,05a1191e-b84b-597d-b970-b04889cc30ee,2024-09-30,10:00:00,11:30:00,32,APROBADA
360a813f-320c-5b7d-b504-8891284748c4,d056b3a8-8204-507a-b6c1-1f1203a87651,2024-07-10,14:00:00,15:30:00,25,APROBADA
64f89f2a-5c94-5cd7-9935-23d4f285113f,1dee66e3-0076-5033-8ba0-70dd67e8aea0,2024-09-25,13:30:00,14:30:00,29,APROBADA
f18090bc-5f8f-589e-83f9-4d8f0a0f4801,6d481120-dab0-50c8-8f1b-33cf911e9573,2025-05-03,14:30:00,16:30:00,38,APROBADA
c63738c8-a838-5c54-a35b-e278d8eb1513,da1fe6a7-058c-5ad3-a10e-f529804a44b5,2025-06-02,15:00:00,17:00:00,27,APROBADA
a8f683ff-efcd-54f7-ab87-df66a053bed9,e5da4cff-29aa-5f05-8532-70f093603e74,2025-03-16,08:00:00,10:00:00,31,APROBADA
b64dd972-e53e-5ebe-bf71-264383e8e54a,6c814918-8ba0-52cc-9377-6d60b7946f8b,2025-05-30,14:00:00,15:30:00,35,APROBADA
d403ed7a-9a2a-5a08-96d0-41e039ab7295,2574a671-d58d-5db3-8c9f-2518d8a8d790,2024-12-01,16:30:00,19:30:00,37,APROBADA
a1f90e9e-ccbd-5c0a-b7d3-1b9ef3432bc1,dd609563-702d-543d-a49a-0ce27a83f234,2025-04-17,12:30:00,15:30:00,38,APROBADA
ca91fb81-5077-5ec7-b9fe-6cf38b2e3773,7d424b25-0f98-5f10-b2a8-ed9ddcd33e7a,2024-12-08,13:30:00,14:30:00,40,APROBADA
031cee15-22fa-5f9d-bd1b-e0a00ef253c3,aad269e7-97f7-5e2d-9c43-cf84b49bd847,2025-04-28,18:00:00,21:00:00,27,APROBADA
cb45a589-765f-5fa1-8232-f6f20305860c,7d424b25-0f98-5f10-b2a8-ed9ddcd33e7a,2025-04-01,18:30:00,19:30:00,34,APROBADA
b74f53ad-f249-5d31-ab2e-a05650396db0,23c254ed-4635-5cec-baa9-656efa7fd130,2024-10-12,14:00:00,16:00:00,25,APROBADA
69bd3bf5-c795-58f0-ba77-051bbf8af40a,7d424b25-0f98-5f10-b2a8-ed9ddcd33e7a,2025-02-08,17:00:00,18:00:00,40,APROBADA
3c2f1d2f-bbcf-5614-8197-018ef857b55d,7d424b25-0f98-5f10-b2a8-ed9ddcd33e7a,2024-11-13,14:00:00,16:00:00,32,APROBADA
a755a907-1c36-5d17-8670-c2a245822bb9,706ea773-fd09-5587-a465-302616f9d571,2025-05-30,18:30:00,20:00:00,35,APROBADA
6fac3e0a-ad63-5b03-867a-284e2efe9fdd,0880d439-8834-59c1-bfce-e7f3da722b3f,2024-12-23,14:30:00,16:30:00,37,APROBADA
b371d6d4-4bd5-5b5b-9641-787504f2f969,7d424b25-0f98-5f10-b2a8-ed9ddcd33e7a,2024-07-09,13:30:00,14:30:00,31,APROBADA
24560b65-2b53-58ef-b76d-a378eb0c3455,10225e74-7c22-5384-8cdc-396a168ec651,2024-08-17,16:30:00,18:00:00,30,APROBADA
4006f877-10e1-5bcc-b065-ee841004d535,dd609563-702d-543d-a49a-0ce27a83f234,2025-01-03,14:30:00,15:30:00,38,APROBADA
f7bcc94e-4f4d-5e11-8144-c98f0513af4b,f5e43a2a-032c-562e-837a-ff3c72abffb4,2025-01-01,09:30:00,12:30:00,28,APROBADA
cf91ab9d-96e3-5de4-bfb3-eb8a9f89d667,8fd4b53b-1d49-5307-8a1a-e184999a4434,2025-03-25,17:30:00,20:30:00,32,APROBADA
d1c49bdf-8681-523c-b372-a64df333412e,45b00d8f-2f79-52ba-8b17-e7d6ee0b476f,2025-03-14,17:30:00,20:30:00,26,APROBADA
f5145c67-5802-523b-9f64-5688c326c2fc,eb4139b4-3715-5623-a990-d045271440a9,2025-04-05,11:00:00,13:00:00,26,APROBADA
23c53581-0434-5e4d-bbe1-03434357f1cf,e5da4cff-29aa-5f05-8532-70f093603e74,2024-09-26,11:00:00,12:30:00,31,APROBADA
fce75db3-879a-5f74-9315-77bfa6c4b25a,a40fe9f0-87fa-5853-968f-5cedd5939e8a,2024-11-05,12:00:00,15:00:00,25,APROBADA
b746459e-8815-58ee-87cf-da37c818fec2,d76d770e-14c2-5fea-bf8b-28f95250e124,2024-09-03,18:00:00,19:30:00,34,APROBADA
0dfb8eab-b2e5-5a7a-a522-51eaaccf8188,a22ee2bf-332c-5ac1-ae12-28ce7b0033a1,2024-11-02,10:30:00,12:00:00,31,APROBADA
eec8301a-430a-535b-8ff1-a18d61f3c64a,7d424b25-0f98-5f10-b2a8-ed9ddcd33e7a,2024-08-01,14:00:00,16:00:00,33,APROBADA
bbc4e0bc-b727-5e5b-99c7-6199961c6e91,6903b35b-c2a6-5770-98e5-743c2bc06b45,2025-01-08,17:00:00,20:00:00,35,APROBADA
b3fe3f30-c38a-55d9-8622-12ddc6997813,05a1191e-b84b-597d-b970-b04889cc30ee,2024-11-12,17:00:00,19:00:00,35,APROBADA
557ae3a1-2714-5399-8fb8-ec4df9ee4f9a,d056b3a8-8204-507a-b6c1-1f1203a87651,2025-01-02,11:00:00,12:00:00,29,APROBADA
12e4f050-d02f-5083-9d98-f33a9f2475b0,2574a671-d58d-5db3-8c9f-2518d8a8d790,2024-10-09,08:00:00,09:00:00,32,APROBADA
17895a8d-ceae-546a-a70f-bb7088d237ed,dd609563-702d-543d-a49a-0ce27a83f234,2024-12-21,13:00:00,15:00:00,38,APROBADA
89f07e4a-6c2c-5ae9-84cd-e5e4cfcaba07,6c814918-8ba0-52cc-9377-6d60b7946f8b,2025-06-09,10:30:00,12:30:00,39,APROBADA
37bc4359-10c3-5045-826a-120302449925,8fd4b53b-1d49-5307-8a1a-e184999a4434,2024-11-10,16:00:00,19:00:00,37,APROBADA
a8aa1600-8a38-5879-8169-652bd2bbe40b,6903b35b-c2a6-5770-98e5-743c2bc06b45,2024-07-26,17:00:00,19:00:00,27,APROBADA
d15bf087-8c36-57e5-aca4-0f7d04e155aa,ef815f08-b586-5f03-964a-a08004eaebf3,2025-06-26,16:00:00,17:30:00,35,APROBADA
0c7abd99-5861-5706-895f-8c706acdc5c2,8fd4b53b-1d49-5307-8a1a-e184999a4434,2025-02-01,14:00:00,16:00:00,29,APROBADA
4adae271-d9e2-5abb-8f9a-75a05ad4f019,10225e74-7c22-5384-8cdc-396a168ec651,2025-02-16,09:00:00,10:30:00,27,APROBADA
c7a6dd18-ffa7-55ae-8de1-c7de0f71c1bb,da1fe6a7-058c-5ad3-a10e-f529804a44b5,2024-11-27,12:00:00,15:00:00,36,APROBADA
366a0d13-6667-5078-a586-2b752daacba5,dd609563-702d-543d-a49a-0ce27a83f234,2024-10-25,07:30:00,08:30:00,26,APROBADA
72e863af-0d1c-5e59-be9f-4c49626e67c7,6c814918-8ba0-52cc-9377-6d60b7946f8b,2024-12-02,08:30:00,10:00:00,27,APROBADA
222d637d-b70b-52e6-bab7-67d6ffd591b9,05a1191e-b84b-597d-b970-b04889cc30ee,2024-08-04,16:00:00,18:00:00,36,APROBADA
f465911d-bd2b-5e3d-9339-8db2785a60f4,6d481120-dab0-50c8-8f1b-33cf911e9573,2024-10-12,19:00:00,20:30:00,36,APROBADA
6eb0d363-6272-5d6e-a1a5-237b32763dfc,d76d770e-14c2-5fea-bf8b-28f95250e124,2025-03-22,07:00:00,08:00:00,31,APROBADA
8543f46d-07b0-58fd-8932-51c4179a93e5,23c254ed-4635-5cec-baa9-656efa7fd130,2025-06-24,17:30:00,20:30:00,25,APROBADA
180567c3-a504-5505-b1b8-055dd07a29e6,45b00d8f-2f79-52ba-8b17-e7d6ee0b476f,2024-09-19,13:30:00,15:00:00,30,APROBADA
6c63575c-292e-5d0c-abad-b458214f23f6,da1fe6a7-058c-5ad3-a10e-f529804a44b5,2025-05-29,10:30:00,13:30:00,29,APROBADA
700cf0a4-a302-5373-af30-fdb05e2ba874,2574a671-d58d-5db3-8c9f-2518d8a8d790,2025-03-21,07:00:00,10:00:00,34,APROBADA
b53adae9-63ad-51ac-bbd6-2eb813c760c8,b46607fb-d28f-5c06-a3a8-091cb9d995ec,2024-11-06,13:30:00,14:30:00,25,APROBADA
25b9e6bd-9f82-50bb-a74d-084019e2ea6f,d056b3a8-8204-507a-b6c1-1f1203a87651,2024-11-12,16:30:00,19:30:00,31,APROBADA
b7adce54-7390-5bc2-bf60-b06936a27851,1dee66e3-0076-5033-8ba0-70dd67e8aea0,2024-08-20,19:00:00,20:00:00,44,APROBADA
1fff119e-7716-5b30-8d79-5888b4a1c4b1,8fd4b53b-1d49-5307-8a1a-e184999a4434,2024-08-24,19:00:00,20:30:00,26,APROBADA
fb03bf1f-a354-52b2-b1ba-549844e928fc,0880d439-8834-59c1-bfce-e7f3da722b3f,2024-07-31,07:30:00,09:00:00,39,APROBADA
b13bcb0c-66b8-5ab0-a2b2-7835251d0364,6d481120-dab0-50c8-8f1b-33cf911e9573,2024-07-29,08:00:00,09:00:00,38,APROBADA
92cca68e-820b-51e8-bbf5-67d43cbd13f1,d76d770e-14c2-5fea-bf8b-28f95250e124,2025-01-09,11:30:00,13:00:00,39,APROBADA
881f18f3-bbc5-55be-b2ff-423170dd0f1f,4b4a10f4-36fa-5109-bc5d-14e24370c164,2025-02-13,12:00:00,13:00:00,26,APROBADA
359a69ef-777f-513c-8dd1-7923070e78c3,dd609563-702d-543d-a49a-0ce27a83f234,2025-06-18,19:00:00,20:30:00,37,APROBADA
14b342f6-5124-556f-9e51-45567aff18b0,aad269e7-97f7-5e2d-9c43-cf84b49bd847,2025-02-01,10:30:00,12:00:00,28,APROBADA
7a97ecd7-cef3-547b-b3a2-de734b4a9e5c,1a0b71d7-4721-5998-bd82-de26b25b5771,2025-01-15,18:30:00,20:00:00,40,APROBADA
9da490b2-4860-5f75-9b8f-0c1a437079a6,2574a671-d58d-5db3-8c9f-2518d8a8d790,2025-01-10,18:00:00,21:00:00,35,APROBADA
a0300af6-2242-50a9-9de2-554bcfc5fad0,d76d770e-14c2-5fea-bf8b-28f95250e124,2024-12-20,11:00:00,13:00:00,30,APROBADA
3ebff6e8-9c55-509b-9abe-d88bda23cfd8,f5e43a2a-032c-562e-837a-ff3c72abffb4,2025-02-08,12:00:00,13:00:00,25,APROBADA
78ecc7ff-223f-5067-b398-ef357541c5dc,dd609563-702d-543d-a49a-0ce27a83f234,2024-11-17,15:30:00,16:30:00,30,APROBADA
5f061d33-a7bc-5a57-999f-858b391b5d17,a40fe9f0-87fa-5853-968f-5cedd5939e8a,2025-06-30,09:00:00,10:00:00,25,APROBADA
d707d193-ec50-58d2-9895-9a847b77fc24,05a1191e-b84b-597d-b970-b04889cc30ee,2024-11-09,15:30:00,18:30:00,32,APROBADA
9a7599c4-a6cf-5dbf-ba7f-3338d8247a70,8fd4b53b-1d49-5307-8a1a-e184999a4434,2025-02-20,07:30:00,09:00:00,28,APROBADA
695d639e-807e-5a44-b568-f4e2747d2813,6903b35b-c2a6-5770-98e5-743c2bc06b45,2025-02-16,15:30:00,17:30:00,26,APROBADA
6d7dc068-b2e0-5e80-944d-86cb6c7bdefd,ef815f08-b586-5f03-964a-a08004eaebf3,2025-03-14,15:00:00,18:00:00,25,APROBADA
74051c28-27fa-5965-97c2-2b948741ad9e,1dee66e3-0076-5033-8ba0-70dd67e8aea0,2025-02-21,08:30:00,10:30:00,41,APROBADA
23d1a2dd-1b2c-5484-b6c8-ee2308a54cb7,a22ee2bf-332c-5ac1-ae12-28ce7b0033a1,2024-07-28,14:30:00,16:30:00,36,APROBADA
25d87070-0648-59aa-9793-7fb877986d58,6c814918-8ba0-52cc-9377-6d60b7946f8b,2025-01-10,10:00:00,11:00:00,29,APROBADA
e172dae6-d9e7-570f-829b-790ed65227da,7d424b25-0f98-5f10-b2a8-ed9ddcd33e7a,2024-09-14,15:00:00,16:00:00,40,APROBADA
136146d0-e973-5ac0-abdf-4d6831154180,6d481120-dab0-50c8-8f1b-33cf911e9573,2025-02-05,12:30:00,14:30:00,38,APROBADA
3375c72c-2412-55ac-8e52-790705a9fbd5,2574a671-d58d-5db3-8c9f-2518d8a8d790,2025-03-06,12:00:00,15:00:00,26,APROBADA
1b553bb2-7ead-52a3-a3b6-48db07aed175,a22ee2bf-332c-5ac1-ae12-28ce7b0033a1,2025-06-12,10:00:00,13:00:00,36,APROBADA
e418655f-4560-556e-8053-33d8bacf980c,d7ce39c6-be5b-537a-ae81-d449a1710ff2,2024-09-09,18:00:00,19:30:00,45,APROBADA
eee15c43-7024-525b-80bb-b507e9340895,1dee66e3-0076-5033-8ba0-70dd67e8aea0,2024-07-24,14:30:00,16:00:00,33,APROBADA
8122af08-a2bd-5d78-864a-1e42f4422d4a,6903b35b-c2a6-5770-98e5-743c2bc06b45,2024-10-03,18:00:00,21:00:00,32,APROBADA
bf0f871f-8a69-52bd-bfce-8aa7ebff71d7,1dee66e3-0076-5033-8ba0-70dd67e8aea0,2024-07-01,08:00:00,11:00:00,43,APROBADA
b6a919bd-5384-5c7e-82d8-f60ddb518b40,da1fe6a7-058c-5ad3-a10e-f529804a44b5,2025-05-03,19:00:00,20:00:00,28,APROBADA
22f53b46-0115-5025-9742-607ac99ca197,7d424b25-0f98-5f10-b2a8-ed9ddcd33e7a,2024-12-24,16:30:00,17:30:00,40,APROBADA
9b91d4e3-b256-57af-bc72-5ccf70301872,b46607fb-d28f-5c06-a3a8-091cb9d995ec,2024-07-05,13:00:00,14:00:00,25,APROBADA
2e1d514c-056e-5bc3-bbe4-581c06611267,8fd4b53b-1d49-5307-8a1a-e184999a4434,2024-10-22,07:30:00,09:00:00,32,APROBADA
4801600b-82c9-5b82-8b76-96d97b9750f7,0880d439-8834-59c1-bfce-e7f3da722b3f,2024-08-22,14:30:00,17:30:00,38,APROBADA
7ad27f2b-afea-591f-a6b6-18608ffe9eff,7bcb3d0c-2500-5f01-abe8-d24e962af50e,2025-03-07,12:30:00,15:30:00,25,APROBADA
88343c20-740a-5582-9016-6c135e18b029,4b4a10f4-36fa-5109-bc5d-14e24370c164,2025-06-01,14:00:00,15:30:00,25,APROBADA
efeb68a3-e634-5f93-8106-629f01f1707d,7d424b25-0f98-5f10-b2a8-ed9ddcd33e7a,2024-07-02,17:30:00,18:30:00,38,APROBADA
7812559f-fa7b-557e-8794-856b5dc26a64,6d481120-dab0-50c8-8f1b-33cf911e9573,2024-07-17,17:00:00,19:00:00,31,APROBADA
3675921c-12d8-5fb1-86a3-105fcc41fb6b,a40fe9f0-87fa-5853-968f-5cedd5939e8a,2024-08-31,15:30:00,18:30:00,26,APROBADA
3a61b114-033b-54de-a20a-ce7a6ecbf2a9,d7ce39c6-be5b-537a-ae81-d449a1710ff2,2024-09-30,14:00:00,17:00:00,34,APROBADA
65a96254-af3b-585e-8890-4b060f0ead47,7d424b25-0f98-5f10-b2a8-ed9ddcd33e7a,2025-02-06,14:00:00,17:00:00,31,APROBADA
cd002d97-b4e4-5e0c-94b7-a2bf7aeff579,d76d770e-14c2-5fea-bf8b-28f95250e124,2025-06-30,10:30:00,12:30:00,35,APROBADA
0eb31ad6-9189-58ef-8933-050d96072bb7,b46607fb-d28f-5c06-a3a8-091cb9d995ec,2025-04-04,10:00:00,13:00:00,28,APROBADA
717cdb64-e387-52b9-aaaa-97d6f5a900fd,7d424b25-0f98-5f10-b2a8-ed9ddcd33e7a,2024-07-21,08:30:00,10:00:00,40,APROBADA
f8618b86-76ae-5504-a1f7-2d52614f10e7,0880d439-8834-59c1-bfce-e7f3da722b3f,2025-02-24,09:00:00,10:00:00,28,APROBADA
ad39fffd-07c5-5e6b-8d02-cbcb880198da,d7ce39c6-be5b-537a-ae81-d449a1710ff2,2025-05-15,15:30:00,17:30:00,31,APROBADA
89bc248f-5669-5411-b075-a76ec0a751e9,4b4a10f4-36fa-5109-bc5d-14e24370c164,2025-03-09,08:00:00,09:30:00,31,APROBADA
b8b9d903-9ba6-5f0d-8343-9eb9c81037e9,6d481120-dab0-50c8-8f1b-33cf911e9573,2025-01-04,14:00:00,15:00:00,39,APROBADA
5fe4e688-6aee-5b15-9fba-06cc4e76a326,b46607fb-d28f-5c06-a3a8-091cb9d995ec,2025-03-06,15:30:00,16:30:00,25,APROBADA
425220e7-5e6b-5339-b144-0a651f3d6f1a,c1489a8f-1dff-511e-b025-5a10261901d7,2024-09-05,17:00:00,18:30:00,32,APROBADA
97438388-7750-550f-8fad-a6ec90857f7e,a22ee2bf-332c-5ac1-ae12-28ce7b0033a1,2025-02-06,12:30:00,15:30:00,36,APROBADA
5f0e9c86-0c62-5b29-a5f9-7abde7d03d48,8fd4b53b-1d49-5307-8a1a-e184999a4434,2025-02-16,13:30:00,16:30:00,34,APROBADA
1078ea97-bfbb-5c95-8221-1276482c2529,1a0b71d7-4721-5998-bd82-de26b25b5771,2025-02-27,08:30:00,11:30:00,40,APROBADA
26b4c3d0-89c5-5812-be59-2d983170fb6b,6c814918-8ba0-52cc-9377-6d60b7946f8b,2025-04-13,15:00:00,18:00:00,29,APROBADA
c37088a6-4cc0-5c68-bb27-9cfbd5e289c3,d76d770e-14c2-5fea-bf8b-28f95250e124,2025-05-06,08:30:00,09:30:00,30,APROBADA
ced224b1-2b74-5e05-a584-529609c349c3,d056b3a8-8204-507a-b6c1-1f1203a87651,2024-10-21,10:00:00,11:30:00,30,APROBADA
c8b21575-d44d-515a-8dd8-606bf0ac3877,e5da4cff-29aa-5f05-8532-70f093603e74,2025-04-05,14:00:00,16:00:00,39,APROBADA
9901a3c1-398f-5db8-aee4-7a78cb2d9732,23c254ed-4635-5cec-baa9-656efa7fd130,2024-11-12,09:00:00,12:00:00,25,APROBADA
0ae0c967-8d70-5231-9727-4ea097493aae,8fd4b53b-1d49-5307-8a1a-e184999a4434,2024-07-07,14:00:00,16:00:00,39,APROBADA
a8f8b07a-d7d2-50a8-aba7-02b1e064cc5a,a22ee2bf-332c-5ac1-ae12-28ce7b0033a1,2024-09-02,13:00:00,14:30:00,32,APROBADA
9bf590b6-1e7f-5776-b8b9-ca37e1153116,6d481120-dab0-50c8-8f1b-33cf911e9573,2025-01-31,13:00:00,14:00:00,36,APROBADA
d5ae00a5-a619-5817-8843-acf1bc27db1b,f5e43a2a-032c-562e-837a-ff3c72abffb4,2025-04-14,09:00:00,11:00:00,29,APROBADA
fe429e8b-0330-52a6-8b8b-706f41a836d8,d7ce39c6-be5b-537a-ae81-d449a1710ff2,2024-11-08,13:30:00,16:30:00,36,APROBADA
42890ebb-014e-5ecb-9e25-a997761db062,05a1191e-b84b-597d-b970-b04889cc30ee,2025-02-08,10:30:00,12:00:00,27,APROBADA
73ba0646-5167-5929-868e-a462ec7ee70c,1dee66e3-0076-5033-8ba0-70dd67e8aea0,2024-08-31,09:00:00,12:00:00,33,APROBADA
a363943c-d534-5e20-be96-69ec1e46af14,8fd4b53b-1d49-5307-8a1a-e184999a4434,2024-11-03,11:00:00,14:00:00,29,APROBADA
b33fd237-84ee-5b0c-bf75-18f3b297602f,10225e74-7c22-5384-8cdc-396a168ec651,2024-09-05,08:30:00,09:30:00,33,APROBADA
8c69c4bd-a0bc-53ba-abff-c1ce69746128,aad269e7-97f7-5e2d-9c43-cf84b49bd847,2025-02-12,12:30:00,13:30:00,27,APROBADA
9731f92f-5390-5b2a-86d0-988e7665b00c,6c814918-8ba0-52cc-9377-6d60b7946f8b,2025-05-31,18:30:00,20:00:00,27,APROBADA
9ecc3cb9-e53b-554d-a8e0-72abeb8e9144,1a0b71d7-4721-5998-bd82-de26b25b5771,2024-08-01,15:30:00,16:30:00,33,APROBADA
a5ffdec5-657f-5ad2-8925-080e17a4e0c5,ef815f08-b586-5f03-964a-a08004eaebf3,2025-03-11,10:30:00,12:30:00,34,APROBADA
21f7bbb7-e8f9-59ea-a2ca-cbcf0121547f,8fd4b53b-1d49-5307-8a1a-e184999a4434,2024-07-25,13:30:00,16:30:00,25,APROBADA
375a677f-acba-5b28-abbd-3d15556ea621,45b00d8f-2f79-52ba-8b17-e7d6ee0b476f,2025-02-18,17:30:00,20:30:00,36,APROBADA
ad81b880-f32d-5c97-9d4f-b64e4922f526,d7ce39c6-be5b-537a-ae81-d449a1710ff2,2024-07-03,07:30:00,09:00:00,26,APROBADA
8fd39009-adc8-5306-a837-04b3fd68703b,05a1191e-b84b-597d-b970-b04889cc30ee,2025-06-01,09:30:00,10:30:00,28,APROBADA
d8fdb663-d550-57e1-ae23-fcce1cdfdb15,b46607fb-d28f-5c06-a3a8-091cb9d995ec,2025-04-18,08:30:00,11:30:00,33,APROBADA
eef6078a-185a-5ea9-b946-4d2e922c24b0,706ea773-fd09-5587-a465-302616f9d571,2025-06-29,16:30:00,17:30:00,26,APROBADA
c893a447-2e22-50af-b62c-b581e8537675,a40fe9f0-87fa-5853-968f-5cedd5939e8a,2024-11-10,17:30:00,19:00:00,28,APROBADA
18bc2afb-1b13-5b4b-88d5-eb6e134c133a,eb4139b4-3715-5623-a990-d045271440a9,2025-01-23,07:30:00,09:00:00,26,APROBADA
e55b1bc0-b3e3-5a3f-ba08-9128a36cf828,b46607fb-d28f-5c06-a3a8-091cb9d995ec,2024-10-31,15:30:00,17:30:00,26,APROBADA
0da74b52-6503-506c-911e-aee1b399733b,7bcb3d0c-2500-5f01-abe8-d24e962af50e,2024-07-11,18:00:00,19:00:00,25,APROBADA
d8bb7d34-6f26-553a-98c9-2b0611349c9e,4b4a10f4-36fa-5109-bc5d-14e24370c164,2025-05-27,08:00:00,09:30:00,28,APROBADA
80926abc-a7fc-5d8b-87ef-a3cdb2b409c3,e5da4cff-29aa-5f05-8532-70f093603e74,2024-09-01,13:30:00,15:00:00,32,APROBADA
0df87ec3-f16e-53a5-b63d-467661345b21,0880d439-8834-59c1-bfce-e7f3da722b3f,2024-11-08,07:30:00,10:30:00,33,APROBADA
7c6ac6a0-9901-5c04-9032-09dc846c746c,706ea773-fd09-5587-a465-302616f9d571,2025-02-16,09:00:00,11:00:00,30,APROBADA
75b632b7-9967-5deb-af4d-f24533a90799,b46607fb-d28f-5c06-a3a8-091cb9d995ec,2024-10-24,11:30:00,14:30:00,29,APROBADA
1d7f745b-11fa-5b2d-8242-dcf76c3c9206,23c254ed-4635-5cec-baa9-656efa7fd130,2025-03-12,12:00:00,13:30:00,32,APROBADA
b104c3d0-5c29-5fe9-a26e-7b5abfdb4496,05a1191e-b84b-597d-b970-b04889cc30ee,2024-11-26,13:30:00,15:30:00,26,APROBADA
f4b20241-fc9b-56c4-974f-3d7fda969b9b,c1489a8f-1dff-511e-b025-5a10261901d7,2024-11-03,13:30:00,15:00:00,31,APROBADA
ad242ebc-265b-5811-823c-4a30d714b327,ef815f08-b586-5f03-964a-a08004eaebf3,2025-05-20,14:30:00,16:30:00,29,APROBADA
8a1f5f20-d1ba-5ead-8248-6f95c84be34c,e5da4cff-29aa-5f05-8532-70f093603e74,2025-04-25,12:30:00,15:30:00,26,APROBADA
529ef38c-aacc-59f5-9edb-ef91826bcec7,45b00d8f-2f79-52ba-8b17-e7d6ee0b476f,2025-01-10,09:00:00,10:30:00,28,APROBADA
0ec17895-d6b3-5941-af13-e85572033c31,8fd4b53b-1d49-5307-8a1a-e184999a4434,2024-12-04,11:00:00,14:00:00,29,APROBADA
975a439c-1dab-5f21-8850-ced9e84f8030,1a0b71d7-4721-5998-bd82-de26b25b5771,2025-03-03,13:30:00,16:30:00,42,APROBADA
bc0209b0-9ae0-5c91-b870-c0e019778d73,a40fe9f0-87fa-5853-968f-5cedd5939e8a,2025-06-28,09:30:00,11:00:00,26,APROBADA
1b15c652-05ae-5980-ba3a-f9cd11d4c32a,0880d439-8834-59c1-bfce-e7f3da722b3f,2025-04-16,18:00:00,21:00:00,36,APROBADA
55029009-c93f-5630-9ae0-f32545de4078,d76d770e-14c2-5fea-bf8b-28f95250e124,2025-06-26,07:00:00,08:30:00,32,APROBADA
0062cff7-be8a-562b-a6e1-bc46ae31227a,e5da4cff-29aa-5f05-8532-70f093603e74,2024-07-08,08:30:00,11:30:00,36,APROBADA
810f612f-5b98-590c-b406-5a95db4d411f,7bcb3d0c-2500-5f01-abe8-d24e962af50e,2024-09-07,09:30:00,10:30:00,26,APROBADA
554a7624-4857-5467-8999-77d0f6493a55,b46607fb-d28f-5c06-a3a8-091cb9d995ec,2025-05-29,10:00:00,11:00:00,37,APROBADA
29e26a6f-1e95-521e-94e0-11525af3fb4a,6903b35b-c2a6-5770-98e5-743c2bc06b45,2025-01-22,15:30:00,18:30:00,32,APROBADA
4700151e-eb50-58d8-866e-ad9b14dee484,d7ce39c6-be5b-537a-ae81-d449a1710ff2,2024-12-16,15:00:00,16:30:00,38,APROBADA
efb55c42-06cc-5ec6-a0cc-214d70aab2c5,8fd4b53b-1d49-5307-8a1a-e184999a4434,2024-09-08,15:30:00,17:30:00,29,APROBADA
c9621f75-d32a-5326-97c5-9eb6733b8693,a40fe9f0-87fa-5853-968f-5cedd5939e8a,2024-07-29,13:30:00,16:30:00,31,APROBADA
76a49bb5-53dd-5db0-ad55-826ceb19ed26,706ea773-fd09-5587-a465-302616f9d571,2025-06-03,12:30:00,15:30:00,32,APROBADA
187d8b10-9124-5404-8256-b9197e33a35b,c1489a8f-1dff-511e-b025-5a10261901d7,2025-06-04,12:00:00,13:00:00,29,APROBADA
0e4db914-5585-5f6a-a641-4dce55f2915c,e5da4cff-29aa-5f05-8532-70f093603e74,2024-12-17,19:00:00,20:30:00,27,APROBADA
d7010f0f-d9d8-5cb6-a1c6-0aef390a7d99,a22ee2bf-332c-5ac1-ae12-28ce7b0033a1,2025-02-21,18:00:00,21:00:00,27,APROBADA
1f8d6a7f-6e5b-53c2-8bd4-4566b7d58fc6,6903b35b-c2a6-5770-98e5-743c2bc06b45,2024-09-21,09:00:00,11:00:00,31,APROBADA
e7ece1bc-0814-57a6-ae2a-3870a166ef7c,ef815f08-b586-5f03-964a-a08004eaebf3,2025-05-13,11:00:00,12:30:00,34,APROBADA
fe56168d-be7c-5603-8ffe-c87f5dc2f9ad,0880d439-8834-59c1-bfce-e7f3da722b3f,2025-01-28,08:00:00,09:00:00,41,APROBADA
3f5bf3a5-01a8-5711-85bd-a38e81cbc9ff,4b4a10f4-36fa-5109-bc5d-14e24370c164,2025-01-13,10:00:00,12:00:00,25,APROBADA
66f6678e-44da-54bb-bfe2-5011aeeffa36,a22ee2bf-332c-5ac1-ae12-28ce7b0033a1,2025-02-13,18:00:00,19:00:00,35,APROBADA
c6b19fe0-5150-5709-8f1a-dff9d63bdaac,10225e74-7c22-5384-8cdc-396a168ec651,2025-01-12,10:30:00,12:30:00,35,APROBADA
617199c9-13e1-5ef5-bbf5-7b255fbfa256,da1fe6a7-058c-5ad3-a10e-f529804a44b5,2025-03-18,18:30:00,19:30:00,27,APROBADA
1cab359d-5ced-5eff-9c98-41880abf2ba7,0880d439-8834-59c1-bfce-e7f3da722b3f,2024-07-13,14:30:00,17:30:00,35,APROBADA
5e12bfcd-4094-5df7-be63-acb1062c899b,1a0b71d7-4721-5998-bd82-de26b25b5771,2024-12-26,14:00:00,16:00:00,45,APROBADA
5218c023-60d3-5bd5-89b9-01c0c6404ad9,b46607fb-d28f-5c06-a3a8-091cb9d995ec,2024-09-11,18:00:00,19:00:00,32,APROBADA
dea99655-c0b5-59d6-afe5-9904961f55d5,706ea773-fd09-5587-a465-302616f9d571,2024-12-29,14:30:00,16:30:00,27,APROBADA
44273a88-ea8f-5628-91c5-79d83a79801d,45b00d8f-2f79-52ba-8b17-e7d6ee0b476f,2025-05-12,17:00:00,19:00:00,30,APROBADA
efa728d8-16df-56f8-aea2-2d3a2fbf2959,c1489a8f-1dff-511e-b025-5a10261901d7,2024-09-19,15:00:00,17:00:00,32,APROBADA
7675b9f4-ff94-56d6-920d-c46b0c503405,7d424b25-0f98-5f10-b2a8-ed9ddcd33e7a,2024-10-28,08:00:00,09:30:00,29,APROBADA
84c4dfa1-231e-5687-a610-521dc1fcd849,b46607fb-d28f-5c06-a3a8-091cb9d995ec,2024-12-01,16:30:00,19:30:00,30,APROBADA
99ec0a0c-f405-5ca7-9a4a-4dacf22f9fa6,da1fe6a7-058c-5ad3-a10e-f529804a44b5,2024-10-19,17:30:00,19:00:00,28,APROBADA
a0639cfd-ac86-584b-89d4-91f2943d7ecd,d7ce39c6-be5b-537a-ae81-d449a1710ff2,2024-10-20,16:00:00,17:00:00,38,APROBADA
f644fb66-4de8-5222-b829-22a0312c1d6d,aad269e7-97f7-5e2d-9c43-cf84b49bd847,2024-10-31,12:30:00,15:30:00,26,APROBADA
d7c14c4e-e86b-5dfb-b723-6d0be8a1df11,a22ee2bf-332c-5ac1-ae12-28ce7b0033a1,2025-03-06,11:30:00,13:30:00,32,APROBADA
e64df35a-8789-5838-b72b-bff27ee2accc,6903b35b-c2a6-5770-98e5-743c2bc06b45,2025-01-17,11:30:00,12:30:00,31,APROBADA
94c68521-3542-5510-b637-726b955dfed6,45b00d8f-2f79-52ba-8b17-e7d6ee0b476f,2024-08-07,10:30:00,12:30:00,25,APROBADA
0c1d91ee-f725-581b-aaff-91a68ff0de3b,4b4a10f4-36fa-5109-bc5d-14e24370c164,2024-12-01,14:30:00,16:00:00,31,APROBADA
a7e83da9-6531-5f99-a294-d74c5f0329d7,23c254ed-4635-5cec-baa9-656efa7fd130,2024-12-12,14:30:00,15:30:00,31,APROBADA
85fb5d84-1c66-5299-81cd-13d5df2f69f7,c1489a8f-1dff-511e-b025-5a10261901d7,2025-02-24,14:30:00,16:30:00,28,APROBADA
abfd81c6-cfa3-5d72-b2ec-47bc1773373a,4b4a10f4-36fa-5109-bc5d-14e24370c164,2025-03-08,17:00:00,18:30:00,25,APROBADA
236002c2-0deb-587d-9e83-e71622a7a5d0,23c254ed-4635-5cec-baa9-656efa7fd130,2024-11-10,14:00:00,15:30:00,32,APROBADA
daf2507e-12be-528a-8a4e-cf92bd4e09dd,da1fe6a7-058c-5ad3-a10e-f529804a44b5,2025-03-07,17:00:00,18:30:00,36,APROBADA
d43332e8-e84f-5d30-9f9a-f4d08c1cb1a8,ef815f08-b586-5f03-964a-a08004eaebf3,2024-07-03,17:00:00,20:00:00,32,APROBADA
f1d4e95a-d872-5069-ab8a-d690bfed2483,1dee66e3-0076-5033-8ba0-70dd67e8aea0,2025-05-18,15:30:00,18:30:00,30,APROBADA
d447ce1f-a29d-53aa-ab7c-0111de1cce20,ef815f08-b586-5f03-964a-a08004eaebf3,2024-12-25,14:30:00,17:30:00,29,APROBADA
ce762db4-56ef-59a7-b1d0-5f3c9ea55ac0,7d424b25-0f98-5f10-b2a8-ed9ddcd33e7a,2024-07-15,13:30:00,14:30:00,37,APROBADA
12210080-206a-50ec-b76c-680033d8d1a6,7d424b25-0f98-5f10-b2a8-ed9ddcd33e7a,2024-11-22,08:30:00,10:00:00,29,APROBADA
b8129f02-68f0-5ae9-b902-209d6a408f79,f5e43a2a-032c-562e-837a-ff3c72abffb4,2025-06-26,13:00:00,15:00:00,25,APROBADA
0c5f7da5-bc21-5935-9b92-cb2e5fd7e870,1a0b71d7-4721-5998-bd82-de26b25b5771,2025-06-23,07:30:00,09:00:00,28,APROBADA
55647b64-2e70-58f0-af9c-e7c170b65d0c,0880d439-8834-59c1-bfce-e7f3da722b3f,2025-03-03,19:00:00,21:00:00,34,APROBADA
2f9539ca-e0f1-52a1-bed1-c1f98884cc83,6c814918-8ba0-52cc-9377-6d60b7946f8b,2024-08-16,17:30:00,19:30:00,26,APROBADA
89b520be-53f2-5b70-be00-319e7b43a444,7d424b25-0f98-5f10-b2a8-ed9ddcd33e7a,2024-10-05,15:30:00,16:30:00,30,APROBADA
8b29e907-8073-5f4b-8494-7c5f0155936e,a40fe9f0-87fa-5853-968f-5cedd5939e8a,2025-01-29,19:00:00,22:00:00,32,APROBADA
90e1acbd-fee1-5288-9b31-c09490e99237,1a0b71d7-4721-5998-bd82-de26b25b5771,2024-12-16,15:30:00,17:30:00,26,APROBADA
b6a535c6-eb68-50bf-aafd-aad3e6451c65,eb4139b4-3715-5623-a990-d045271440a9,2024-11-18,09:00:00,10:30:00,29,APROBADA
f403f82f-2616-5526-9be0-6dffaa9062d8,45b00d8f-2f79-52ba-8b17-e7d6ee0b476f,2025-02-09,13:30:00,15:00:00,25,APROBADA
282a02ee-1029-5524-86dc-ec8809646e3d,45b00d8f-2f79-52ba-8b17-e7d6ee0b476f,2024-11-26,08:00:00,11:00:00,35,APROBADA
c3ebb72c-7e1b-5e18-978f-c06406f606eb,6d481120-dab0-50c8-8f1b-33cf911e9573,2025-04-14,11:00:00,12:00:00,25,APROBADA
541b92da-c50d-58e8-afa4-9a8f579569bd,45b00d8f-2f79-52ba-8b17-e7d6ee0b476f,2025-06-17,08:30:00,10:30:00,33,APROBADA
adfe2be6-32a1-51a8-aeca-8c82211a20d8,d76d770e-14c2-5fea-bf8b-28f95250e124,2024-09-01,10:00:00,13:00:00,34,APROBADA
67338e07-52c0-518a-9058-ee8a9b1f19be,1dee66e3-0076-5033-8ba0-70dd67e8aea0,2024-11-16,11:30:00,13:30:00,45,APROBADA
ad712c89-950c-5a1c-8530-c30f358514d5,a22ee2bf-332c-5ac1-ae12-28ce7b0033a1,2025-05-10,13:00:00,14:30:00,34,APROBADA
7407a5cb-01ec-5cc4-ae10-8400c0c3b5d4,05a1191e-b84b-597d-b970-b04889cc30ee,2025-02-02,09:00:00,10:30:00,26,APROBADA
ac6a0ffe-5f52-5f3e-9508-46d016a3862b,706ea773-fd09-5587-a465-302616f9d571,2024-12-21,08:00:00,10:00:00,29,APROBADA
67b6526e-bcf6-55c3-abf8-b03fb35aceb3,1dee66e3-0076-5033-8ba0-70dd67e8aea0,2025-01-23,07:30:00,10:30:00,41,APROBADA
fcc85bc2-c1b4-5879-9a4d-d40e72c22477,d7ce39c6-be5b-537a-ae81-d449a1710ff2,2024-09-06,13:00:00,14:00:00,27,APROBADA
643ac272-632e-5bad-ab9e-346ffe7c835d,b46607fb-d28f-5c06-a3a8-091cb9d995ec,2024-09-29,18:00:00,19:30:00,25,APROBADA
61dcc171-0475-5307-9879-721ee0f0f807,b46607fb-d28f-5c06-a3a8-091cb9d995ec,2024-08-31,11:30:00,14:30:00,27,APROBADA
6d57b332-0041-51e5-8427-69398e267f8f,da1fe6a7-058c-5ad3-a10e-f529804a44b5,2024-12-21,18:00:00,20:00:00,31,APROBADA
2fd14c63-38c9-593d-8471-6f3abf9d0606,6d481120-dab0-50c8-8f1b-33cf911e9573,2025-03-21,11:30:00,12:30:00,37,APROBADA
3829bf95-eede-5069-85e9-25924bcdf6eb,4b4a10f4-36fa-5109-bc5d-14e24370c164,2025-03-05,19:00:00,20:00:00,31,APROBADA
589fd41e-53d9-5868-a7c4-44b68446e313,8fd4b53b-1d49-5307-8a1a-e184999a4434,2024-07-02,12:00:00,13:00:00,34,APROBADA
fe5210a1-96a8-5eec-b119-928bf785ae38,d76d770e-14c2-5fea-bf8b-28f95250e124,2024-07-07,16:30:00,18:00:00,26,APROBADA
8787a656-dfb4-50c5-a6bd-d200d08836c4,1a0b71d7-4721-5998-bd82-de26b25b5771,2025-05-22,17:30:00,20:30:00,26,APROBADA
38fef262-7b54-577f-af0c-aa0b028109ef,1a0b71d7-4721-5998-bd82-de26b25b5771,2024-08-16,08:00:00,09:00:00,35,APROBADA
a15c2e88-7106-5ef4-bc22-0488b45ac615,dd609563-702d-543d-a49a-0ce27a83f234,2025-03-20,10:30:00,13:30:00,32,APROBADA
f60900f1-a189-5f03-87a3-d0251366903e,e5da4cff-29aa-5f05-8532-70f093603e74,2024-08-14,13:00:00,14:30:00,26,APROBADA
9508db63-4f09-5bc5-8a38-df12f22dda9b,0880d439-8834-59c1-bfce-e7f3da722b3f,2025-03-19,18:30:00,20:00:00,26,APROBADA
c722734d-7867-54d3-a287-698bd132ce3f,4b4a10f4-36fa-5109-bc5d-14e24370c164,2024-12-27,09:00:00,10:30:00,28,APROBADA
dacfe507-950f-5eae-8aff-309639cc784e,10225e74-7c22-5384-8cdc-396a168ec651,2024-11-14,09:30:00,11:00:00,32,APROBADA
865be6a4-416d-539f-82d2-3f379e4be91f,7bcb3d0c-2500-5f01-abe8-d24e962af50e,2025-06-15,11:30:00,13:30:00,27,APROBADA
58f1b9c6-5e56-57d7-83a0-773a5c3c0d94,45b00d8f-2f79-52ba-8b17-e7d6ee0b476f,2024-07-20,11:00:00,12:30:00,36,APROBADA
bcfa1e18-bea8-5c61-a17a-1dae2ca136dd,dd609563-702d-543d-a49a-0ce27a83f234,2025-06-26,15:00:00,17:00:00,33,APROBADA
f55b3a49-354b-5c26-8d8e-72b06f0948d7,10225e74-7c22-5384-8cdc-396a168ec651,2025-03-10,18:00:00,19:30:00,36,APROBADA
70852355-0a90-5c8a-8258-5de3747a098a,6c814918-8ba0-52cc-9377-6d60b7946f8b,2024-08-06,07:00:00,09:00:00,31,APROBADA
0760aea0-b48d-52b1-a4dd-a2fd31d1d45a,a40fe9f0-87fa-5853-968f-5cedd5939e8a,2025-01-27,17:00:00,18:30:00,30,APROBADA
65fe2f63-0e47-5b9a-b4a7-ffafb04f22eb,aad269e7-97f7-5e2d-9c43-cf84b49bd847,2024-07-22,18:00:00,20:00:00,27,APROBADA
5beaeb55-e2ed-5386-a8d4-f179244d1ea0,6c814918-8ba0-52cc-9377-6d60b7946f8b,2025-04-19,08:00:00,11:00:00,31,APROBADA
fb8466b2-f09d-5e02-97d2-da92a7709568,0880d439-8834-59c1-bfce-e7f3da722b3f,2024-11-18,16:00:00,18:00:00,37,APROBADA
90e5bfeb-163d-5898-8890-8faef2625d89,706ea773-fd09-5587-a465-302616f9d571,2025-02-06,09:30:00,10:30:00,40,APROBADA
2fa43f11-f0f3-5fd5-8be7-c73141490d69,d056b3a8-8204-507a-b6c1-1f1203a87651,2025-03-03,19:00:00,22:00:00,30,APROBADA
551d7f57-b4a8-5ce9-987c-64f6250aa558,c1489a8f-1dff-511e-b025-5a10261901d7,2025-06-24,11:00:00,14:00:00,26,APROBADA
f0d7bd1c-6439-5008-9a94-e329a69c2444,b8969593-19a7-5a43-84c0-d52e63ac0cb4,2024-11-16,15:30:00,18:30:00,29,APROBADA
c82fbc2d-646f-51f3-8ba4-0d7636fc36f6,d7ce39c6-be5b-537a-ae81-d449a1710ff2,2024-11-28,12:30:00,14:30:00,39,APROBADA
053096ec-53a0-552b-8961-04a86f2d6a41,eb4139b4-3715-5623-a990-d045271440a9,2025-03-20,16:00:00,19:00:00,26,APROBADA
6233d027-1a5f-577f-8724-c5a270c7ef99,da1fe6a7-058c-5ad3-a10e-f529804a44b5,2025-01-04,15:00:00,17:00:00,27,APROBADA
3a277be6-7b8d-5ecd-ae3d-7881ea28156e,2574a671-d58d-5db3-8c9f-2518d8a8d790,2024-12-23,16:00:00,17:30:00,26,APROBADA
3d5b9cb2-0301-51a2-88ff-87639fb65d23,10225e74-7c22-5384-8cdc-396a168ec651,2024-09-20,09:00:00,11:00:00,25,APROBADA
1a2aaf51-31fd-5bdf-9a76-e06ddad2767f,b46607fb-d28f-5c06-a3a8-091cb9d995ec,2024-08-11,10:30:00,12:30:00,39,APROBADA
87a14f7f-32f9-5e41-9c0b-257546277f4f,e5da4cff-29aa-5f05-8532-70f093603e74,2024-10-17,17:00:00,18:30:00,40,APROBADA
dcb38d1b-d359-5fcd-ad63-8fc1998e5f07,8fd4b53b-1d49-5307-8a1a-e184999a4434,2025-03-31,13:30:00,15:00:00,29,APROBADA
9ddd7d8b-c0e3-55eb-94b2-0a7e6991ab9d,8fd4b53b-1d49-5307-8a1a-e184999a4434,2024-09-26,07:30:00,10:30:00,27,APROBADA
5cdce076-00ca-53e6-8d73-a831eeb9f56a,1dee66e3-0076-5033-8ba0-70dd67e8aea0,2024-11-03,09:30:00,11:30:00,43,APROBADA
0cf2c978-c8dc-5df4-8249-aa648643ae69,dd609563-702d-543d-a49a-0ce27a83f234,2025-03-15,12:00:00,15:00:00,27,APROBADA
f9405149-992f-56d4-83ce-4c3a98ec83f1,e5da4cff-29aa-5f05-8532-70f093603e74,2025-04-02,15:30:00,17:30:00,32,APROBADA
3506680f-6bbd-5a13-9832-888547ed1b06,8fd4b53b-1d49-5307-8a1a-e184999a4434,2024-12-07,10:30:00,11:30:00,36,APROBADA
5e28b256-e7c7-5fb7-a878-15d527ba6043,0880d439-8834-59c1-bfce-e7f3da722b3f,2024-10-29,14:30:00,15:30:00,26,APROBADA
015a003a-1218-5ff4-a331-7f91796952ab,6d481120-dab0-50c8-8f1b-33cf911e9573,2025-05-04,09:00:00,12:00:00,41,APROBADA
80cb0c96-32e6-58c2-a49b-2e87ad365720,d7ce39c6-be5b-537a-ae81-d449a1710ff2,2025-05-02,07:00:00,09:00:00,34,APROBADA
16451f82-d4de-5e9c-9565-2ea9bc72929d,da1fe6a7-058c-5ad3-a10e-f529804a44b5,2025-05-05,17:00:00,19:00:00,31,APROBADA
03ba78e2-32be-54e3-9d0a-d41a2d3c2b07,aad269e7-97f7-5e2d-9c43-cf84b49bd847,2025-04-03,19:00:00,20:30:00,27,APROBADA
a7541412-4c3a-5efb-978f-4b631b902073,eb4139b4-3715-5623-a990-d045271440a9,2025-03-27,08:00:00,10:00:00,32,APROBADA
d18379df-7bd0-5689-ba48-9d0e29918e5f,d056b3a8-8204-507a-b6c1-1f1203a87651,2025-02-02,09:00:00,11:00:00,25,APROBADA
f76d1ba8-5359-56d4-99aa-fb2134dcc814,8fd4b53b-1d49-5307-8a1a-e184999a4434,2025-04-14,10:30:00,13:30:00,38,APROBADA
6cd7a9a9-19fa-5cb7-9ee1-1adc49f0c6ea,e5da4cff-29aa-5f05-8532-70f093603e74,2024-12-31,10:30:00,11:30:00,40,APROBADA
85368d45-2f43-5d12-9238-e9361d7919d4,7bcb3d0c-2500-5f01-abe8-d24e962af50e,2025-05-19,18:30:00,21:30:00,26,APROBADA
725e390d-4a18-5213-8c88-028aade46e89,6c814918-8ba0-52cc-9377-6d60b7946f8b,2024-12-20,17:00:00,19:00:00,34,APROBADA
1a6452d5-73ea-5207-aa4a-8a7cb314a974,1dee66e3-0076-5033-8ba0-70dd67e8aea0,2024-08-16,07:30:00,09:00:00,35,APROBADA
f75612a5-2a87-512e-b0b0-b2e267d32bc5,05a1191e-b84b-597d-b970-b04889cc30ee,2025-03-28,17:30:00,20:30:00,28,APROBADA
4c1a0790-7403-514d-aa1f-a271d4c576ca,a22ee2bf-332c-5ac1-ae12-28ce7b0033a1,2025-06-02,10:00:00,13:00:00,33,APROBADA
0e3cf33e-9805-5e3a-a9f2-7cd119c07cf8,10225e74-7c22-5384-8cdc-396a168ec651,2025-01-28,10:30:00,13:30:00,35,APROBADA
0c8474ab-26ab-57fb-b41f-ba4aae14535d,4b4a10f4-36fa-5109-bc5d-14e24370c164,2024-09-15,13:30:00,15:00:00,30,APROBADA
43127591-f55f-508f-af61-4a01e641a98c,1a0b71d7-4721-5998-bd82-de26b25b5771,2024-12-18,11:30:00,14:30:00,36,APROBADA
a09b5aae-4d3f-5156-9aa5-f17588b0b19d,da1fe6a7-058c-5ad3-a10e-f529804a44b5,2024-10-01,11:00:00,12:30:00,30,APROBADA
421d09e3-5c51-5dc6-bad9-3204f968eb03,1a0b71d7-4721-5998-bd82-de26b25b5771,2025-05-15,09:30:00,12:30:00,29,APROBADA
3f476b75-7c5d-5b21-9ebe-cf4ee60c952d,0880d439-8834-59c1-bfce-e7f3da722b3f,2025-04-01,19:00:00,21:00:00,28,APROBADA
4d199b41-d160-5099-8fc1-48cb6177bb51,d76d770e-14c2-5fea-bf8b-28f95250e124,2024-09-16,15:30:00,17:00:00,36,APROBADA
b6be690a-e71f-55f3-b726-a18ad32884a2,45b00d8f-2f79-52ba-8b17-e7d6ee0b476f,2025-03-12,11:30:00,14:30:00,31,APROBADA
a87a15c8-62a1-5c84-9499-764d6b832589,d7ce39c6-be5b-537a-ae81-d449a1710ff2,2025-05-26,13:00:00,16:00:00,43,APROBADA
c0e6dcf2-827d-5aed-b482-825c6c7d5995,23c254ed-4635-5cec-baa9-656efa7fd130,2024-10-19,13:00:00,16:00:00,32,APROBADA
87610c96-2f80-506a-a778-7bc6c9ba0743,6903b35b-c2a6-5770-98e5-743c2bc06b45,2025-02-16,09:00:00,12:00:00,29,APROBADA
e422b2a4-b579-5ea3-afd9-15318ad60f40,4b4a10f4-36fa-5109-bc5d-14e24370c164,2025-01-21,07:30:00,09:30:00,30,APROBADA
83249b14-6efc-5afb-9d6c-ccc5d1aa2f49,1a0b71d7-4721-5998-bd82-de26b25b5771,2024-07-14,08:30:00,09:30:00,28,APROBADA
c90d8a98-8a18-51f3-b611-336a0e8ec31a,1dee66e3-0076-5033-8ba0-70dd67e8aea0,2025-03-24,11:30:00,12:30:00,39,APROBADA
cef9959c-0b67-536f-a5d5-605f5bad97b9,2574a671-d58d-5db3-8c9f-2518d8a8d790,2025-01-16,17:30:00,20:30:00,29,APROBADA
919556c9-a5b4-526a-b97b-c25aca46566b,8fd4b53b-1d49-5307-8a1a-e184999a4434,2024-09-18,09:00:00,10:00:00,28,APROBADA
caa64e09-74ec-5ef7-baaf-9a31ecb61282,f5e43a2a-032c-562e-837a-ff3c72abffb4,2025-03-28,07:00:00,08:00:00,26,APROBADA
590dcb8a-5553-5183-8037-465828eeef59,1a0b71d7-4721-5998-bd82-de26b25b5771,2024-07-23,15:00:00,17:00:00,42,APROBADA
6f488378-5d89-53d6-b6e2-c19237d01a64,05a1191e-b84b-597d-b970-b04889cc30ee,2025-02-16,07:30:00,10:30:00,27,APROBADA
2e36b748-c6b0-57c2-a093-d57680d46876,b46607fb-d28f-5c06-a3a8-091cb9d995ec,2025-03-09,10:00:00,13:00:00,27,APROBADA
2467d4c5-9637-5b51-8a46-d62534204855,eb4139b4-3715-5623-a990-d045271440a9,2024-07-02,09:00:00,10:30:00,32,APROBADA
3c886c97-d102-5640-9954-15898f7901ac,10225e74-7c22-5384-8cdc-396a168ec651,2025-05-13,10:00:00,11:00:00,31,APROBADA
2bd46c79-81f5-59b7-9dc4-3a6caee0a3c4,aad269e7-97f7-5e2d-9c43-cf84b49bd847,2024-07-09,09:00:00,10:30:00,28,APROBADA
f01a6720-ff5e-53ba-a2dd-aa22f869f630,eb4139b4-3715-5623-a990-d045271440a9,2024-07-05,18:30:00,21:30:00,30,APROBADA
79745266-4a99-5774-90eb-6e7c3a45bbf3,706ea773-fd09-5587-a465-302616f9d571,2025-04-25,15:00:00,17:00:00,33,APROBADA
dfd6af36-35e2-5ccd-a976-0b22954fa245,05a1191e-b84b-597d-b970-b04889cc30ee,2025-04-30,19:00:00,20:30:00,28,APROBADA
5821e8a0-511a-5795-b60c-acf79afea719,1a0b71d7-4721-5998-bd82-de26b25b5771,2025-04-10,13:00:00,14:00:00,36,APROBADA
5c4e63bc-7cbe-5917-8518-49fb6fa667ba,0880d439-8834-59c1-bfce-e7f3da722b3f,2025-03-30,12:00:00,15:00:00,43,APROBADA
01376827-db91-53e7-8419-485cbd868df8,b8969593-19a7-5a43-84c0-d52e63ac0cb4,2024-09-15,09:30:00,11:00:00,27,APROBADA
a5156b6c-8089-5950-9a93-6133d4b7ca9d,dd609563-702d-543d-a49a-0ce27a83f234,2024-08-23,13:30:00,15:00:00,25,APROBADA
4d89ed28-c00c-5c24-ad6f-7c5cf419370f,6d481120-dab0-50c8-8f1b-33cf911e9573,2025-05-12,16:30:00,18:00:00,33,APROBADA
189e55b7-16db-573f-a1a5-fdc784d7b2c8,d056b3a8-8204-507a-b6c1-1f1203a87651,2024-12-10,07:30:00,08:30:00,26,APROBADA
1f5deec0-6cdd-5d37-a0dc-41babc952e32,aad269e7-97f7-5e2d-9c43-cf84b49bd847,2025-02-10,19:00:00,20:30:00,28,APROBADA
83a3e2e3-8dc1-530a-866e-6501613e6d37,706ea773-fd09-5587-a465-302616f9d571,2024-07-23,09:00:00,12:00:00,26,APROBADA
5675b5dc-3480-5ee3-a8af-a8dea7812eb2,c1489a8f-1dff-511e-b025-5a10261901d7,2025-01-16,14:30:00,15:30:00,25,APROBADA
862b61eb-90be-5cc5-acb7-7b0a0a02fe30,45b00d8f-2f79-52ba-8b17-e7d6ee0b476f,2025-02-25,13:30:00,16:30:00,33,APROBADA
46f1961c-bb98-5d46-ac09-708d44a04591,b8969593-19a7-5a43-84c0-d52e63ac0cb4,2024-12-02,09:30:00,11:00:00,25,APROBADA
b35fda8b-a668-5b4f-9e5f-a50407d922c0,ef815f08-b586-5f03-964a-a08004eaebf3,2024-08-08,07:30:00,09:30:00,30,APROBADA
e340aa9b-93d8-5d79-ac73-22f82c374d74,10225e74-7c22-5384-8cdc-396a168ec651,2024-09-14,08:30:00,10:30:00,27,APROBADA
674ace19-e161-5218-a787-1dd2d7e07f4f,7d424b25-0f98-5f10-b2a8-ed9ddcd33e7a,2025-03-08,09:00:00,12:00:00,37,APROBADA
34504608-f44c-5c19-9caa-8e79709bd4f9,6c814918-8ba0-52cc-9377-6d60b7946f8b,2024-09-16,13:00:00,16:00:00,38,APROBADA
9f86a8ed-a95a-546f-94c1-4a7a6f26c73f,706ea773-fd09-5587-a465-302616f9d571,2025-01-27,09:00:00,10:30:00,34,APROBADA
d15bc6fd-c095-55aa-a641-b9173c6ab487,10225e74-7c22-5384-8cdc-396a168ec651,2025-03-24,19:00:00,20:00:00,36,APROBADA
5e0c9cd5-e0ea-50ad-8a51-fe609552751d,6c814918-8ba0-52cc-9377-6d60b7946f8b,2025-04-11,14:30:00,17:30:00,26,APROBADA
ee025e65-2fa2-5093-84ca-435979740d6f,b46607fb-d28f-5c06-a3a8-091cb9d995ec,2024-11-19,10:30:00,13:30:00,26,APROBADA
f025d57d-5831-546a-9bdb-6c508f461b48,d76d770e-14c2-5fea-bf8b-28f95250e124,2025-05-18,19:00:00,22:00:00,38,APROBADA
4284277c-9af1-589f-8404-f0949b1a7c6f,2574a671-d58d-5db3-8c9f-2518d8a8d790,2025-02-28,18:00:00,19:00:00,34,APROBADA
f0feedad-9e06-5524-a0f0-58dfa69920d7,05a1191e-b84b-597d-b970-b04889cc30ee,2025-03-25,14:30:00,17:30:00,27,APROBADA
8b8f2892-6e19-5be6-a6f6-fdb67d214d35,6c814918-8ba0-52cc-9377-6d60b7946f8b,2024-07-03,07:30:00,09:00:00,27,APROBADA
06b670bf-1220-5ecd-9e37-7944e2e905c2,ef815f08-b586-5f03-964a-a08004eaebf3,2025-03-08,12:30:00,15:30:00,33,APROBADA
472e10f1-a207-5e61-80b4-2af902c00d86,2574a671-d58d-5db3-8c9f-2518d8a8d790,2024-08-26,07:00:00,08:00:00,27,APROBADA
75254d0f-f03d-5c83-b187-acee6472dbd9,a40fe9f0-87fa-5853-968f-5cedd5939e8a,2024-07-10,12:30:00,13:30:00,29,APROBADA
75f2863d-5536-5163-920f-9315f63a3077,1dee66e3-0076-5033-8ba0-70dd67e8aea0,2024-07-03,14:30:00,15:30:00,44,APROBADA
4dfd8b68-517b-5af8-84f9-39f1717bb087,8fd4b53b-1d49-5307-8a1a-e184999a4434,2024-09-22,13:00:00,16:00:00,30,APROBADA
86627a77-70b3-5d7e-b2a2-92d23b496853,10225e74-7c22-5384-8cdc-396a168ec651,2024-07-14,09:00:00,10:00:00,33,APROBADA
03ce3246-7bfd-5a9c-9aa9-44a9aa535bfc,dd609563-702d-543d-a49a-0ce27a83f234,2024-10-11,19:00:00,22:00:00,32,APROBADA
00507646-5b8c-58dd-828e-c77185a4e2a6,6903b35b-c2a6-5770-98e5-743c2bc06b45,2024-10-02,14:30:00,16:30:00,26,APROBADA
21d85596-196b-51e6-9999-353692bb0c0d,7d424b25-0f98-5f10-b2a8-ed9ddcd33e7a,2025-03-16,07:30:00,08:30:00,25,APROBADA
879288d0-7e59-5d1f-b219-3c91bdef6473,7d424b25-0f98-5f10-b2a8-ed9ddcd33e7a,2025-02-01,10:00:00,11:00:00,27,APROBADA
c2b3c8fe-d043-5f0b-9ad9-3fb0f15de476,4b4a10f4-36fa-5109-bc5d-14e24370c164,2024-12-06,07:00:00,08:30:00,27,APROBADA
636f1ffd-c2a7-5917-ad2d-b22e40419453,da1fe6a7-058c-5ad3-a10e-f529804a44b5,2024-07-26,14:30:00,17:30:00,34,APROBADA
042e1224-42d8-5a0c-aed8-dee90e49e8b6,da1fe6a7-058c-5ad3-a10e-f529804a44b5,2024-07-29,08:30:00,10:30:00,26,APROBADA
9598612c-4592-5c8e-bc4e-a275e37c4a8b,6903b35b-c2a6-5770-98e5-743c2bc06b45,2025-03-15,14:00:00,15:00:00,31,APROBADA
131a9092-de81-54bd-9f98-e8d1d452d6a5,eb4139b4-3715-5623-a990-d045271440a9,2024-12-03,19:00:00,21:00:00,32,APROBADA
5c5e7ed9-188c-5fe9-a8dc-6cd0f0f5f6c0,6d481120-dab0-50c8-8f1b-33cf911e9573,2024-12-29,19:00:00,20:00:00,29,APROBADA
449817df-40ad-5265-a4f1-7c9873f69f1b,b46607fb-d28f-5c06-a3a8-091cb9d995ec,2024-08-30,11:00:00,12:30:00,33,APROBADA
31d06590-3438-5888-a34a-77c6837e8789,1a0b71d7-4721-5998-bd82-de26b25b5771,2025-02-14,09:30:00,10:30:00,32,APROBADA
30e04758-c8ed-578d-85a8-ed6abca4ecbb,1dee66e3-0076-5033-8ba0-70dd67e8aea0,2024-12-31,07:30:00,09:00:00,39,APROBADA
7bbb348c-db3a-5acd-9ef0-a2fdf8b52255,e5da4cff-29aa-5f05-8532-70f093603e74,2025-06-02,13:00:00,16:00:00,32,APROBADA
34bab9a6-7168-57ea-a6b3-9dfdc553a1c0,c1489a8f-1dff-511e-b025-5a10261901d7,2025-01-09,12:00:00,13:30:00,26,APROBADA
9398925c-8883-5b7c-9c61-3f0ffc224195,706ea773-fd09-5587-a465-302616f9d571,2024-11-10,11:30:00,14:30:00,31,APROBADA
4eae6f25-0aaf-52ca-9bfd-d156f11e986c,10225e74-7c22-5384-8cdc-396a168ec651,2025-05-07,16:00:00,18:00:00,33,APROBADA
d159eeea-f1ea-5e38-ad69-54ff38a680a1,8fd4b53b-1d49-5307-8a1a-e184999a4434,2024-10-01,14:00:00,15:30:00,29,APROBADA
af9cdd57-3b3d-5e93-86ff-269e383c4454,45b00d8f-2f79-52ba-8b17-e7d6ee0b476f,2025-01-24,07:00:00,08:30:00,34,APROBADA
1f24922f-5c85-514f-985f-87030753a0c1,1dee66e3-0076-5033-8ba0-70dd67e8aea0,2024-10-27,07:30:00,09:00:00,27,APROBADA
4c957090-ea49-567c-a420-ca93f3a5c7ce,a22ee2bf-332c-5ac1-ae12-28ce7b0033a1,2025-01-12,15:30:00,16:30:00,35,APROBADA
4792fd3f-5bca-5628-8bfd-e1da5fb9662e,da1fe6a7-058c-5ad3-a10e-f529804a44b5,2024-10-03,18:00:00,19:00:00,28,APROBADA
5e735da0-c785-52e3-ab78-3b17dd4588ff,d7ce39c6-be5b-537a-ae81-d449a1710ff2,2024-09-19,14:00:00,15:30:00,35,APROBADA
adf172a0-5c3c-5eb1-a9fe-fe4b6715c909,4b4a10f4-36fa-5109-bc5d-14e24370c164,2025-06-09,12:00:00,14:00:00,30,APROBADA
05ffc702-c035-5660-8437-7a9964254cd1,1a0b71d7-4721-5998-bd82-de26b25b5771,2024-10-22,15:00:00,17:00:00,39,APROBADA
2142b703-4e65-5b6c-b340-f6337001157d,d056b3a8-8204-507a-b6c1-1f1203a87651,2024-08-11,12:00:00,15:00:00,28,APROBADA
81ef0a67-3a47-5deb-81bc-fddfbb81b237,b46607fb-d28f-5c06-a3a8-091cb9d995ec,2025-03-13,19:00:00,21:00:00,39,APROBADA
d0a7c8f1-091c-52cd-854b-d576f8460f76,a22ee2bf-332c-5ac1-ae12-28ce7b0033a1,2025-06-12,12:00:00,14:00:00,29,APROBADA
3236e0e0-b9ad-5efd-9e9b-09a246dd3552,05a1191e-b84b-597d-b970-b04889cc30ee,2024-11-25,17:00:00,19:00:00,36,APROBADA
2bb2a3d0-17dc-593f-8f8f-8e18ef7bba22,d76d770e-14c2-5fea-bf8b-28f95250e124,2024-09-22,18:30:00,21:30:00,25,APROBADA
2da64d0e-a352-5623-8796-bc4e34bd42b1,45b00d8f-2f79-52ba-8b17-e7d6ee0b476f,2025-04-20,09:30:00,10:30:00,30,APROBADA
9f72be7c-7c22-5f25-bfbe-6574867a3116,ef815f08-b586-5f03-964a-a08004eaebf3,2025-04-06,18:30:00,21:30:00,33,APROBADA
0df2e658-c78e-593b-8dfe-274c7e029f37,d76d770e-14c2-5fea-bf8b-28f95250e124,2025-01-04,12:30:00,13:30:00,34,APROBADA
1f9547d7-642d-5639-b49c-e8f56f0b1696,706ea773-fd09-5587-a465-302616f9d571,2024-12-29,16:00:00,17:00:00,37,APROBADA
0c0fa4fd-8d66-59f7-b8ca-9bd91e33d00b,4b4a10f4-36fa-5109-bc5d-14e24370c164,2025-06-22,11:00:00,12:30:00,28,APROBADA
6f2fa9c3-e364-5b36-8638-e6871ceb32a9,6c814918-8ba0-52cc-9377-6d60b7946f8b,2024-07-23,12:00:00,14:00:00,38,APROBADA
b0f6c1d6-9930-5bd4-a1e2-a4b42a362552,d7ce39c6-be5b-537a-ae81-d449a1710ff2,2024-12-28,14:00:00,15:30:00,28,APROBADA
666914dc-7819-5fba-a0a2-79883533fa45,0880d439-8834-59c1-bfce-e7f3da722b3f,2025-06-30,09:30:00,12:30:00,39,APROBADA
c1cbb58b-27d8-5eaa-bce0-3eb20acd8962,d7ce39c6-be5b-537a-ae81-d449a1710ff2,2024-08-09,07:30:00,08:30:00,28,APROBADA
8658dafd-751b-53a2-80f4-c914832ebc02,f5e43a2a-032c-562e-837a-ff3c72abffb4,2025-01-27,12:00:00,14:00:00,25,APROBADA
846922fe-6e7f-5622-bc69-ab9392c5e64a,6d481120-dab0-50c8-8f1b-33cf911e9573,2024-11-04,14:00:00,16:00:00,37,APROBADA
b51da912-cb31-51fd-911f-4615b4d9473b,1dee66e3-0076-5033-8ba0-70dd67e8aea0,2024-08-30,14:30:00,17:30:00,37,APROBADA
76f1e389-6666-5a2a-95f6-cd16996d0392,dd609563-702d-543d-a49a-0ce27a83f234,2024-12-06,07:00:00,10:00:00,36,APROBADA
da7480f1-0de8-5488-9571-db7cf2334609,aad269e7-97f7-5e2d-9c43-cf84b49bd847,2024-11-14,18:00:00,19:00:00,27,APROBADA
9fa6c1ea-de5a-5f3f-95e4-f1e730f67244,45b00d8f-2f79-52ba-8b17-e7d6ee0b476f,2024-07-12,13:00:00,14:00:00,33,APROBADA
7b750bfd-4422-5323-8df7-1e8605a2fbf5,da1fe6a7-058c-5ad3-a10e-f529804a44b5,2024-12-12,08:00:00,11:00:00,29,APROBADA
fa0eab68-2d6e-527b-93be-f215845c601e,0880d439-8834-59c1-bfce-e7f3da722b3f,2025-03-19,10:00:00,12:00:00,37,APROBADA
bc3a5344-7000-5b31-95bf-bf623b88c711,2574a671-d58d-5db3-8c9f-2518d8a8d790,2024-08-03,17:30:00,18:30:00,40,APROBADA
db750a51-2754-55aa-a817-1b3763033e12,23c254ed-4635-5cec-baa9-656efa7fd130,2024-08-01,18:30:00,20:00:00,31,APROBADA
e656e9fa-7a8d-5da6-bbc3-ab771b79373a,45b00d8f-2f79-52ba-8b17-e7d6ee0b476f,2025-06-12,11:30:00,13:00:00,35,APROBADA
da10fa99-cdae-5e16-a747-44336dbc5dba,1dee66e3-0076-5033-8ba0-70dd67e8aea0,2025-01-21,08:00:00,10:00:00,39,APROBADA
014533f8-5498-5563-b185-9d2ffacf4ba8,da1fe6a7-058c-5ad3-a10e-f529804a44b5,2024-12-12,07:30:00,08:30:00,29,APROBADA
f95ab6cf-3d2a-586b-a133-80a49ff9851f,706ea773-fd09-5587-a465-302616f9d571,2025-01-17,17:00:00,18:30:00,38,APROBADA
22cdcd5a-b379-54a6-939a-d9470b4f580c,1dee66e3-0076-5033-8ba0-70dd67e8aea0,2025-05-11,14:00:00,17:00:00,26,APROBADA
8d884c13-86b2-50d1-b6de-98b323af7ff3,eb4139b4-3715-5623-a990-d045271440a9,2025-04-29,16:00:00,19:00:00,32,APROBADA
389b267d-fd8a-5187-aed7-ef963ec59121,4b4a10f4-36fa-5109-bc5d-14e24370c164,2025-01-29,18:30:00,20:00:00,29,APROBADA
c3ddc6de-3c94-5ac2-98b9-2a05df5caae9,c1489a8f-1dff-511e-b025-5a10261901d7,2025-04-02,14:30:00,16:00:00,28,APROBADA
9c83d6d9-ad33-5e7f-87b2-4aeb45add34b,4b4a10f4-36fa-5109-bc5d-14e24370c164,2025-05-13,13:30:00,15:00:00,26,APROBADA
b4183e56-fc64-5eb7-8ea3-3c5db84c3070,d7ce39c6-be5b-537a-ae81-d449a1710ff2,2024-10-10,19:00:00,22:00:00,29,APROBADA
e37dc044-85d9-5a1e-8c56-8ec8cddf61f9,0880d439-8834-59c1-bfce-e7f3da722b3f,2024-08-19,12:30:00,14:00:00,33,APROBADA
740c8282-6827-58ff-adcc-3120952d4790,6c814918-8ba0-52cc-9377-6d60b7946f8b,2024-08-24,17:30:00,19:30:00,28,APROBADA
14c8dbba-db6a-58b2-b966-29435e5ba6fb,6903b35b-c2a6-5770-98e5-743c2bc06b45,2024-12-19,15:00:00,18:00:00,28,APROBADA
66b42765-6401-5557-b5a9-94d770a95fcc,8fd4b53b-1d49-5307-8a1a-e184999a4434,2025-02-13,07:00:00,08:00:00,29,APROBADA
bac704db-5542-50a4-9fa4-a5678111bec5,dd609563-702d-543d-a49a-0ce27a83f234,2024-07-12,08:30:00,11:30:00,27,APROBADA
511230dd-caa7-53f5-940a-088a4a48704f,6903b35b-c2a6-5770-98e5-743c2bc06b45,2025-05-24,11:00:00,14:00:00,29,APROBADA
8e6d7d1b-803f-509c-8e1a-8d90b2caa572,ef815f08-b586-5f03-964a-a08004eaebf3,2025-06-22,14:00:00,15:00:00,28,APROBADA
3ccde2dc-3512-5635-8643-3870b2b961ac,1a0b71d7-4721-5998-bd82-de26b25b5771,2025-01-06,11:30:00,14:30:00,32,APROBADA
fb9e33de-8dff-565c-a899-580612129f97,10225e74-7c22-5384-8cdc-396a168ec651,2025-06-20,08:30:00,10:00:00,32,APROBADA
e150e1d2-bac2-5695-a957-0e3353975718,b8969593-19a7-5a43-84c0-d52e63ac0cb4,2024-08-23,15:00:00,17:00:00,26,APROBADA
16b8943c-4c3f-5969-99e7-089f715eb380,c1489a8f-1dff-511e-b025-5a10261901d7,2025-02-09,07:30:00,08:30:00,29,APROBADA
e2669e6b-ebba-586b-925d-9f1f86ff6415,1a0b71d7-4721-5998-bd82-de26b25b5771,2024-10-19,14:00:00,15:30:00,36,APROBADA
5f56aca9-1014-52cf-9ea8-9d7deabf56f0,ef815f08-b586-5f03-964a-a08004eaebf3,2024-10-08,18:30:00,19:30:00,35,APROBADA
bef1ef92-08bb-532a-b7a2-96611147b504,7bcb3d0c-2500-5f01-abe8-d24e962af50e,2025-01-11,09:00:00,12:00:00,26,APROBADA
5084fef6-611b-5a59-9fea-726e024fc117,d7ce39c6-be5b-537a-ae81-d449a1710ff2,2024-12-07,13:30:00,14:30:00,30,APROBADA
5bb4247e-fa87-58a9-b53f-e713d3c6e17f,dd609563-702d-543d-a49a-0ce27a83f234,2024-07-04,13:00:00,14:00:00,33,APROBADA
67754ae0-d441-509c-b4b1-fba9678a929f,4b4a10f4-36fa-5109-bc5d-14e24370c164,2024-12-30,08:00:00,10:00:00,29,APROBADA
61322937-a6eb-52ba-8b0c-028d108e42d3,7bcb3d0c-2500-5f01-abe8-d24e962af50e,2025-03-09,08:00:00,09:00:00,32,APROBADA
42aa8211-cbe5-58f6-b818-6e41e742bbec,dd609563-702d-543d-a49a-0ce27a83f234,2024-11-21,12:30:00,13:30:00,40,APROBADA
66c64675-986c-5946-874d-b865d897a561,6d481120-dab0-50c8-8f1b-33cf911e9573,2025-03-16,16:00:00,18:00:00,41,APROBADA
2ace560d-1f93-5b11-b992-4e091f174b38,d7ce39c6-be5b-537a-ae81-d449a1710ff2,2024-11-23,09:30:00,11:00:00,37,APROBADA
f706ce7e-657b-5168-8466-7e1f02ba5bba,706ea773-fd09-5587-a465-302616f9d571,2025-02-07,15:30:00,17:30:00,35,APROBADA
d793d5df-c7d6-5b63-9d8e-89d3c87d3a65,6c814918-8ba0-52cc-9377-6d60b7946f8b,2025-03-03,12:00:00,15:00:00,31,APROBADA
66a7bce9-39e4-568c-b27b-817edaa7475d,8fd4b53b-1d49-5307-8a1a-e184999a4434,2025-02-25,13:00:00,14:00:00,39,APROBADA
d24685d3-a5f8-5701-912b-c18f204f4737,1dee66e3-0076-5033-8ba0-70dd67e8aea0,2025-03-25,08:00:00,11:00:00,32,APROBADA
ad50dbe6-c0d6-54c1-bfc8-dfa145bee630,da1fe6a7-058c-5ad3-a10e-f529804a44b5,2025-04-22,11:00:00,13:00:00,28,APROBADA
4e50b865-fcd6-5e98-a449-34612a67398b,7d424b25-0f98-5f10-b2a8-ed9ddcd33e7a,2024-12-24,08:00:00,10:00:00,31,APROBADA
9b454483-6d4c-5f93-a6c1-4448beb860e2,b8969593-19a7-5a43-84c0-d52e63ac0cb4,2025-06-20,11:30:00,13:00:00,26,APROBADA
72d94871-eb8c-5408-8d13-5fc72afbc5cd,d76d770e-14c2-5fea-bf8b-28f95250e124,2024-09-14,17:30:00,18:30:00,29,APROBADA
